pde,method,train_view,test_view,matched,n,raw_mean,released_index_mean,observed_common_mean,hidden_common_mean,hidden_only_mean,projected_mean,observed_squared_error_share,observed_fraction_mean
darcy,cno,block_observed_50pct,block_observed_50pct,True,200,0.1480030470773312,0.1480030470773312,0.02055590055881608,0.14616770345476865,0.19376992133194648,0.14616770345476865,0.01688777064774039,0.505615234375
darcy,cno,block_observed_50pct,boundary_band_50pct,False,200,0.13647502738972983,0.13647502738972983,0.019086114368187985,0.13483327765098466,0.15977742206337786,0.13483327765098466,0.016919206463527015,0.505615234375
darcy,cno,block_observed_50pct,clustered_50pct,False,200,0.2600148280599132,0.2600148280599132,0.08695869408946744,0.24267892079953193,0.37365528122069114,0.24267892079953193,0.10766446511644218,0.5
darcy,cno,block_observed_50pct,horizontal_lines_50pct,False,200,0.3751189607520478,0.3751189607520478,0.2636349650019959,0.2666560579320963,0.3765325432605119,0.2666560579320963,0.49531793890901693,0.5
darcy,cno,block_observed_50pct,line_sensors_50pct,False,200,0.39010955752559634,0.39010955752559634,0.27282056307917435,0.27870015845114243,0.3942471673193921,0.27870015845114243,0.4905699901628079,0.505615234375
darcy,cno,block_observed_50pct,random_50pct,False,200,0.4848227220189053,0.48482272201890525,0.34209288787433745,0.3435441959286561,0.48574242652827515,0.3435441959286561,0.4977680047516639,0.5
darcy,cno,block_observed_50pct,random_65pct,False,200,0.5729685409522048,0.5729685409522048,0.46046625368172733,0.3409679288852851,0.5763938268276363,0.3409679288852851,0.6454741429515553,0.6500244140625
darcy,cno,block_observed_50pct,random_80pct,False,200,0.6264167861359992,0.626416786135999,0.55899407039296,0.2826974781060443,0.6318022544576047,0.2826974781060443,0.7960208054040129,0.79998779296875
darcy,cno,block_observed_50pct,vertical_lines_50pct,False,200,0.3700841645167578,0.37008416451675785,0.25399527318620146,0.26896089028573633,0.3818822547114225,0.26896089028573633,0.4732562455959465,0.5
darcy,cno,boundary_band_50pct,block_observed_50pct,False,200,0.35325462297895216,0.35325462297895205,0.09103945544471337,0.3371078996349846,0.4556463505012644,0.3371078996349846,0.08551969699458362,0.505615234375
darcy,cno,boundary_band_50pct,boundary_band_50pct,True,200,0.08338391649961813,0.08338391649961814,0.024737577091902555,0.07829603429448204,0.09264265694235191,0.07829603429448204,0.06753730944774175,0.505615234375
darcy,cno,boundary_band_50pct,clustered_50pct,False,200,0.7178107039760843,0.7178107039760843,0.324070321610128,0.630263271671516,1.0457503535098498,0.630263271671516,0.20088981922312038,0.5
darcy,cno,boundary_band_50pct,horizontal_lines_50pct,False,200,0.7595868259721064,0.7595868259721064,0.5184708284239117,0.5534179819706199,0.7842548658603006,0.5534179819706199,0.46943070419595606,0.5
darcy,cno,boundary_band_50pct,line_sensors_50pct,False,200,0.7049693028072831,0.7049693028072831,0.4774135558506509,0.5177413080631702,0.7338215644675371,0.5177413080631702,0.46110656057606086,0.505615234375
darcy,cno,boundary_band_50pct,random_50pct,False,200,0.6851361084315313,0.6851361084315315,0.4766106807373667,0.49208484107556333,0.6958582639446572,0.49208484107556333,0.48437519503157694,0.5
darcy,cno,boundary_band_50pct,random_65pct,False,200,0.6880472717393143,0.6880472717393143,0.5461580620748002,0.41832779653321905,0.707056752288244,0.41832779653321905,0.6291512484053966,0.6500244140625
darcy,cno,boundary_band_50pct,random_80pct,False,200,0.8001385866944716,0.8001385866944716,0.7092644489963276,0.37002020418853554,0.8263760710994713,0.37002020418853554,0.7853291651266395,0.79998779296875
darcy,cno,boundary_band_50pct,vertical_lines_50pct,False,200,0.7119219109139329,0.711921910913933,0.47657633265554017,0.5276313589596581,0.7497072260935009,0.5276313589596581,0.4514958297594895,0.5
darcy,cno,clustered_50pct,block_observed_50pct,False,200,0.2872888031292429,0.2872888031292428,0.04098853846477948,0.28397500305324397,0.38281791548742683,0.28397500305324397,0.01770986798902857,0.505615234375
darcy,cno,clustered_50pct,boundary_band_50pct,False,200,0.3617576285935181,0.3617576285935181,0.04571359325290619,0.35859847379371024,0.4302551957409605,0.35859847379371024,0.014531955521536218,0.505615234375
darcy,cno,clustered_50pct,clustered_50pct,True,200,0.10784200044504681,0.10784200044504681,0.016452416253530312,0.10597426067752233,0.16167838515539326,0.10597426067752233,0.015925891148442305,0.5
darcy,cno,clustered_50pct,horizontal_lines_50pct,False,200,0.0692087882332151,0.0692087882332151,0.04342514835764119,0.053701470445699916,0.0758757089720432,0.053701470445699916,0.38948337579634834,0.5
darcy,cno,clustered_50pct,line_sensors_50pct,False,200,0.07330607844963027,0.07330607844963027,0.047009230541505576,0.056147513730336905,0.07939749845360522,0.056147513730336905,0.4108888530927324,0.505615234375
darcy,cno,clustered_50pct,random_50pct,False,200,0.06830002847467566,0.06830002847467566,0.04765358848272658,0.048923703448618,0.0691844517444507,0.048923703448618,0.48646367681835107,0.5
darcy,cno,clustered_50pct,random_65pct,False,200,0.0840408286461518,0.0840408286461518,0.0671951660863965,0.05046849274408767,0.08531587835266702,0.05046849274408767,0.6391878314754215,0.6500244140625
darcy,cno,clustered_50pct,random_80pct,False,200,0.10140401084553456,0.10140401084553456,0.09027415366428895,0.04618106029044743,0.10319719882154076,0.04618106029044743,0.7925931789875423,0.79998779296875
darcy,cno,clustered_50pct,vertical_lines_50pct,False,200,0.07779166758446145,0.07779166758446143,0.04921375587564378,0.06005254819272751,0.08522441522550978,0.06005254819272751,0.3993802468202391,0.5
darcy,cno,horizontal_lines_50pct,block_observed_50pct,False,200,0.5467988919062189,0.5467988919062189,0.07995904869156725,0.5402070856572324,0.7095827909411975,0.5402070856572324,0.021123724848846864,0.505615234375
darcy,cno,horizontal_lines_50pct,boundary_band_50pct,False,200,0.5891264079750864,0.5891264079750864,0.08237385859985313,0.5830432001793965,0.6907873526536757,0.5830432001793965,0.020005106030235184,0.505615234375
darcy,cno,horizontal_lines_50pct,clustered_50pct,False,200,0.38125119324304485,0.38125119324304485,0.05314105978193836,0.37640802159129316,0.5679060800012223,0.37640802159129316,0.016512348648049183,0.5
darcy,cno,horizontal_lines_50pct,horizontal_lines_50pct,True,200,0.01317007193588853,0.01317007193588853,0.008843673526663175,0.00942923788979944,0.013295532232717878,0.00942923788979944,0.4082671286337523,0.5
darcy,cno,horizontal_lines_50pct,line_sensors_50pct,False,200,0.123251926426063,0.12325192642606299,0.07136050758204798,0.10034396094695536,0.1419467487820221,0.10034396094695536,0.33559493561849274,0.505615234375
darcy,cno,horizontal_lines_50pct,random_50pct,False,200,0.05964730840860537,0.05964730840860538,0.04094970933124539,0.0433683266308296,0.061322350074491515,0.0433683266308296,0.47137043024577047,0.5
darcy,cno,horizontal_lines_50pct,random_65pct,False,200,0.9304475944028034,0.9304475944028034,0.7496511369229626,0.5511071205663604,0.9316983211745092,0.5511071205663604,0.6491584634465832,0.6500244140625
darcy,cno,horizontal_lines_50pct,random_80pct,False,200,0.9577329606643814,0.9577329606643814,0.8554720950250564,0.43054977323598753,0.9619803649807517,0.43054977323598753,0.7975663779526153,0.79998779296875
darcy,cno,horizontal_lines_50pct,vertical_lines_50pct,False,200,0.19231615156665124,0.19231615156665124,0.11379290808470083,0.1545634497472937,0.21959417118240995,0.1545634497472937,0.3515398869635545,0.5
darcy,cno,line_sensors_50pct,block_observed_50pct,False,200,0.5749125379137652,0.5749125379137652,0.19272843819534718,0.5396919401860208,0.7121038324539068,0.5396919401860208,0.11240413011836563,0.505615234375
darcy,cno,line_sensors_50pct,boundary_band_50pct,False,200,0.6127184825563294,0.6127184825563294,0.1911826200479938,0.5805682560216617,0.6874794792748442,0.5805682560216617,0.09957558092110931,0.505615234375
darcy,cno,line_sensors_50pct,clustered_50pct,False,200,0.37771490496108084,0.3777149049610808,0.12923747038663833,0.34927591520518597,0.5293415511141885,0.34927591520518597,0.12320799135741782,0.5
darcy,cno,line_sensors_50pct,horizontal_lines_50pct,False,200,0.011493035315058124,0.011493035315058126,0.007030561088688901,0.008950686377588236,0.012591879895408189,0.008950686377588236,0.31301273271714253,0.5
darcy,cno,line_sensors_50pct,line_sensors_50pct,True,200,0.00990218471459904,0.009902184714599041,0.006006389526213917,0.007791328832697837,0.010997971728923028,0.007791328832697837,0.3518288771411373,0.505615234375
darcy,cno,line_sensors_50pct,random_50pct,False,200,0.01082732748553309,0.01082732748553309,0.007401976945819883,0.007897607147409237,0.011168177989620063,0.007897607147409237,0.4681613175770867,0.5
darcy,cno,line_sensors_50pct,random_65pct,False,200,0.8201816810335868,0.8201816810335868,0.6567170806446748,0.49130785458681964,0.8304995280671206,0.49130785458681964,0.6412182688611786,0.6500244140625
darcy,cno,line_sensors_50pct,random_80pct,False,200,2.0340232271740892,2.0340232271740892,1.8143599462872961,0.9193418169693072,2.0542641690532673,0.9193418169693072,0.7957329059575293,0.79998779296875
darcy,cno,line_sensors_50pct,vertical_lines_50pct,False,200,0.013875795323696509,0.013875795323696509,0.008754161106534278,0.010715135209450525,0.015232018349573708,0.010715135209450525,0.3944316545048076,0.5
darcy,cno,random_50pct,block_observed_50pct,False,200,0.7278687029694253,0.7278687029694253,0.14382287659986923,0.7112710001464642,0.9395858949972085,0.7112710001464642,0.040486352730701385,0.505615234375
darcy,cno,random_50pct,boundary_band_50pct,False,200,0.8005002573243714,0.8005002573243714,0.1280360985453768,0.789959928285215,0.9373811872547293,0.789959928285215,0.025889839938398624,0.505615234375
darcy,cno,random_50pct,clustered_50pct,False,200,0.560909688550145,0.560909688550145,0.16464948647539213,0.5294025628436597,0.8022623872483676,0.5294025628436597,0.08946846192706044,0.5
darcy,cno,random_50pct,horizontal_lines_50pct,False,200,0.09854425612414638,0.09854425612414637,0.04662175318580411,0.08499320943847845,0.1192884387745409,0.08499320943847845,0.1880302174984808,0.5
darcy,cno,random_50pct,line_sensors_50pct,False,200,0.08254125450677838,0.08254125450677838,0.03186289101998463,0.07507780943505445,0.1051310654579164,0.07507780943505445,0.13006991187305894,0.505615234375
darcy,cno,random_50pct,random_50pct,True,200,0.008159741165436612,0.008159741165436612,0.005680787866716328,0.005855838817137856,0.008280626060521226,0.005855838817137856,0.48507368243052074,0.5
darcy,cno,random_50pct,random_65pct,False,200,1.7683663774706695,1.7683663774706695,1.4133346889067773,1.062572872342046,1.7968852001289914,1.062572872342046,0.6407831317858621,0.6500244140625
darcy,cno,random_50pct,random_80pct,False,200,3.6341314504195843,3.6341314504195843,3.2529633576158035,1.619881624593154,3.61927522939403,1.619881624593154,0.8011653947250151,0.79998779296875
darcy,cno,random_50pct,vertical_lines_50pct,False,200,0.09445307846498062,0.09445307846498065,0.044528614181038664,0.08175437497665682,0.11571794224106081,0.08175437497665682,0.19473368905152152,0.5
darcy,cno,random_65pct,block_observed_50pct,False,200,0.822188290042445,0.822188290042445,0.1739877623865835,0.8019738522802917,1.0628636928062236,0.8019738522802917,0.04546347468371742,0.505615234375
darcy,cno,random_65pct,boundary_band_50pct,False,200,0.8928063857714552,0.8928063857714551,0.1506121552761062,0.879769669871814,1.044808163962658,0.879769669871814,0.028649968771456338,0.505615234375
darcy,cno,random_65pct,clustered_50pct,False,200,0.6539089411123105,0.6539089411123107,0.21128886739525551,0.6136106955140074,0.9390750719179468,0.6136106955140074,0.10189948837562561,0.5
darcy,cno,random_65pct,horizontal_lines_50pct,False,200,0.24459470724158647,0.24459470724158647,0.1302145941500411,0.20589844854538797,0.29034307228988154,0.20589844854538797,0.27332259131904235,0.5
darcy,cno,random_65pct,line_sensors_50pct,False,200,0.22613959749167062,0.2261395974916706,0.11808536152693197,0.19208718573708058,0.27085987192943206,0.19208718573708058,0.2668026354213284,0.505615234375
darcy,cno,random_65pct,random_50pct,False,200,0.12865903804845907,0.12865903804845907,0.08912780342304702,0.09278430881671133,0.1312006591163309,0.09278430881671133,0.47976975264880384,0.5
darcy,cno,random_65pct,random_65pct,True,200,0.00687968430790399,0.00687968430790399,0.0054918616166734465,0.004137971362094147,0.006996351573770623,0.004137971362094147,0.6377664857403765,0.6500244140625
darcy,cno,random_65pct,random_80pct,False,200,0.15169123192461298,0.15169123192461298,0.1347607969424565,0.06954274191708305,0.15537965686091382,0.06954274191708305,0.7897953784133673,0.79998779296875
darcy,cno,random_65pct,vertical_lines_50pct,False,200,0.23883426694514884,0.2388342669451488,0.12872359867160132,0.20017547251658474,0.2837132737755731,0.20017547251658474,0.2831887576111764,0.5
darcy,cno,random_80pct,block_observed_50pct,False,200,0.7842870393085724,0.7842870393085724,0.25579924954952893,0.7390816069429195,0.9817233974692453,0.7390816069429195,0.1079418795731716,0.505615234375
darcy,cno,random_80pct,boundary_band_50pct,False,200,0.8323647593183136,0.8323647593183136,0.2278116708970064,0.7999412608771741,0.9496593582804409,0.7999412608771741,0.07571887568964948,0.505615234375
darcy,cno,random_80pct,clustered_50pct,False,200,0.6941154648810784,0.6941154648810784,0.2682025138757276,0.6330855171514034,0.9731185517656855,0.6330855171514034,0.14888955874566723,0.5
darcy,cno,random_80pct,horizontal_lines_50pct,False,200,0.3382564090147727,0.3382564090147727,0.1972530768296241,0.2736208865163763,0.3861416991661459,0.2736208865163763,0.33618614430745797,0.5
darcy,cno,random_80pct,line_sensors_50pct,False,200,0.31691190792457197,0.31691190792457197,0.18514025357899958,0.2563226014302384,0.3619196925843907,0.2563226014302384,0.33959080471824377,0.505615234375
darcy,cno,random_80pct,random_50pct,False,200,0.22818009837986794,0.22818009837986794,0.15875865255495575,0.1638402451580906,0.23167839616467642,0.1638402451580906,0.4845557814873536,0.5
darcy,cno,random_80pct,random_65pct,False,200,0.09952519994254344,0.09952519994254344,0.07941720428170754,0.059958761577237105,0.10135992972265294,0.059958761577237105,0.6370793418098557,0.6500244140625
darcy,cno,random_80pct,random_80pct,True,200,0.007617894040810328,0.007617894040810329,0.006785378604283494,0.003452715825368267,0.0077165720279304476,0.003452715825368267,0.7928596358602096,0.79998779296875
darcy,cno,random_80pct,vertical_lines_50pct,False,200,0.32901364868014116,0.32901364868014116,0.19420860636391168,0.26420950379094177,0.37463880414651535,0.26420950379094177,0.3457867095405063,0.5
darcy,cno,vertical_lines_50pct,block_observed_50pct,False,200,0.475880181059232,0.475880181059232,0.08234193390751171,0.46769827631180944,0.6181281532276869,0.46769827631180944,0.03080215401833986,0.505615234375
darcy,cno,vertical_lines_50pct,boundary_band_50pct,False,200,0.512043625856435,0.5120436258564349,0.07249248416078308,0.5066156629324133,0.6001940089382557,0.5066156629324133,0.02027228935160355,0.505615234375
darcy,cno,vertical_lines_50pct,clustered_50pct,False,200,0.35667727123034004,0.35667727123034004,0.08918303716991995,0.34145050376279956,0.5209054659591262,0.34145050376279956,0.06929214474223323,0.5
darcy,cno,vertical_lines_50pct,horizontal_lines_50pct,False,200,0.08304431269973818,0.08304431269973818,0.03692751051321859,0.07375276976022783,0.10382819481719027,0.07375276976022783,0.18430693798600004,0.5
darcy,cno,vertical_lines_50pct,line_sensors_50pct,False,200,0.05177285563117937,0.05177285563117937,0.02557094573383778,0.04471938625145449,0.06304720421876703,0.04471938625145449,0.23438035326410525,0.505615234375
darcy,cno,vertical_lines_50pct,random_50pct,False,200,0.023261193812839843,0.023261193812839843,0.015984316363214127,0.016890237866127727,0.023883886552045794,0.016890237866127727,0.4734947120112118,0.5
darcy,cno,vertical_lines_50pct,random_65pct,False,200,0.05458651415549144,0.05458651415549145,0.04436175521099596,0.03180409253408766,0.05376036988880311,0.03180409253408766,0.6605303936677764,0.6500244140625
darcy,cno,vertical_lines_50pct,random_80pct,False,200,0.08362544259822771,0.0836254425982277,0.07478451179950256,0.037419893332071796,0.08361429690845004,0.037419893332071796,0.7997609861591785,0.79998779296875
darcy,cno,vertical_lines_50pct,vertical_lines_50pct,True,200,0.015308101347481387,0.015308101347481387,0.009670396012907489,0.011781635773898458,0.01678692294423006,0.011781635773898458,0.3995628130510157,0.5
darcy,deeponet,block_observed_50pct,block_observed_50pct,True,200,0.09965559565183613,0.09965559565183611,0.0447708438275907,0.08684065085713286,0.11640134835824476,0.08684065085713286,0.18085946890223528,0.505615234375
darcy,deeponet,block_observed_50pct,boundary_band_50pct,False,200,0.07726875917187685,0.07726875917187687,0.03509217185019275,0.06783089214627688,0.08057805105145707,0.06783089214627688,0.19697346181083547,0.505615234375
darcy,deeponet,block_observed_50pct,clustered_50pct,False,200,1.8672834560300096,1.8672834560300096,1.2584884259709868,1.3339820278420391,2.09538410937955,1.3339820278420391,0.4841832985323479,0.5
darcy,deeponet,block_observed_50pct,horizontal_lines_50pct,False,200,12.215774450445174,12.215774450445174,8.652354563433931,8.607407095449942,12.18070918282782,8.607407095449942,0.502787190002528,0.5
darcy,deeponet,block_observed_50pct,line_sensors_50pct,False,200,13.564473353946521,13.564473353946521,9.500918901186607,9.665228954060401,13.675486637472824,9.665228954060401,0.49074142767832835,0.505615234375
darcy,deeponet,block_observed_50pct,random_50pct,False,200,8.561807205789252,8.561807205789252,6.054457884916571,6.053426011864753,8.560300992596598,6.053426011864753,0.5000656680474685,0.5
darcy,deeponet,block_observed_50pct,random_65pct,False,200,7.518005286657675,7.518005286657675,6.059253724280051,4.45004535074459,7.5215734200290445,4.45004535074459,0.6494573865983332,0.6500244140625
darcy,deeponet,block_observed_50pct,random_80pct,False,200,4.917894299248795,4.917894299248795,4.39670892747393,2.2029658888011916,4.92119175336325,2.2029658888011916,0.799153939102797,0.79998779296875
darcy,deeponet,block_observed_50pct,vertical_lines_50pct,False,200,14.259511771787045,14.259511771787045,10.065172608567643,10.08662520346254,14.32626725674142,10.08662520346254,0.49957940228562137,0.5
darcy,deeponet,boundary_band_50pct,block_observed_50pct,False,200,2.1194968473424542,2.1194968473424542,1.1536632290906155,1.769617788648891,2.513440117368552,1.769617788648891,0.3104993911367226,0.505615234375
darcy,deeponet,boundary_band_50pct,boundary_band_50pct,True,200,0.04647859425769229,0.0464785942576923,0.023150719883166544,0.039697838233303105,0.047007714174665545,0.03969783823330311,0.22161972091343432,0.505615234375
darcy,deeponet,boundary_band_50pct,clustered_50pct,False,200,3.699602336991491,3.699602336991491,3.1521895283321073,1.854541756398511,2.975470578970772,1.854541756398511,0.7404150432041703,0.5
darcy,deeponet,boundary_band_50pct,horizontal_lines_50pct,False,200,3.223579523547623,3.2235795235476234,2.2922017213618604,2.2616938308318963,3.207986762625565,2.2616938308318963,0.5088878881371096,0.5
darcy,deeponet,boundary_band_50pct,line_sensors_50pct,False,200,2.6044139726328224,2.6044139726328215,1.867536778530173,1.8120017145719438,2.575013337981156,1.8120017145719438,0.522732048542094,0.505615234375
darcy,deeponet,boundary_band_50pct,random_50pct,False,200,2.5293795845954303,2.5293795845954303,1.7880679540565945,1.78891326678298,2.5299750791814204,1.78891326678298,0.49972599096722553,0.5
darcy,deeponet,boundary_band_50pct,random_65pct,False,200,3.4037753821448593,3.403775382144859,2.743133683002009,2.0149921166004514,3.4063818211804087,2.0149921166004514,0.6494901762116081,0.6500244140625
darcy,deeponet,boundary_band_50pct,random_80pct,False,200,4.442776939512851,4.442776939512851,3.9715897133723086,1.990841848017031,4.449062833502123,1.9908418480170311,0.7991486780567925,0.79998779296875
darcy,deeponet,boundary_band_50pct,vertical_lines_50pct,False,200,2.931222491571532,2.931222491571532,2.077924014245223,2.0643005632060314,2.9345245305961005,2.0643005632060314,0.5050001618040747,0.5
darcy,deeponet,clustered_50pct,block_observed_50pct,False,200,0.2902551461876546,0.2902551461876546,0.15486646174594199,0.24023907853724658,0.3154016907968258,0.24023907853724658,0.2789539685904224,0.505615234375
darcy,deeponet,clustered_50pct,boundary_band_50pct,False,200,0.3142670370106306,0.3142670370106306,0.1893716501323478,0.24621189291731355,0.29107651284184105,0.24621189291731355,0.36110602776354267,0.505615234375
darcy,deeponet,clustered_50pct,clustered_50pct,True,200,0.13774439522011592,0.13774439522011592,0.07027812363646264,0.11387063378595705,0.17671114403905328,0.11387063378595705,0.23647148607430465,0.5
darcy,deeponet,clustered_50pct,horizontal_lines_50pct,False,200,2.878420179756077,2.878420179756077,2.0209674089532013,2.044932190266771,2.8818063077469867,2.044932190266771,0.4905267884218251,0.5
darcy,deeponet,clustered_50pct,line_sensors_50pct,False,200,0.5810502796117976,0.5810502796117976,0.41155743776882153,0.40957893731814105,0.5788601906993923,0.40957893731814105,0.5010430959189339,0.505615234375
darcy,deeponet,clustered_50pct,random_50pct,False,200,0.24391354389443531,0.24391354389443531,0.17240825577614213,0.17252730772410058,0.24400180042870662,0.17252730772410058,0.49971390524394144,0.5
darcy,deeponet,clustered_50pct,random_65pct,False,200,0.21619205005312994,0.21619205005312994,0.17428276926002056,0.12791472324508274,0.21628325446635144,0.12791472324508274,0.6497505122706072,0.6500244140625
darcy,deeponet,clustered_50pct,random_80pct,False,200,0.22528560088447716,0.2252856008844772,0.20147586047578717,0.10078916886693352,0.22527439440232883,0.10078916886693352,0.7999067200526032,0.79998779296875
darcy,deeponet,clustered_50pct,vertical_lines_50pct,False,200,1.589197204119346,1.589197204119346,1.11931978527158,1.1265096742739733,1.6002633687569512,1.1265096742739733,0.4955930438669452,0.5
darcy,deeponet,horizontal_lines_50pct,block_observed_50pct,False,200,0.802118557825981,0.802118557825981,0.5235288339264946,0.5894320195667436,0.7844597790403555,0.5894320195667436,0.454648619003207,0.505615234375
darcy,deeponet,horizontal_lines_50pct,boundary_band_50pct,False,200,0.6922450099224345,0.6922450099224345,0.3246704084660898,0.6105656026578578,0.7263911901811,0.6105656026578578,0.22064445386083484,0.505615234375
darcy,deeponet,horizontal_lines_50pct,clustered_50pct,False,200,0.7964452954367096,0.7964452954367094,0.5207406879899998,0.5600174383975504,0.8625158185076245,0.5600174383975504,0.45745749306613476,0.5
darcy,deeponet,horizontal_lines_50pct,horizontal_lines_50pct,True,200,0.042671044654827454,0.042671044654827454,0.029679451297081626,0.03057199184778995,0.04308452394105013,0.03057199184778995,0.4747387902543311,0.5
darcy,deeponet,horizontal_lines_50pct,line_sensors_50pct,False,200,0.3585861828231117,0.3585861828231117,0.25464533221987734,0.2520718673099923,0.3569620075364553,0.2520718673099923,0.5040291706058747,0.505615234375
darcy,deeponet,horizontal_lines_50pct,random_50pct,False,200,0.2630781405737105,0.2630781405737105,0.18619418619713865,0.1858468773515491,0.2627723558331547,0.1858468773515491,0.5008803040694491,0.5
darcy,deeponet,horizontal_lines_50pct,random_65pct,False,200,0.3438377055207073,0.3438377055207073,0.2773867925515937,0.20316900334164,0.34344509020348996,0.20316900334164,0.6507566416509477,0.6500244140625
darcy,deeponet,horizontal_lines_50pct,random_80pct,False,200,0.40150075529254,0.40150075529254,0.3590987819105489,0.17957377424052345,0.401273706282557,0.17957377424052345,0.7998879785700889,0.79998779296875
darcy,deeponet,horizontal_lines_50pct,vertical_lines_50pct,False,200,0.6930970466217711,0.6930970466217711,0.49313398823026205,0.4858492022979425,0.6900378483495383,0.4858492022979425,0.5057664969676329,0.5
darcy,deeponet,line_sensors_50pct,block_observed_50pct,False,200,0.42962962831196494,0.42962962831196494,0.13866483635521143,0.4038155795802687,0.5297025345400447,0.4038155795802687,0.10190009245078094,0.505615234375
darcy,deeponet,line_sensors_50pct,boundary_band_50pct,False,200,0.4335052649308513,0.4335052649308513,0.17146090068238393,0.39588678739354805,0.4672396322092211,0.39588678739354805,0.152982590766186,0.505615234375
darcy,deeponet,line_sensors_50pct,clustered_50pct,False,200,0.4223296162699201,0.4223296162699201,0.186246514718134,0.3704823660456443,0.5550101836028518,0.3704823660456444,0.19052139593655504,0.5
darcy,deeponet,line_sensors_50pct,horizontal_lines_50pct,False,200,0.16414906320462336,0.16414906320462339,0.11824808943240905,0.11370368967807742,0.1609499000670951,0.11370368967807742,0.5190594837283949,0.5
darcy,deeponet,line_sensors_50pct,line_sensors_50pct,True,200,0.04380304592454069,0.04380304592454069,0.03060699977789118,0.031274759284291284,0.04418261266714926,0.031274759284291284,0.4828895415070856,0.505615234375
darcy,deeponet,line_sensors_50pct,random_50pct,False,200,0.5297216649127442,0.5297216649127442,0.3742915623335593,0.374834091418927,0.5300324423538123,0.374834091418927,0.49924570141663743,0.5
darcy,deeponet,line_sensors_50pct,random_65pct,False,200,0.41262185145955466,0.41262185145955455,0.33267019910175905,0.24409476240407402,0.4126294191494626,0.24409476240407402,0.6500493715523837,0.6500244140625
darcy,deeponet,line_sensors_50pct,random_80pct,False,200,0.25126374822450026,0.25126374822450026,0.22475704517344613,0.11231941644764526,0.2509649957682347,0.11231941644764526,0.8001483806406994,0.79998779296875
darcy,deeponet,line_sensors_50pct,vertical_lines_50pct,False,200,0.17278328139302634,0.17278328139302634,0.1243681265522753,0.11976833853263338,0.17039816612809594,0.11976833853263338,0.5190558316425173,0.5
darcy,deeponet,random_50pct,block_observed_50pct,False,200,0.7051201345928891,0.7051201345928891,0.38903414755061405,0.5806412578516704,0.7659706489147996,0.5806412578516704,0.3071325094346701,0.505615234375
darcy,deeponet,random_50pct,boundary_band_50pct,False,200,0.7358890922205429,0.735889092220543,0.4096970870982901,0.6083448282352947,0.720885674535023,0.6083448282352947,0.3118659493658983,0.505615234375
darcy,deeponet,random_50pct,clustered_50pct,False,200,0.5788260702376953,0.5788260702376953,0.3767615895555341,0.42343535476567545,0.642023499307087,0.42343535476567545,0.42395933851171513,0.5
darcy,deeponet,random_50pct,horizontal_lines_50pct,False,200,0.1362178294072541,0.1362178294072541,0.09569772872315083,0.09664631688361293,0.13629927041298143,0.09664631688361293,0.48758335349099136,0.5
darcy,deeponet,random_50pct,line_sensors_50pct,False,200,0.11422651984421037,0.11422651984421037,0.07977937408998378,0.08156627527541616,0.11506417128938344,0.08156627527541616,0.4836385667018967,0.505615234375
darcy,deeponet,random_50pct,random_50pct,True,200,0.03908440604028267,0.03908440604028266,0.027639793503554458,0.02763213922944606,0.03908842374907253,0.027632139229446063,0.5003567690940296,0.5
darcy,deeponet,random_50pct,random_65pct,False,200,0.1397840894844595,0.1397840894844595,0.11262675006763781,0.08278542505893802,0.13993878260138434,0.08278542505893802,0.6492246573686136,0.6500244140625
darcy,deeponet,random_50pct,random_80pct,False,200,0.20045653911997682,0.20045653911997682,0.17916221812907224,0.08989208884928263,0.20084263452999862,0.08989208884928263,0.7987869637823092,0.79998779296875
darcy,deeponet,random_50pct,vertical_lines_50pct,False,200,0.15705925498943438,0.15705925498943438,0.11065406796135942,0.11124602303177852,0.15771721292579632,0.11124602303177852,0.49454133344084816,0.5
darcy,deeponet,random_65pct,block_observed_50pct,False,200,0.6410152817259513,0.6410152817259513,0.3054559203029213,0.5590602485730486,0.738745524713333,0.5590602485730486,0.22684655652634345,0.505615234375
darcy,deeponet,random_65pct,boundary_band_50pct,False,200,0.669766591502292,0.669766591502292,0.3433881860994051,0.5720229190570182,0.6772550258076627,0.5720229190570182,0.26314442478440914,0.505615234375
darcy,deeponet,random_65pct,clustered_50pct,False,200,0.5523000282010335,0.5523000282010335,0.30618372876032995,0.44969183331460066,0.6800802729115945,0.44969183331460066,0.30052037945609417,0.5
darcy,deeponet,random_65pct,horizontal_lines_50pct,False,200,0.24284915587100595,0.24284915587100595,0.16703878231419414,0.17581108566513992,0.2475301116545575,0.17581108566513992,0.46740994866961455,0.5
darcy,deeponet,random_65pct,line_sensors_50pct,False,200,0.2184968667832212,0.21849686678322122,0.1503048868920486,0.15826512802370668,0.22301269858408015,0.15826512802370668,0.46884800175490293,0.505615234375
darcy,deeponet,random_65pct,random_50pct,False,200,0.1274279700758607,0.1274279700758607,0.08989350519922454,0.09031126257531424,0.12769466625455744,0.09031126257531424,0.4975160487215508,0.5
darcy,deeponet,random_65pct,random_65pct,True,200,0.03192023725254887,0.03192023725254887,0.025756943924810316,0.018852453834048225,0.03187562534825345,0.018852453834048225,0.6516555734792557,0.6500244140625
darcy,deeponet,random_65pct,random_80pct,False,200,0.07617547033154798,0.07617547033154798,0.06810149977008452,0.03412751516532327,0.07625159755921147,0.03412751516532327,0.7992366816570072,0.79998779296875
darcy,deeponet,random_65pct,vertical_lines_50pct,False,200,0.2406333853195303,0.2406333853195303,0.16658613741429182,0.173298650244957,0.24513170630927683,0.173298650244957,0.4748521482793895,0.5
darcy,deeponet,random_80pct,block_observed_50pct,False,200,0.6748212591398604,0.6748212591398604,0.2962733070088,0.602791624289583,0.7955142245529359,0.602791624289583,0.19312139767392145,0.505615234375
darcy,deeponet,random_80pct,boundary_band_50pct,False,200,0.7080996431168768,0.7080996431168768,0.34594321633394187,0.615504626569635,0.7290706663970887,0.615504626569635,0.23939559805941504,0.505615234375
darcy,deeponet,random_80pct,clustered_50pct,False,200,0.5774300153794032,0.5774300153794032,0.2759282811598222,0.49995569278882057,0.757598241089817,0.49995569278882057,0.22731699529019375,0.5
darcy,deeponet,random_80pct,horizontal_lines_50pct,False,200,0.38342629680987067,0.38342629680987067,0.26440854980641065,0.2770492622618959,0.3903073307859441,0.2770492622618959,0.47246572333176984,0.5
darcy,deeponet,random_80pct,line_sensors_50pct,False,200,0.36575546283649535,0.3657554628364953,0.25313357616980325,0.2635435742976435,0.3716793571574227,0.2635435742976435,0.4761657825722335,0.505615234375
darcy,deeponet,random_80pct,random_50pct,False,200,0.3154333275786979,0.3154333275786979,0.22269942623780456,0.22338003773376924,0.3158498888927215,0.22338003773376924,0.49835106759459424,0.5
darcy,deeponet,random_80pct,random_65pct,False,200,0.14658244958410563,0.14658244958410563,0.1180518509932564,0.08688578537776465,0.14686044578732585,0.08688578537776465,0.64854554766603,0.6500244140625
darcy,deeponet,random_80pct,random_80pct,True,200,0.040910057738934164,0.040910057738934164,0.03658892899790921,0.01829724067172349,0.04087522138136856,0.01829724067172349,0.8002450787521603,0.79998779296875
darcy,deeponet,random_80pct,vertical_lines_50pct,False,200,0.3774278496033098,0.3774278496033098,0.26208733914530685,0.2711027978123216,0.3837416653439852,0.2711027978123216,0.4797080896048318,0.5
darcy,deeponet,vertical_lines_50pct,block_observed_50pct,False,200,0.44030602260854784,0.4403060226085479,0.273998980564913,0.3266690079527737,0.43109849698426567,0.3266690079527737,0.43951141936229143,0.505615234375
darcy,deeponet,vertical_lines_50pct,boundary_band_50pct,False,200,0.3203120301836598,0.3203120301836598,0.13538822310043266,0.28837151298691216,0.3413482651555262,0.28837151298691216,0.16885912521731777,0.505615234375
darcy,deeponet,vertical_lines_50pct,clustered_50pct,False,200,0.47861528915108714,0.47861528915108714,0.29501020663188554,0.36141111914020985,0.5517099969037583,0.36141111914020985,0.3930293388638237,0.5
darcy,deeponet,vertical_lines_50pct,horizontal_lines_50pct,False,200,0.7998519956997211,0.7998519956997211,0.5584856989391105,0.5712913726681217,0.8058870321882577,0.5712913726681217,0.4878723054641255,0.5
darcy,deeponet,vertical_lines_50pct,line_sensors_50pct,False,200,0.4521178400576727,0.4521178400576727,0.316961890675001,0.321802002703495,0.4553317756858724,0.321802002703495,0.49585733016116357,0.505615234375
darcy,deeponet,vertical_lines_50pct,random_50pct,False,200,0.3327991473807746,0.33279914738077454,0.23488227792221178,0.2357558246387926,0.3333570660485081,0.2357558246387926,0.49806221174511633,0.5
darcy,deeponet,vertical_lines_50pct,random_65pct,False,200,0.18439140052311762,0.18439140052311762,0.14839445756228697,0.10944296642740035,0.1849803177094644,0.10944296642740035,0.6475315290831325,0.6500244140625
darcy,deeponet,vertical_lines_50pct,random_80pct,False,200,0.15086721427675662,0.15086721427675662,0.13503732434875945,0.06726204840607315,0.15031892167620994,0.06726204840607315,0.8011388412539507,0.79998779296875
darcy,deeponet,vertical_lines_50pct,vertical_lines_50pct,True,200,0.05128633827014936,0.05128633827014936,0.03623415574364415,0.03624435977709387,0.05152633817555644,0.03624435977709387,0.49932715176666426,0.5
darcy,fno,block_observed_50pct,block_observed_50pct,True,200,0.08095206756639273,0.08095206756639273,0.040877540952685115,0.06821730506321566,0.09190704125072312,0.06821730506321566,0.27085271853978954,0.505615234375
darcy,fno,block_observed_50pct,boundary_band_50pct,False,200,0.06675872794809166,0.06675872794809166,0.03157680590407471,0.05811714698446489,0.06912545701825867,0.05811714698446489,0.21297593154217792,0.505615234375
darcy,fno,block_observed_50pct,clustered_50pct,False,200,0.6016766658990508,0.6016766658990508,0.3911308237056349,0.44428657447079895,0.6770423203370349,0.44428657447079895,0.4309772098664419,0.5
darcy,fno,block_observed_50pct,horizontal_lines_50pct,False,200,1.0452912978790005,1.0452912978790005,0.7422469203917916,0.7341712595812964,1.039384636673346,0.7341712595812964,0.5042971962970093,0.5
darcy,fno,block_observed_50pct,line_sensors_50pct,False,200,0.7581561867692754,0.7581561867692754,0.5343568939610437,0.5368746684927584,0.7602173798091258,0.5368746684927583,0.4976599468776131,0.505615234375
darcy,fno,block_observed_50pct,random_50pct,False,200,0.4808160873277727,0.4808160873277727,0.3405077254727711,0.33944675432167304,0.4799621393274542,0.33944675432167304,0.5018012260439193,0.5
darcy,fno,block_observed_50pct,random_65pct,False,200,0.4242566054706127,0.4242566054706127,0.34253537228066583,0.2503008931221276,0.4229982519282695,0.2503008931221276,0.652575014091424,0.6500244140625
darcy,fno,block_observed_50pct,random_80pct,False,200,0.3749889805123911,0.3749889805123911,0.3356532568924527,0.16716230229071857,0.37351401689687924,0.16716230229071857,0.801382363846126,0.79998779296875
darcy,fno,block_observed_50pct,vertical_lines_50pct,False,200,0.7956459782703098,0.7956459782703098,0.5630296314507541,0.5608281468726417,0.7967182478171811,0.5608281468726417,0.5032881224332871,0.5
darcy,fno,boundary_band_50pct,block_observed_50pct,False,200,0.6859538153159268,0.6859538153159269,0.47456585690947123,0.48467628290171455,0.6510978533293462,0.48467628290171455,0.49077935219172175,0.505615234375
darcy,fno,boundary_band_50pct,boundary_band_50pct,True,200,0.3531610891678487,0.3531610891678487,0.18877805652427232,0.2960132243722166,0.35145349228608475,0.2960132243722166,0.28687025640677705,0.505615234375
darcy,fno,boundary_band_50pct,clustered_50pct,False,200,1.466065225867444,1.466065225867444,1.0300565015882936,1.0313495200096807,1.6107756298734772,1.0313495200096807,0.49264334424265466,0.5
darcy,fno,boundary_band_50pct,horizontal_lines_50pct,False,200,0.878382582494397,0.8783825824943969,0.618518775773383,0.6223248647999029,0.8792968624555852,0.6223248647999029,0.4965241819554258,0.5
darcy,fno,boundary_band_50pct,line_sensors_50pct,False,200,0.8785910403128225,0.8785910403128225,0.6197875579806188,0.6215956195923195,0.8792603212115954,0.6215956195923195,0.4981600775828488,0.505615234375
darcy,fno,boundary_band_50pct,random_50pct,False,200,0.8803202930009235,0.8803202930009235,0.6220595811701375,0.6228734755789687,0.8808185144442398,0.6228734755789687,0.4993493576199308,0.5
darcy,fno,boundary_band_50pct,random_65pct,False,200,0.8509317690963887,0.8509317690963887,0.6857680567912319,0.5037618309794007,0.8515724216763928,0.5037618309794007,0.6494965104285854,0.6500244140625
darcy,fno,boundary_band_50pct,random_80pct,False,200,0.8250930096405198,0.8250930096405198,0.7376243761242121,0.3696760078027341,0.8259771188350925,0.3696760078027341,0.7992152441388616,0.79998779296875
darcy,fno,boundary_band_50pct,vertical_lines_50pct,False,200,0.8778740848882982,0.8778740848882981,0.6213775159381092,0.6191135064486344,0.878612532507823,0.6191135064486344,0.5015027850787419,0.5
darcy,fno,clustered_50pct,block_observed_50pct,False,200,0.25824011599845653,0.2582401159984565,0.1077503387865502,0.23052013133756266,0.29898194387314925,0.23052013133756266,0.17144244341432546,0.505615234375
darcy,fno,clustered_50pct,boundary_band_50pct,False,200,0.34586508117274234,0.34586508117274234,0.15274010865966114,0.30690797685359544,0.3630759386719661,0.30690797685359544,0.2015277805759168,0.505615234375
darcy,fno,clustered_50pct,clustered_50pct,True,200,0.14186673673036176,0.14186673673036176,0.06735034069148715,0.1204405700877098,0.18583937744881926,0.1204405700877098,0.19899986902278172,0.5
darcy,fno,clustered_50pct,horizontal_lines_50pct,False,200,0.19899848750522472,0.19899848750522472,0.13860046049406433,0.14245721721120255,0.20021671222457532,0.14245721721120255,0.48253913394896664,0.5
darcy,fno,clustered_50pct,line_sensors_50pct,False,200,0.19876980347053178,0.19876980347053178,0.1396981314051043,0.14118969829702435,0.19917765005330956,0.14118969829702435,0.4930447775700037,0.505615234375
darcy,fno,clustered_50pct,random_50pct,False,200,0.19958157127748447,0.1995815712774845,0.1414725412513537,0.14076029906808069,0.19907321072565026,0.14076029906808069,0.5038350071565685,0.5
darcy,fno,clustered_50pct,random_65pct,False,200,0.26021666339449395,0.26021666339449395,0.20993724999791752,0.15373589035075672,0.2598667293601927,0.15373589035075672,0.6509635167554141,0.6500244140625
darcy,fno,clustered_50pct,random_80pct,False,200,0.35453874829523135,0.3545387482952313,0.31699506470674166,0.15876661223075586,0.35468383064521075,0.15876661223075586,0.799236493939003,0.79998779296875
darcy,fno,clustered_50pct,vertical_lines_50pct,False,200,0.19233538172235642,0.19233538172235642,0.13448601984231534,0.13720933417152018,0.19419658697420022,0.13720933417152018,0.4866048706272043,0.5
darcy,fno,horizontal_lines_50pct,block_observed_50pct,False,200,4.281451803198614,4.281451803198614,3.3540082142675374,2.659304238881207,3.5652978890709965,2.659304238881207,0.6150054600903692,0.505615234375
darcy,fno,horizontal_lines_50pct,boundary_band_50pct,False,200,4.387232297126548,4.387232297126548,3.414417317921276,2.7544474252062123,3.276904285181824,2.7544474252062123,0.6068203518222186,0.505615234375
darcy,fno,horizontal_lines_50pct,clustered_50pct,False,200,2.977219424670923,2.977219424670923,1.8832312980697083,2.2614256165346465,3.592012276332275,2.261425616534647,0.4319826332209331,0.5
darcy,fno,horizontal_lines_50pct,horizontal_lines_50pct,True,200,0.025778742298728854,0.02577874229872885,0.01713586759824407,0.019119075105816608,0.026790303954489367,0.019119075105816608,0.3925971100605018,0.5
darcy,fno,horizontal_lines_50pct,line_sensors_50pct,False,200,0.9935950361688193,0.9935950361688191,0.6884313352158985,0.7159285277986512,1.006981925781305,0.7159285277986512,0.4874037282281708,0.505615234375
darcy,fno,horizontal_lines_50pct,random_50pct,False,200,0.1505117581128069,0.15051175811280687,0.10497584464985221,0.10784682858843282,0.1524639903744097,0.10784682858843282,0.48573356939001705,0.5
darcy,fno,horizontal_lines_50pct,random_65pct,False,200,0.33574607292113046,0.33574607292113046,0.2638842183563728,0.20740928245693432,0.35045629311761006,0.20740928245693432,0.6158574367225463,0.6500244140625
darcy,fno,horizontal_lines_50pct,random_80pct,False,200,0.4838405659198763,0.4838405659198763,0.4215113623543396,0.2353158340970901,0.5255370024649979,0.2353158340970901,0.7578394712525401,0.79998779296875
darcy,fno,horizontal_lines_50pct,vertical_lines_50pct,False,200,1.4424102345051117,1.4424102345051117,0.9939234557982912,1.0432476457480695,1.4730510001391104,1.0432476457480695,0.48660710588711353,0.5
darcy,fno,line_sensors_50pct,block_observed_50pct,False,200,0.5640012147327187,0.5640012147327187,0.17638652498290383,0.5322339868487984,0.6970447647947515,0.5322339868487984,0.09748941157808956,0.505615234375
darcy,fno,line_sensors_50pct,boundary_band_50pct,False,200,0.6145275342133847,0.6145275342133848,0.15237002889507456,0.5945483155211647,0.7027204611081328,0.5945483155211647,0.061861175119006476,0.505615234375
darcy,fno,line_sensors_50pct,clustered_50pct,False,200,0.5929585282742197,0.5929585282742197,0.2855117634814654,0.5001329734253862,0.7565725852019106,0.5001329734253862,0.2537222252964376,0.5
darcy,fno,line_sensors_50pct,horizontal_lines_50pct,False,200,0.028053232604597623,0.028053232604597623,0.016832659642992565,0.022232996008643348,0.031098630049114343,0.022232996008643348,0.31917967340609377,0.5
darcy,fno,line_sensors_50pct,line_sensors_50pct,True,200,0.025631980203617438,0.025631980203617434,0.01694774255201783,0.019067528417251463,0.026787936913741452,0.019067528417251463,0.41505204079669794,0.505615234375
darcy,fno,line_sensors_50pct,random_50pct,False,200,0.020777277458842187,0.020777277458842187,0.01456276134892759,0.014791883152754823,0.02091708903055553,0.014791883152754823,0.48989433056917453,0.5
darcy,fno,line_sensors_50pct,random_65pct,False,200,0.1647381623200317,0.1647381623200317,0.13408671552379434,0.09547249572649534,0.16137188776785838,0.09547249572649535,0.6634803679125643,0.6500244140625
darcy,fno,line_sensors_50pct,random_80pct,False,200,0.22385789235986592,0.2238578923598659,0.1986261367995491,0.10247428984094822,0.2289923547144097,0.10247428984094822,0.7897201410938831,0.79998779296875
darcy,fno,line_sensors_50pct,vertical_lines_50pct,False,200,0.027052437475098293,0.027052437475098293,0.016651499366878444,0.021149861283040864,0.03002040292697441,0.021149861283040864,0.37145014258094033,0.5
darcy,fno,random_50pct,block_observed_50pct,False,200,1.806595844874461,1.8065958448744612,1.2408088027281985,1.2998122180069402,1.74400714093078,1.2998122180069402,0.47941450208502673,0.505615234375
darcy,fno,random_50pct,boundary_band_50pct,False,200,1.728871816595006,1.7288718165950063,1.1694660028138768,1.2712685800536523,1.5119420271714048,1.2712685800536523,0.4597289702415516,0.505615234375
darcy,fno,random_50pct,clustered_50pct,False,200,1.871574552400246,1.871574552400246,0.9108619822239019,1.6023932073422154,2.5206843446498173,1.6023932073422154,0.246137165899967,0.5
darcy,fno,random_50pct,horizontal_lines_50pct,False,200,0.15681811592044778,0.15681811592044778,0.10758484182235767,0.11301147106200672,0.15968262710327222,0.11301147106200672,0.4506549137227729,0.5
darcy,fno,random_50pct,line_sensors_50pct,False,200,0.13867465229699974,0.13867465229699974,0.09580075423861464,0.09969654916871493,0.14120591870749463,0.09969654916871493,0.4745570243618321,0.505615234375
darcy,fno,random_50pct,random_50pct,True,200,0.020457553684596907,0.02045755368459691,0.014583459457308252,0.014342439870615606,0.020285456112352537,0.014342439870615606,0.5070319270137222,0.5
darcy,fno,random_50pct,random_65pct,False,200,0.3917792435157004,0.3917792435157004,0.3186531975252548,0.22790561834842696,0.38531778648135373,0.22790561834842696,0.6617998306933616,0.6500244140625
darcy,fno,random_50pct,random_80pct,False,200,1.2303940759674201,1.2303940759674201,1.1024357509910943,0.5463040688729515,1.220871277836507,0.5463040688729515,0.802971850056885,0.79998779296875
darcy,fno,random_50pct,vertical_lines_50pct,False,200,0.20301473176659487,0.20301473176659487,0.1437545961544218,0.14205588447643963,0.20232150401582608,0.14205588447643963,0.5006748711437409,0.5
darcy,fno,random_65pct,block_observed_50pct,False,200,1.113804084320319,1.113804084320319,0.267089996222627,1.0796897384263249,1.4417827316468292,1.0796897384263249,0.05800248785157564,0.505615234375
darcy,fno,random_65pct,boundary_band_50pct,False,200,1.1663368466998874,1.1663368466998874,0.25210569231490204,1.1384065797364529,1.3520708118852824,1.1384065797364529,0.047141918106205535,0.505615234375
darcy,fno,random_65pct,clustered_50pct,False,200,1.0675284149670103,1.0675284149670103,0.37097346704901013,0.993066939487614,1.5583255980053226,0.993066939487614,0.12439331035938132,0.5
darcy,fno,random_65pct,horizontal_lines_50pct,False,200,0.2810186922138054,0.2810186922138054,0.16576712181827202,0.22601193827155008,0.31809852949207484,0.22601193827155008,0.3362554262350072,0.5
darcy,fno,random_65pct,line_sensors_50pct,False,200,0.2671084628227948,0.2671084628227948,0.1582663383270537,0.2145194217103757,0.30252303207714737,0.2145194217103757,0.34388415769238245,0.505615234375
darcy,fno,random_65pct,random_50pct,False,200,0.19734909061301753,0.19734909061301753,0.13732887165661423,0.1417114581698838,0.20036245469793523,0.1417114581698838,0.48385258752677374,0.5
darcy,fno,random_65pct,random_65pct,True,200,0.016785892985357133,0.016785892985357133,0.01335925787812784,0.010155225823755418,0.017163158954568422,0.010155225823755418,0.6341565702125995,0.6500244140625
darcy,fno,random_65pct,random_80pct,False,200,0.19585494209691404,0.19585494209691404,0.1722015751709086,0.09324893509204771,0.20838302543093296,0.09324893509204771,0.7727370836287457,0.79998779296875
darcy,fno,random_65pct,vertical_lines_50pct,False,200,0.2834505788251811,0.2834505788251811,0.16754409408756227,0.22774433780921227,0.3227716783807076,0.22774433780921227,0.3385452433219796,0.5
darcy,fno,random_80pct,block_observed_50pct,False,200,1.0916544654012852,1.0916544654012852,0.3306902343553705,1.0398111219865427,1.3895484521590153,1.0398111219865427,0.0925440813715824,0.505615234375
darcy,fno,random_80pct,boundary_band_50pct,False,200,1.1291444247066247,1.129144424706625,0.33654837328813253,1.077387379304605,1.2797709906860733,1.077387379304605,0.09002377951136978,0.505615234375
darcy,fno,random_80pct,clustered_50pct,False,200,1.0097899746278174,1.0097899746278176,0.3232178996432013,0.9517008761683587,1.4896212022634643,0.9517008761683585,0.09973716004529518,0.5
darcy,fno,random_80pct,horizontal_lines_50pct,False,200,0.5439023905476135,0.5439023905476135,0.3374620736871076,0.42616969081613126,0.6022246003799296,0.42616969081613126,0.38573487080535335,0.5
darcy,fno,random_80pct,line_sensors_50pct,False,200,0.5321637015227395,0.5321637015227395,0.3354220383743858,0.41293935889540223,0.5842951079576776,0.41293935889540223,0.3983201999484255,0.505615234375
darcy,fno,random_80pct,random_50pct,False,200,0.5139055726470718,0.5139055726470718,0.3459410141677837,0.38000424234733315,0.53733269867287,0.38000424234733315,0.4537329517669683,0.5
darcy,fno,random_80pct,random_65pct,False,200,0.247808056127297,0.247808056127297,0.19537973403233952,0.1523871143730834,0.25759814296978606,0.1523871143730834,0.6229573951640562,0.6500244140625
darcy,fno,random_80pct,random_80pct,True,200,0.011715252167154426,0.011715252167154426,0.010209246438224016,0.005724971372475067,0.012787822396825507,0.005724971372475067,0.7659814005563164,0.79998779296875
darcy,fno,random_80pct,vertical_lines_50pct,False,200,0.5453477370453402,0.5453477370453402,0.33476154880447134,0.4301683067509659,0.6107926787881784,0.4301683067509659,0.3774268633892232,0.5
darcy,fno,vertical_lines_50pct,block_observed_50pct,False,200,2.1733452585506057,2.1733452585506057,1.0109484573458802,1.9189111629445974,2.5717500693344517,1.9189111629445974,0.2165334275729455,0.505615234375
darcy,fno,vertical_lines_50pct,boundary_band_50pct,False,200,2.206654413795057,2.206654413795057,0.9282193741715709,2.00169256478061,2.38008638731069,2.00169256478061,0.17734532731928626,0.505615234375
darcy,fno,vertical_lines_50pct,clustered_50pct,False,200,2.515529671142687,2.5155296711426876,1.3426839674040076,2.1095120648765895,3.33954247042638,2.1095120648765895,0.284712053957152,0.5
darcy,fno,vertical_lines_50pct,horizontal_lines_50pct,False,200,0.4780796369599913,0.4780796369599912,0.32513680142430823,0.34696904332467254,0.49229293765771487,0.34696904332467254,0.48305093959550227,0.5
darcy,fno,vertical_lines_50pct,line_sensors_50pct,False,200,0.3582045237962301,0.35820452379622997,0.24346787884934856,0.2612867215907824,0.37113936063163455,0.2612867215907824,0.47452595970467965,0.505615234375
darcy,fno,vertical_lines_50pct,random_50pct,False,200,0.07228270803232849,0.07228270803232849,0.05068360730338946,0.051514167007510867,0.07283279835265266,0.051514167007510867,0.4905321013498605,0.5
darcy,fno,vertical_lines_50pct,random_65pct,False,200,0.8794431038968799,0.8794431038968799,0.6408661896007143,0.6022062175199087,1.0179945742156224,0.6022062175199087,0.5306230697843601,0.6500244140625
darcy,fno,vertical_lines_50pct,random_80pct,False,200,0.9505428160308065,0.9505428160308065,0.6649082263743621,0.6784421648532369,1.5160728558988539,0.6784421648532369,0.4889499139335925,0.79998779296875
darcy,fno,vertical_lines_50pct,vertical_lines_50pct,True,200,0.023131549056231684,0.023131549056231684,0.015453974286572065,0.01709894058442663,0.024277729877145313,0.01709894058442663,0.43920551814154307,0.5
darcy,gnot,block_observed_50pct,block_observed_50pct,True,200,0.10910789178123297,0.10910789178123297,0.03330013833975571,0.10252752058726028,0.13830874880611013,0.10252752058726029,0.09549356895152786,0.505615234375
darcy,gnot,block_observed_50pct,boundary_band_50pct,False,200,0.08164222226389402,0.08164222226389402,0.023197217861810223,0.07752295722815487,0.09136123328795012,0.07752295722815487,0.0729448627129313,0.505615234375
darcy,gnot,block_observed_50pct,clustered_50pct,False,200,0.4143593112915166,0.4143593112915167,0.26241093020474066,0.30320929222704307,0.4702184678321448,0.30320929222704307,0.4064228375316166,0.5
darcy,gnot,block_observed_50pct,horizontal_lines_50pct,False,200,0.27878599622803735,0.27878599622803735,0.1974733998699224,0.19641238805645433,0.2781343951242222,0.19641238805645433,0.5038149562554451,0.5
darcy,gnot,block_observed_50pct,line_sensors_50pct,False,200,0.2812829958580918,0.28128299585809174,0.19923927658574403,0.19820127892262662,0.28107155592579075,0.19820127892262662,0.5048967500840766,0.505615234375
darcy,gnot,block_observed_50pct,random_50pct,False,200,0.26928355130185655,0.26928355130185655,0.19049954606279015,0.19031033877809342,0.2691751379830789,0.19031033877809342,0.5009252785463765,0.5
darcy,gnot,block_observed_50pct,random_65pct,False,200,0.26886052033192054,0.26886052033192054,0.2169120978859782,0.15883958922540897,0.2685830824857671,0.15883958922540897,0.6514975782206123,0.6500244140625
darcy,gnot,block_observed_50pct,random_80pct,False,200,0.26895041367114453,0.2689504136711446,0.24058330441710854,0.12020577366627365,0.2687261118801785,0.12020577366627365,0.8003462045081323,0.79998779296875
darcy,gnot,block_observed_50pct,vertical_lines_50pct,False,200,0.27469829441378,0.27469829441378,0.19346078337686648,0.1946920575359935,0.2767943610692869,0.1946920575359935,0.4972427301924425,0.5
darcy,gnot,boundary_band_50pct,block_observed_50pct,False,200,0.5134113696138797,0.5134113696138796,0.3295015549331216,0.379596201078145,0.5123530765964106,0.379596201078145,0.4518119560560286,0.505615234375
darcy,gnot,boundary_band_50pct,boundary_band_50pct,True,200,0.0927507429201296,0.0927507429201296,0.04155487768690401,0.08151549406917198,0.09687784566755742,0.08151549406917198,0.17495873689520317,0.505615234375
darcy,gnot,boundary_band_50pct,clustered_50pct,False,200,0.6879894792743814,0.6879894792743814,0.491547465471828,0.45938382671875305,0.7270138376833651,0.45938382671875305,0.517032959658641,0.5
darcy,gnot,boundary_band_50pct,horizontal_lines_50pct,False,200,0.49173091808654606,0.49173091808654606,0.34915468438465863,0.3456689266561823,0.4898613133823638,0.3456689266561823,0.5050460510744235,0.5
darcy,gnot,boundary_band_50pct,line_sensors_50pct,False,200,0.4835560788014931,0.4835560788014931,0.3440022852254212,0.33942860389354496,0.48138498420220954,0.33942860389354496,0.5087966771940086,0.505615234375
darcy,gnot,boundary_band_50pct,random_50pct,False,200,0.4847747648640886,0.4847747648640886,0.3427987665148918,0.3427489494741279,0.48474555735571895,0.3427489494741279,0.5000880197719464,0.5
darcy,gnot,boundary_band_50pct,random_65pct,False,200,0.48505932959611975,0.4850593295961197,0.39094544606474313,0.2871022938609727,0.4852973863514811,0.2871022938609727,0.649477120035224,0.6500244140625
darcy,gnot,boundary_band_50pct,random_80pct,False,200,0.4847504240029464,0.4847504240029464,0.43333227427733756,0.21723456915337652,0.48536473051236706,0.21723456915337652,0.7989587509860103,0.79998779296875
darcy,gnot,boundary_band_50pct,vertical_lines_50pct,False,200,0.4911428428431085,0.4911428428431085,0.34986572099396357,0.3442125595634677,0.4899594616042563,0.3442125595634677,0.5084880861743859,0.5
darcy,gnot,clustered_50pct,block_observed_50pct,False,200,0.23144690814691532,0.23144690814691532,0.07477506788051046,0.21545776163954466,0.27912865429659034,0.21545776163954466,0.09970871715668969,0.505615234375
darcy,gnot,clustered_50pct,boundary_band_50pct,False,200,0.2393833485244813,0.2393833485244813,0.10029267472113622,0.21554365224733274,0.25406808308532614,0.21554365224733274,0.16597667574091887,0.505615234375
darcy,gnot,clustered_50pct,clustered_50pct,True,200,0.09587889986559012,0.09587889986559012,0.0524436951024887,0.07591759032248613,0.11734138196261179,0.07591759032248613,0.2743411314458526,0.5
darcy,gnot,clustered_50pct,horizontal_lines_50pct,False,200,0.06020001982724323,0.06020001982724323,0.04239291337348731,0.04262591601448712,0.0602387959875082,0.04262591601448712,0.5000842057971128,0.5
darcy,gnot,clustered_50pct,line_sensors_50pct,False,200,0.0603905937541216,0.06039059375412159,0.042885789015885474,0.042445220529453515,0.060126452604115206,0.042445220529453515,0.503276119544689,0.505615234375
darcy,gnot,clustered_50pct,random_50pct,False,200,0.05809200236496024,0.05809200236496025,0.0410790357997446,0.04107254642364927,0.05810932934021149,0.04107254642364927,0.5004723130749622,0.5
darcy,gnot,clustered_50pct,random_65pct,False,200,0.05794466018342135,0.05794466018342135,0.04670648213337954,0.034290377492477424,0.05798614287672918,0.034290377492477424,0.6496990637607888,0.6500244140625
darcy,gnot,clustered_50pct,random_80pct,False,200,0.05785358506895635,0.05785358506895633,0.0517330155224825,0.025892406850371433,0.057840341100540635,0.025892406850371433,0.7994033639719454,0.79998779296875
darcy,gnot,clustered_50pct,vertical_lines_50pct,False,200,0.060150300419058486,0.060150300419058486,0.042596142088721825,0.042401318222845104,0.06028381242887348,0.042401318222845104,0.5053464813946011,0.5
darcy,gnot,horizontal_lines_50pct,block_observed_50pct,False,200,0.34626379593264495,0.346263795932645,0.11094364536552376,0.3245113876515104,0.42317752992474894,0.3245113876515104,0.09682756083518947,0.505615234375
darcy,gnot,horizontal_lines_50pct,boundary_band_50pct,False,200,0.3536981998521873,0.3536981998521873,0.10646151483678691,0.3354481759804353,0.3947578670518825,0.3354481759804353,0.08762134278333054,0.505615234375
darcy,gnot,horizontal_lines_50pct,clustered_50pct,False,200,0.3145645479466524,0.3145645479466524,0.14007812107778833,0.2734091459858641,0.4183316685619635,0.2734091459858641,0.2126874530393127,0.5
darcy,gnot,horizontal_lines_50pct,horizontal_lines_50pct,True,200,0.08390065299283148,0.08390065299283148,0.059013320971595944,0.0595647273254873,0.08420272449779105,0.0595647273254873,0.4946041720947807,0.5
darcy,gnot,horizontal_lines_50pct,line_sensors_50pct,False,200,0.08999840216250707,0.08999840216250707,0.06304188670526809,0.06415660396493046,0.09059907650198387,0.06415660396493046,0.4892444190412469,0.505615234375
darcy,gnot,horizontal_lines_50pct,random_50pct,False,200,0.08318093902658288,0.08318093902658288,0.058739550824900635,0.0588937503619742,0.08327989088975726,0.0588937503619742,0.4987760174908092,0.5
darcy,gnot,horizontal_lines_50pct,random_65pct,False,200,0.08300457324060527,0.08300457324060527,0.06687939236187307,0.0491591692457665,0.08310645141229786,0.0491591692457665,0.6493254260208386,0.6500244140625
darcy,gnot,horizontal_lines_50pct,random_80pct,False,200,0.08270803469777598,0.08270803469777598,0.0739364266352152,0.0370651947978536,0.08282389191802117,0.0370651947978536,0.7991413414087849,0.79998779296875
darcy,gnot,horizontal_lines_50pct,vertical_lines_50pct,False,200,0.09644737805790754,0.09644737805790754,0.06709590014334064,0.06919158698331167,0.09799097022455111,0.06919158698331167,0.4819299923055089,0.5
darcy,gnot,line_sensors_50pct,block_observed_50pct,False,200,0.7360747195934071,0.7360747195934073,0.45375028374453963,0.4971251612558084,0.6590826583346263,0.4971251612558084,0.6154778443505204,0.505615234375
darcy,gnot,line_sensors_50pct,boundary_band_50pct,False,200,0.39599672909742234,0.39599672909742234,0.1749428632383483,0.34840641019348767,0.41092890819774786,0.34840641019348767,0.23381495963451807,0.505615234375
darcy,gnot,line_sensors_50pct,clustered_50pct,False,200,0.8404780231364154,0.8404780231364153,0.07317015712681249,0.8260736231954016,1.1853678973520838,0.8260736231954016,0.00035798202924637536,0.5
darcy,gnot,line_sensors_50pct,horizontal_lines_50pct,False,200,0.017579526186119025,0.017579526186119025,0.01221026168716508,0.012611564543442888,0.017781860779994645,0.012611564543442888,0.4798406687025678,0.5
darcy,gnot,line_sensors_50pct,line_sensors_50pct,True,200,0.01696970134313781,0.01696970134313781,0.011804300723929186,0.012162009700546343,0.017215561789160415,0.012162009700546343,0.48271281417296463,0.505615234375
darcy,gnot,line_sensors_50pct,random_50pct,False,200,0.014899528306760737,0.014899528306760737,0.0105404013743725,0.01052995994924931,0.014896017716525827,0.01052995994924931,0.5001256372271313,0.5
darcy,gnot,line_sensors_50pct,random_65pct,False,200,0.014474080664126367,0.014474080664126367,0.011678093951010453,0.008550269367274061,0.014460763260647278,0.008550269367274061,0.6506625612920037,0.6500244140625
darcy,gnot,line_sensors_50pct,random_80pct,False,200,0.014201883967615143,0.014201883967615143,0.012697365546200523,0.006360362235726257,0.014199577656492657,0.006360362235726257,0.7981347900041829,0.79998779296875
darcy,gnot,line_sensors_50pct,vertical_lines_50pct,False,200,0.017448147318653382,0.017448147318653386,0.012192649313742511,0.012449952278842998,0.01770815791806328,0.012449952278842998,0.49317732304256745,0.5
darcy,gnot,random_50pct,block_observed_50pct,False,200,2.4694383664323687,2.4694383664323687,2.1940946778048795,0.6357963961063338,0.8932649185754371,0.6357963961063338,0.8910410390866594,0.505615234375
darcy,gnot,random_50pct,boundary_band_50pct,False,200,0.33286248232465004,0.33286248232465004,0.14907274115371644,0.27036256510413076,0.31806471216738336,0.27036256510413076,0.5338945400620733,0.505615234375
darcy,gnot,random_50pct,clustered_50pct,False,200,0.5381258962963187,0.5381258962963186,0.219108599149806,0.46026900054863257,0.7567218433135721,0.46026900054863257,0.07557970616257909,0.5
darcy,gnot,random_50pct,horizontal_lines_50pct,False,200,0.02824175275739113,0.028241752757391127,0.019166676171325447,0.020657302236506386,0.029048894555018186,0.020657302236506386,0.45117097397272915,0.5
darcy,gnot,random_50pct,line_sensors_50pct,False,200,0.027007122700226413,0.027007122700226413,0.018415116754457072,0.019683030266466305,0.027739727758423923,0.019683030266466305,0.45805006086086975,0.505615234375
darcy,gnot,random_50pct,random_50pct,True,200,0.013240027851768858,0.013240027851768858,0.009361199732897299,0.009362197370026575,0.013242590186519177,0.009362197370026575,0.5000231591937145,0.5
darcy,gnot,random_50pct,random_65pct,False,200,0.012438908370031327,0.012438908370031325,0.010029981518338336,0.007356082421435512,0.012437910293371575,0.007356082421435512,0.6504517115158199,0.6500244140625
darcy,gnot,random_50pct,random_80pct,False,200,0.011803735486794389,0.011803735486794389,0.010560480537755856,0.005271695237101553,0.011769046994622681,0.005271695237101553,0.8006589952800199,0.79998779296875
darcy,gnot,random_50pct,vertical_lines_50pct,False,200,0.027770420241107697,0.027770420241107697,0.019072894408663117,0.020133345803567102,0.028505467194157696,0.020133345803567102,0.4680522807540858,0.5
darcy,gnot,random_65pct,block_observed_50pct,False,200,0.32174291884796474,0.32174291884796474,0.10151325795815039,0.3016374635246591,0.3991394439755727,0.3016374635246591,0.10797672210202741,0.505615234375
darcy,gnot,random_65pct,boundary_band_50pct,False,200,0.2839549632699007,0.2839549632699008,0.07964728629993612,0.27199002753569346,0.32177569742229833,0.27199002753569346,0.07730276901541411,0.505615234375
darcy,gnot,random_65pct,clustered_50pct,False,200,0.37228034525937354,0.37228034525937354,0.19930066025311155,0.29200993460614627,0.4651964962997975,0.29200993460614627,0.62945991961694,0.5
darcy,gnot,random_65pct,horizontal_lines_50pct,False,200,0.03787825388270344,0.03787825388270344,0.025869594008759222,0.0275676471303226,0.038774976952813865,0.0275676471303226,0.4583815045097193,0.5
darcy,gnot,random_65pct,line_sensors_50pct,False,200,0.036447892067121,0.036447892067121,0.024877944647441398,0.02653741066653916,0.03739567765641208,0.02653741066653916,0.4576902140227907,0.505615234375
darcy,gnot,random_65pct,random_50pct,False,200,0.015649574603301894,0.015649574603301894,0.011063203296985036,0.011067686668812436,0.015654039488904252,0.011067686668812436,0.49983959108868176,0.5
darcy,gnot,random_65pct,random_65pct,True,200,0.014129208127419812,0.014129208127419815,0.011389378540104805,0.008360656985811189,0.014136960243687414,0.008360656985811189,0.6496558189772632,0.6500244140625
darcy,gnot,random_65pct,random_80pct,False,200,0.01305401950920385,0.01305401950920385,0.011675058857473131,0.005838211585291643,0.013035346732950016,0.005838211585291643,0.79998654355113,0.79998779296875
darcy,gnot,random_65pct,vertical_lines_50pct,False,200,0.038417272400750206,0.038417272400750206,0.02653882586841947,0.02770761931579995,0.03933193123375047,0.02770761931579995,0.4775733208508949,0.5
darcy,gnot,random_80pct,block_observed_50pct,False,200,26.178545876194303,26.178545876194303,7.270693283160743,24.890396662969714,35.43614653379577,24.890396662969714,0.13815598334386392,0.505615234375
darcy,gnot,random_80pct,boundary_band_50pct,False,200,2.3192240466844156,2.3192240466844156,0.3605550946924098,2.2569479460170725,2.6220514856195876,2.2569479460170725,0.00957557376056567,0.505615234375
darcy,gnot,random_80pct,clustered_50pct,False,200,8.2573735851329,8.257373585132898,2.7224380193449225,7.510493919440068,12.656243549733997,7.510493919440068,0.2128320495931017,0.5
darcy,gnot,random_80pct,horizontal_lines_50pct,False,200,0.09736474709969296,0.09736474709969296,0.06731131608890874,0.07013297224341417,0.09900194780336596,0.07013297224341417,0.4728915737578814,0.5
darcy,gnot,random_80pct,line_sensors_50pct,False,200,0.09677575827728337,0.09677575827728337,0.06714907700058807,0.0695023949596016,0.09821336046993057,0.0695023949596016,0.4775102196316381,0.505615234375
darcy,gnot,random_80pct,random_50pct,False,200,0.030862399102488475,0.030862399102488475,0.021841410000054948,0.021801924176792706,0.030832220538382735,0.021801924176792706,0.501853564856115,0.5
darcy,gnot,random_80pct,random_65pct,False,200,0.027078835220758123,0.027078835220758116,0.021849486188313415,0.01599359384360193,0.027038526321763654,0.01599359384360193,0.6517423033665041,0.6500244140625
darcy,gnot,random_80pct,random_80pct,True,200,0.02425107045618827,0.02425107045618827,0.021693228196754802,0.010838375298442803,0.02418945777465669,0.010838375298442803,0.8001049408824856,0.79998779296875
darcy,gnot,random_80pct,vertical_lines_50pct,False,200,0.09906202678218086,0.09906202678218086,0.06867866346725067,0.07121878185657887,0.101085970850515,0.07121878185657887,0.47731065521710914,0.5
darcy,gnot,vertical_lines_50pct,block_observed_50pct,False,200,0.332598055958834,0.332598055958834,0.1047937160900403,0.3101891220469385,0.40475662016217,0.3101891220469385,0.11982647677599752,0.505615234375
darcy,gnot,vertical_lines_50pct,boundary_band_50pct,False,200,0.3384026803097686,0.3384026803097686,0.11077235979151076,0.3180435686355763,0.37470156902839746,0.3180435686355763,0.10608773378341826,0.505615234375
darcy,gnot,vertical_lines_50pct,clustered_50pct,False,200,0.2584317340562848,0.2584317340562848,0.10930398950389358,0.22744501159088273,0.3557563124917909,0.22744501159088273,0.20245539844360003,0.5
darcy,gnot,vertical_lines_50pct,horizontal_lines_50pct,False,200,0.05928202648462185,0.05928202648462185,0.04085289060727379,0.042866601791437475,0.06039536944992391,0.042866601791437475,0.47213081024424564,0.5
darcy,gnot,vertical_lines_50pct,line_sensors_50pct,False,200,0.05250074293076737,0.05250074293076736,0.036665191611016675,0.03751526466208099,0.053045406281268574,0.03751526466208099,0.4866340706972395,0.505615234375
darcy,gnot,vertical_lines_50pct,random_50pct,False,200,0.04466940152688216,0.04466940152688216,0.03153543542195412,0.03163497175807504,0.04474261372111104,0.03163497175807504,0.4985718357856011,0.5
darcy,gnot,vertical_lines_50pct,random_65pct,False,200,0.04428358426366601,0.04428358426366601,0.0356716789452599,0.026238578587906063,0.04435411172293875,0.026238578587906063,0.6489747406398083,0.6500244140625
darcy,gnot,vertical_lines_50pct,random_80pct,False,200,0.043992709476551865,0.043992709476551865,0.039318404444563554,0.019731766593358287,0.044072868680474456,0.019731766593358287,0.7986012113769846,0.79998779296875
darcy,gnot,vertical_lines_50pct,vertical_lines_50pct,True,200,0.046216153593685416,0.04621615359368542,0.032413473688168055,0.03290841988887105,0.04679058487302878,0.03290841988887104,0.49104820458165416,0.5
darcy,pino,block_observed_50pct,block_observed_50pct,True,200,0.04027497176306546,0.04027497176306545,0.014180026594202321,0.03682648778981078,0.049944614239149886,0.03682648778981078,0.12665982897588102,0.505615234375
darcy,pino,block_observed_50pct,boundary_band_50pct,False,200,0.028333854180327377,0.02833385418032737,0.009953380313115896,0.02620012860966977,0.030890628405494377,0.02620012860966977,0.11102707503580869,0.505615234375
darcy,pino,block_observed_50pct,clustered_50pct,False,200,0.39640611465656156,0.3964061146565616,0.20787281548645137,0.32846610915026153,0.48927614398900365,0.32846610915026153,0.26664549168786594,0.5
darcy,pino,block_observed_50pct,horizontal_lines_50pct,False,200,0.29732497180932965,0.29732497180932965,0.20452840052631377,0.21522484331515113,0.30346675909613086,0.21522484331515113,0.47205699786641214,0.5
darcy,pino,block_observed_50pct,line_sensors_50pct,False,200,0.28842388676688874,0.28842388676688874,0.1997934423242908,0.20756282989500835,0.29289554276717317,0.20756282989500835,0.4781469773363327,0.505615234375
darcy,pino,block_observed_50pct,random_50pct,False,200,0.3756548417115509,0.37565484171155084,0.2651478368580845,0.26609354423987264,0.37630915740720394,0.26609354423987264,0.49834033961535384,0.5
darcy,pino,block_observed_50pct,random_65pct,False,200,0.30536947379502893,0.30536947379502893,0.24574567382653714,0.18125910090796588,0.30638752352209214,0.18125910090796588,0.6476780362348205,0.6500244140625
darcy,pino,block_observed_50pct,random_80pct,False,200,0.2411165874253579,0.2411165874253579,0.2152894833911556,0.10855800942416259,0.2425096081366549,0.10855800942416259,0.7972082917505844,0.79998779296875
darcy,pino,block_observed_50pct,vertical_lines_50pct,False,200,0.31480273724806207,0.31480273724806207,0.21840108508491696,0.22623284077573674,0.32056996913958735,0.22623284077573674,0.47963580418803126,0.5
darcy,pino,boundary_band_50pct,block_observed_50pct,False,200,0.3649156969664037,0.3649156969664037,0.22001082089283866,0.279092372301518,0.373281465934062,0.279092372301518,0.39512904451584135,0.505615234375
darcy,pino,boundary_band_50pct,boundary_band_50pct,True,200,0.016225526968025494,0.016225526968025494,0.005604545969022288,0.015019752117385099,0.017715496507878917,0.015019752117385099,0.09518336135179986,0.505615234375
darcy,pino,boundary_band_50pct,clustered_50pct,False,200,0.8585359060762644,0.8585359060762644,0.5786596119782572,0.6174664701066643,0.9513124966722444,0.6174664701066644,0.46135457405091485,0.5
darcy,pino,boundary_band_50pct,horizontal_lines_50pct,False,200,0.465890748002553,0.465890748002553,0.325044358282667,0.3330193512480306,0.47120619184479073,0.3330193512480306,0.4876526689044294,0.5
darcy,pino,boundary_band_50pct,line_sensors_50pct,False,200,0.45485135867263077,0.45485135867263066,0.31936879689255987,0.3233194601456345,0.457945363687998,0.3233194601456345,0.4939089151054532,0.505615234375
darcy,pino,boundary_band_50pct,random_50pct,False,200,0.5091983033776315,0.5091983033776315,0.3597454450256415,0.3603497547687157,0.5097062670495183,0.3603497547687157,0.49946157730885654,0.5
darcy,pino,boundary_band_50pct,random_65pct,False,200,0.4679702043617839,0.4679702043617839,0.3771778641391631,0.2769850212823686,0.4683095894234983,0.2769850212823686,0.6497942450055428,0.6500244140625
darcy,pino,boundary_band_50pct,random_80pct,False,200,0.43870994302410354,0.43870994302410354,0.39225492422012365,0.1964497299765965,0.438946276168209,0.1964497299765965,0.7994088854341923,0.79998779296875
darcy,pino,boundary_band_50pct,vertical_lines_50pct,False,200,0.4562780453768616,0.4562780453768616,0.31949377769793497,0.3251163211162983,0.46231955852003337,0.32511632111629823,0.49275974258978567,0.5
darcy,pino,clustered_50pct,block_observed_50pct,False,200,0.2939124123445861,0.2939124123445861,0.1409789664507358,0.25109484908380997,0.32369573371280275,0.25109484908380997,0.2201791462219025,0.505615234375
darcy,pino,clustered_50pct,boundary_band_50pct,False,200,0.34233985396590677,0.34233985396590677,0.16800945174914278,0.2917683078871057,0.3436815301273413,0.2917683078871057,0.23735964412628185,0.505615234375
darcy,pino,clustered_50pct,clustered_50pct,True,200,0.1413298439033881,0.1413298439033881,0.0606073557673324,0.124000155624896,0.18931360733720787,0.124000155624896,0.1645672484517889,0.5
darcy,pino,clustered_50pct,horizontal_lines_50pct,False,200,0.1460822042434544,0.14608220424345442,0.10094414325840774,0.10529664428460148,0.14798673315477015,0.10529664428460148,0.4692985586443666,0.5
darcy,pino,clustered_50pct,line_sensors_50pct,False,200,0.14973165379153314,0.14973165379153314,0.10399435926947646,0.10743755888897705,0.15147261615501328,0.10743755888897705,0.47770037325435966,0.505615234375
darcy,pino,clustered_50pct,random_50pct,False,200,0.18367574090087327,0.18367574090087327,0.12984523620631472,0.1299004229531999,0.18372791550224554,0.1299004229531999,0.49981840953844003,0.5
darcy,pino,clustered_50pct,random_65pct,False,200,0.12747833099922637,0.12747833099922637,0.1027163875712003,0.07549251794524549,0.12759544028814288,0.07549251794524549,0.6492342915966404,0.6500244140625
darcy,pino,clustered_50pct,random_80pct,False,200,0.16148869226496607,0.16148869226496607,0.1444360693303317,0.07222148428427214,0.1613355033083862,0.07222148428427214,0.7997727185014029,0.79998779296875
darcy,pino,clustered_50pct,vertical_lines_50pct,False,200,0.14904327082038826,0.14904327082038826,0.10316321893206162,0.10734041162052488,0.1518627019627323,0.10734041162052488,0.47491064280928785,0.5
darcy,pino,horizontal_lines_50pct,block_observed_50pct,False,200,1.0854698244472394,1.0854698244472396,0.8234575100088061,0.6899064918323577,0.909473823522693,0.6899064918323577,0.589068280683703,0.505615234375
darcy,pino,horizontal_lines_50pct,boundary_band_50pct,False,200,1.1020114287335463,1.1020114287335463,0.7459265014631954,0.8042086412796955,0.9541779550944989,0.8042086412796955,0.4660007135883146,0.505615234375
darcy,pino,horizontal_lines_50pct,clustered_50pct,False,200,1.0544948349292103,1.0544948349292103,0.6605773805136991,0.7993438637822402,1.2423271121659376,0.7993438637822402,0.4156809405129403,0.5
darcy,pino,horizontal_lines_50pct,horizontal_lines_50pct,True,200,0.016213444110840126,0.016213444110840126,0.011039032256134016,0.011819199543911389,0.01658652665678562,0.011819199543911389,0.4294585719097505,0.5
darcy,pino,horizontal_lines_50pct,line_sensors_50pct,False,200,0.17014750931028533,0.1701475093102853,0.11707645876270714,0.12276778589518646,0.17283147463390588,0.12276778589518646,0.47148072803164476,0.505615234375
darcy,pino,horizontal_lines_50pct,random_50pct,False,200,0.10434597211106823,0.10434597211106823,0.07364755003297493,0.07391280842636036,0.1044966296538601,0.07391280842636036,0.4982060493142531,0.5
darcy,pino,horizontal_lines_50pct,random_65pct,False,200,0.2874912935819737,0.2874912935819737,0.2330727614764503,0.16830004916114683,0.2845473265008185,0.16830004916114683,0.6573557949420074,0.6500244140625
darcy,pino,horizontal_lines_50pct,random_80pct,False,200,0.5332305302924263,0.5332305302924263,0.4777051008733194,0.23690230584365823,0.5294075187917497,0.23690230584365823,0.8026247045167069,0.79998779296875
darcy,pino,horizontal_lines_50pct,vertical_lines_50pct,False,200,0.23744849146189104,0.237448491461891,0.16382987242305558,0.1704457631907658,0.2411662356969426,0.1704457631907658,0.4771594907948797,0.5
darcy,pino,line_sensors_50pct,block_observed_50pct,False,200,0.44129190998121987,0.44129190998121987,0.17189236079271036,0.4002876180286716,0.5197231720334475,0.4002876180286716,0.14976596552720045,0.505615234375
darcy,pino,line_sensors_50pct,boundary_band_50pct,False,200,0.49186363514895076,0.49186363514895076,0.1406266451063395,0.47020814569276864,0.555432097179545,0.47020814569276864,0.08002508568476623,0.505615234375
darcy,pino,line_sensors_50pct,clustered_50pct,False,200,0.4545033240815971,0.4545033240815971,0.26654867287298567,0.35215728113860273,0.5268630761482487,0.35215728113860273,0.3624686442401547,0.5
darcy,pino,line_sensors_50pct,horizontal_lines_50pct,False,200,0.023806381788996793,0.023806381788996793,0.015837482923210827,0.01768612190946201,0.024751059869982245,0.01768612190946201,0.4129129503499787,0.5
darcy,pino,line_sensors_50pct,line_sensors_50pct,True,200,0.022376301981239112,0.022376301981239112,0.015174539195694605,0.01637547813629083,0.023041276707263525,0.01637547813629083,0.4373508718952397,0.505615234375
darcy,pino,line_sensors_50pct,random_50pct,False,200,0.04135319517602161,0.04135319517602161,0.029001550425686733,0.029476068144169445,0.041669469234499025,0.029476068144169445,0.4913483114090744,0.5
darcy,pino,line_sensors_50pct,random_65pct,False,200,0.26352658600795703,0.2635265860079571,0.21277895668479882,0.15546345357680763,0.26279784755765745,0.15546345357680763,0.6519733047427032,0.6500244140625
darcy,pino,line_sensors_50pct,random_80pct,False,200,0.5296005795526835,0.5296005795526835,0.4736926437079947,0.2368176956908125,0.5291544739854563,0.2368176956908125,0.8000278961305878,0.79998779296875
darcy,pino,line_sensors_50pct,vertical_lines_50pct,False,200,0.02358570653416483,0.02358570653416483,0.01579603321955215,0.017456474123976294,0.02467258367240818,0.017456474123976294,0.4344580652055322,0.5
darcy,pino,random_50pct,block_observed_50pct,False,200,1.34160669979493,1.3416066997949303,0.8421438432323639,1.038699216142854,1.3782273449571993,1.038699216142854,0.3951262942525841,0.505615234375
darcy,pino,random_50pct,boundary_band_50pct,False,200,1.498820828094651,1.498820828094651,0.8319828768278661,1.245026984527222,1.4793585528869293,1.245026984527222,0.3113439028980509,0.505615234375
darcy,pino,random_50pct,clustered_50pct,False,200,0.922393217306492,0.922393217306492,0.4853499193040788,0.7724392325143605,1.2024882456263752,0.7724392325143605,0.26968780386760616,0.5
darcy,pino,random_50pct,horizontal_lines_50pct,False,200,0.08241098123794688,0.08241098123794688,0.05303941563454467,0.06281358531470835,0.08764734275582638,0.06281358531470835,0.38446163194373156,0.5
darcy,pino,random_50pct,line_sensors_50pct,False,200,0.07401490900967617,0.07401490900967617,0.04924228901973188,0.055037074797449695,0.0769594256830126,0.055037074797449695,0.4139807254701056,0.505615234375
darcy,pino,random_50pct,random_50pct,True,200,0.019749208112389255,0.019749208112389255,0.013938330312317157,0.013990235650402659,0.019780924598077884,0.013990235650402659,0.49755471623339553,0.5
darcy,pino,random_50pct,random_65pct,False,200,0.29036137274317264,0.2903613727431727,0.23385868195807935,0.17209492163046772,0.29089905695472995,0.17209492163046772,0.6486628763686597,0.6500244140625
darcy,pino,random_50pct,random_80pct,False,200,0.5729299912078869,0.5729299912078869,0.511954925984213,0.25717511193355647,0.5746140918881657,0.25717511193355647,0.7984672881207976,0.79998779296875
darcy,pino,random_50pct,vertical_lines_50pct,False,200,0.07806984770114604,0.07806984770114606,0.05166945074187856,0.05833557880521869,0.08235467879499557,0.05833557880521869,0.42396168112863436,0.5
darcy,pino,random_65pct,block_observed_50pct,False,200,0.705264703541663,0.705264703541663,0.37117560432085894,0.5942883872399289,0.781085282717015,0.5942883872399289,0.2755865896386047,0.505615234375
darcy,pino,random_65pct,boundary_band_50pct,False,200,0.7278160701398844,0.7278160701398844,0.3624708316680366,0.6285768004035809,0.7443422689055856,0.6285768004035809,0.24950618532597357,0.505615234375
darcy,pino,random_65pct,clustered_50pct,False,200,0.5718454399198639,0.5718454399198639,0.3189257594208985,0.4612808535166171,0.6981736076013864,0.4612808535166171,0.31342686737825426,0.5
darcy,pino,random_65pct,horizontal_lines_50pct,False,200,0.2518115943733182,0.2518115943733182,0.16930941366286403,0.18580095811335962,0.26092714952840285,0.18580095811335962,0.4430753465457438,0.5
darcy,pino,random_65pct,line_sensors_50pct,False,200,0.24469032937880805,0.24469032937880805,0.1659125704658716,0.1794294174197592,0.25252939788748097,0.1794294174197592,0.45322443853900085,0.505615234375
darcy,pino,random_65pct,random_50pct,False,200,0.2290387110065863,0.22903871100658627,0.1616005714650334,0.1623011364069061,0.22948783056953284,0.1623011364069061,0.49771091828694886,0.5
darcy,pino,random_65pct,random_65pct,True,200,0.01829098509540976,0.01829098509540976,0.014748987825146456,0.010816852273790757,0.01828243315034174,0.010816852273790757,0.6496956530109113,0.6500244140625
darcy,pino,random_65pct,random_80pct,False,200,0.2376388158802258,0.23763881588022578,0.21246339682510196,0.1064398770279929,0.2378359212270362,0.1064398770279929,0.7993587445146132,0.79998779296875
darcy,pino,random_65pct,vertical_lines_50pct,False,200,0.251689805231605,0.251689805231605,0.17021796634493253,0.1849525974254068,0.26147044504774575,0.1849525974254068,0.45234841473346443,0.5
darcy,pino,random_80pct,block_observed_50pct,False,200,0.6746145521985266,0.6746145521985265,0.3016933722707854,0.5991967247536223,0.7881022543178767,0.5991967247536223,0.2005447347330388,0.505615234375
darcy,pino,random_80pct,boundary_band_50pct,False,200,0.7285280080262511,0.728528008026251,0.2733788140822696,0.6740980056004138,0.799092824712619,0.6740980056004138,0.14164843015628178,0.505615234375
darcy,pino,random_80pct,clustered_50pct,False,200,0.6170620641835789,0.6170620641835788,0.3009429001916922,0.5260777574827968,0.7995563615674733,0.5260777574827968,0.24573430431429652,0.5
darcy,pino,random_80pct,horizontal_lines_50pct,False,200,0.3700905785688655,0.3700905785688654,0.25121864715443254,0.27106403572009574,0.3815475492951489,0.27106403572009574,0.4568653664765198,0.5
darcy,pino,random_80pct,line_sensors_50pct,False,200,0.363976943517938,0.363976943517938,0.2492509028750802,0.264712150562446,0.37332069112232164,0.264712150562446,0.4661420093142938,0.505615234375
darcy,pino,random_80pct,random_50pct,False,200,0.3637711715019572,0.3637711715019573,0.25676074304078605,0.25767750575600606,0.36436046187327953,0.25767750575600606,0.4981413370175258,0.5
darcy,pino,random_80pct,random_65pct,False,200,0.17786891706829294,0.17786891706829294,0.14318099140769314,0.10552361753941147,0.1783560979342367,0.10552361753941147,0.647904413493924,0.6500244140625
darcy,pino,random_80pct,random_80pct,True,200,0.016283080163925517,0.016283080163925517,0.014556614187076598,0.007295908330075302,0.01628754422646839,0.007295908330075302,0.7985495209652105,0.79998779296875
darcy,pino,random_80pct,vertical_lines_50pct,False,200,0.36558772113444965,0.36558772113444965,0.25032305235667934,0.26595046589925403,0.3764859769225523,0.26595046589925403,0.4666979192011793,0.5
darcy,pino,vertical_lines_50pct,block_observed_50pct,False,200,2.2019332048437046,2.2019332048437046,1.901803143375072,1.083717468810374,1.4803572488250691,1.083717468810374,0.7167951204441881,0.505615234375
darcy,pino,vertical_lines_50pct,boundary_band_50pct,False,200,2.7268269220284953,2.7268269220284957,2.2639136847252725,1.5094379031739373,1.7984415764100043,1.5094379031739373,0.6829014881364207,0.505615234375
darcy,pino,vertical_lines_50pct,clustered_50pct,False,200,37.79987231988734,37.799872319887335,27.198939005097742,25.533330372433912,40.272564375494994,25.533330372433912,0.5373859107057385,0.5
darcy,pino,vertical_lines_50pct,horizontal_lines_50pct,False,200,0.2546957770764135,0.2546957770764135,0.1745140026588443,0.1839302109573697,0.2584928899723923,0.1839302109573697,0.4626097714283037,0.5
darcy,pino,vertical_lines_50pct,line_sensors_50pct,False,200,0.26939153625546153,0.26939153625546153,0.189243079017604,0.19096476515470506,0.2691858395861592,0.19096476515470506,0.49394965844591815,0.505615234375
darcy,pino,vertical_lines_50pct,random_50pct,False,200,0.49564747203661313,0.49564747203661313,0.3548662156656477,0.34598843817291447,0.48920081015494,0.34598843817291447,0.5135871176787556,0.5
darcy,pino,vertical_lines_50pct,random_65pct,False,200,0.5268131155013762,0.5268131155013762,0.42830159359337133,0.3066859903116128,0.5184323582747702,0.3066859903116128,0.6615717947280608,0.6500244140625
darcy,pino,vertical_lines_50pct,random_80pct,False,200,0.6319639271692806,0.6319639271692806,0.5670628426814538,0.278912712699899,0.6233074326544606,0.278912712699899,0.8054404151750442,0.79998779296875
darcy,pino,vertical_lines_50pct,vertical_lines_50pct,True,200,0.01842913286210115,0.01842913286210115,0.012620571688737583,0.013393310162528873,0.019034453122283145,0.013393310162528873,0.4648490516217262,0.5
darcy,transolver,block_observed_50pct,block_observed_50pct,True,200,0.07521269522368669,0.0752126952236867,0.006737230782793206,0.07482646007462629,0.1013824234687718,0.07482646007462629,0.007890047941362402,0.505615234375
darcy,transolver,block_observed_50pct,boundary_band_50pct,False,200,0.06127165880754919,0.06127165880754917,0.005953570258085648,0.060906459667270256,0.072197669253782,0.060906459667270256,0.007877280558291629,0.505615234375
darcy,transolver,block_observed_50pct,clustered_50pct,False,200,0.542577164590633,0.5425771645906329,0.12484990994926053,0.5181369206735105,0.8195526776760922,0.5181369206735105,0.10059521959624326,0.5
darcy,transolver,block_observed_50pct,horizontal_lines_50pct,False,200,0.8181895840202345,0.8181895840202345,0.36491895506047745,0.7211277889105508,1.0198052602525465,0.7211277889105508,0.2336259322288414,0.5
darcy,transolver,block_observed_50pct,line_sensors_50pct,False,200,0.5733447859140857,0.5733447859140857,0.14716496713866437,0.5446269378640938,0.7710006474086001,0.5446269378640938,0.10709229326212508,0.505615234375
darcy,transolver,block_observed_50pct,random_50pct,False,200,0.6908893803664303,0.6908893803664303,0.13319888563337096,0.6751582806547544,0.9548971878436676,0.6751582806547544,0.044471215146251124,0.5
darcy,transolver,block_observed_50pct,random_65pct,False,200,0.6097339578910821,0.6097339578910821,0.16971842286324595,0.5813250145947123,0.982726831872966,0.5813250145947123,0.09206152065172243,0.6500244140625
darcy,transolver,block_observed_50pct,random_80pct,False,200,0.5523197817317359,0.5523197817317359,0.24296569043902497,0.48354732429472075,1.0808405690470537,0.48354732429472075,0.2301225448561127,0.79998779296875
darcy,transolver,block_observed_50pct,vertical_lines_50pct,False,200,0.6593878012841095,0.6593878012841095,0.19364001421972532,0.6211796981174358,0.8832386016890219,0.6211796981174358,0.12081243930985344,0.5
darcy,transolver,boundary_band_50pct,block_observed_50pct,False,200,0.4787166386884813,0.4787166386884813,0.1858122056272137,0.4255347495095995,0.5766687402971338,0.4255347495095995,0.20400301258767847,0.505615234375
darcy,transolver,boundary_band_50pct,boundary_band_50pct,True,200,0.14595871071171942,0.14595871071171942,0.027075777101627573,0.14275582657087318,0.17022396338735565,0.14275582657087318,0.03196381598346178,0.505615234375
darcy,transolver,boundary_band_50pct,clustered_50pct,False,200,0.7311221998374491,0.7311221998374491,0.3124648857570784,0.6481765235150335,1.030369395364866,0.6481765235150335,0.20415754505566389,0.5
darcy,transolver,boundary_band_50pct,horizontal_lines_50pct,False,200,0.4882855786408617,0.4882855786408617,0.2802393388499488,0.39822144807623966,0.5640944723801128,0.39822144807623966,0.3351822273668957,0.5
darcy,transolver,boundary_band_50pct,line_sensors_50pct,False,200,0.5403529650600905,0.5403529650600905,0.3130481312461497,0.4393591988962254,0.622321177166747,0.4393591988962254,0.3421661189006494,0.505615234375
darcy,transolver,boundary_band_50pct,random_50pct,False,200,0.5276026482366591,0.527602648236659,0.3372478389870938,0.40543127684088764,0.5733821175945836,0.40543127684088764,0.4116300960129281,0.5
darcy,transolver,boundary_band_50pct,random_65pct,False,200,0.4897954048068017,0.4897954048068018,0.3700419709612928,0.32054568984410936,0.5417797549228208,0.32054568984410936,0.5721958026995018,0.6500244140625
darcy,transolver,boundary_band_50pct,random_80pct,False,200,0.5016562541434814,0.5016562541434813,0.43717964109445395,0.24566694808579367,0.5488772262485179,0.24566694808579367,0.7613333218145181,0.79998779296875
darcy,transolver,boundary_band_50pct,vertical_lines_50pct,False,200,0.5857711460349847,0.5857711460349847,0.34388670878669914,0.47200750927606727,0.6712984830210081,0.47200750927606727,0.34736001618372647,0.5
darcy,transolver,clustered_50pct,block_observed_50pct,False,200,0.18613669998393909,0.18613669998393909,0.011801872155971898,0.18561773978115892,0.2466008127682529,0.18561773978115892,0.0037098086330146435,0.505615234375
darcy,transolver,clustered_50pct,boundary_band_50pct,False,200,0.18385726698692637,0.18385726698692637,0.015658651875923538,0.18295095101971565,0.21589844948723336,0.18295095101971565,0.0067219142260211825,0.505615234375
darcy,transolver,clustered_50pct,clustered_50pct,True,200,0.06059130051188319,0.06059130051188319,0.006839726644706046,0.059979707942409345,0.09075293773145926,0.059979707942409345,0.008793886312399034,0.5
darcy,transolver,clustered_50pct,horizontal_lines_50pct,False,200,0.040255947619002835,0.040255947619002835,0.011039573559114526,0.03838113898462613,0.054016246005439375,0.03838113898462613,0.07748551384303802,0.5
darcy,transolver,clustered_50pct,line_sensors_50pct,False,200,0.03709377791154255,0.03709377791154255,0.009879628889955827,0.03552775859003456,0.050141611776945184,0.03552775859003456,0.07065892197127366,0.505615234375
darcy,transolver,clustered_50pct,random_50pct,False,200,0.024459993995989558,0.024459993995989558,0.008776412183830873,0.022720065210467245,0.03213034403754144,0.022720065210467245,0.13655755386921234,0.5
darcy,transolver,clustered_50pct,random_65pct,False,200,0.0390425135598233,0.03904251355982331,0.02475165262020787,0.030047234210530828,0.05078686195960018,0.030047234210530828,0.4104514687548685,0.6500244140625
darcy,transolver,clustered_50pct,random_80pct,False,200,0.05964356959076623,0.05964356959076623,0.04929509995179325,0.03344817048086998,0.0747456655234933,0.03344817048086998,0.6874095352454977,0.79998779296875
darcy,transolver,clustered_50pct,vertical_lines_50pct,False,200,0.03978574091008588,0.03978574091008588,0.010341341369713635,0.03811744481292819,0.05390161063555594,0.03811744481292819,0.06813115267459248,0.5
darcy,transolver,horizontal_lines_50pct,block_observed_50pct,False,200,0.4302249294421783,0.4302249294421783,0.019613141556483794,0.4296511171579543,0.5717425544678271,0.4296511171579543,0.002267968368282798,0.505615234375
darcy,transolver,horizontal_lines_50pct,boundary_band_50pct,False,200,0.456259373206101,0.456259373206101,0.01690327489394484,0.45591298543117564,0.5410345490985464,0.45591298543117564,0.0014153899117766008,0.505615234375
darcy,transolver,horizontal_lines_50pct,clustered_50pct,False,200,0.32885623957102195,0.32885623957102195,0.04952633585363778,0.3238731284655013,0.5050407335539853,0.3238731284655013,0.022837734562877132,0.5
darcy,transolver,horizontal_lines_50pct,horizontal_lines_50pct,True,200,0.0025769866778638504,0.0025769866778638504,0.0006156517901455344,0.002455901417550824,0.003361634821475663,0.002455901417550824,0.009380095494382162,0.5
darcy,transolver,horizontal_lines_50pct,line_sensors_50pct,False,200,0.0969425460618092,0.0969425460618092,0.01660367322529396,0.09520352039125647,0.13461374694007117,0.09520352039125647,0.034145221824507535,0.505615234375
darcy,transolver,horizontal_lines_50pct,random_50pct,False,200,0.18948826360796145,0.18948826360796145,0.039482915193011614,0.1852892978619467,0.26200099616126526,0.1852892978619467,0.043971427884386335,0.5
darcy,transolver,horizontal_lines_50pct,random_65pct,False,200,0.17231090656731024,0.17231090656731027,0.04860247978926223,0.1652733060325805,0.27938287498366976,0.1652733060325805,0.08051388637174978,0.6500244140625
darcy,transolver,horizontal_lines_50pct,random_80pct,False,200,0.15324577454505076,0.15324577454505076,0.08838089981364355,0.12470197097537404,0.27863780313947734,0.12470197097537404,0.343380377440524,0.79998779296875
darcy,transolver,horizontal_lines_50pct,vertical_lines_50pct,False,200,0.29067437311398964,0.29067437311398964,0.0839176979701015,0.2712238498488881,0.3843429156292246,0.2712238498488881,0.11678462718018412,0.5
darcy,transolver,line_sensors_50pct,block_observed_50pct,False,200,0.704433000838171,0.704433000838171,0.030554326224019074,0.7036940028478094,0.9373122515838956,0.7036940028478094,0.0020024164266729573,0.505615234375
darcy,transolver,line_sensors_50pct,boundary_band_50pct,False,200,0.7538606982724732,0.7538606982724732,0.029265638854407826,0.7532574069068105,0.8946012359814294,0.7532574069068105,0.0015597380389431297,0.505615234375
darcy,transolver,line_sensors_50pct,clustered_50pct,False,200,0.36910954318130124,0.36910954318130124,0.03153596655312238,0.3673735806277561,0.5535981371140939,0.3673735806277561,0.007316956362610772,0.5
darcy,transolver,line_sensors_50pct,horizontal_lines_50pct,False,200,0.013100731247040549,0.013100731247040547,0.0022235010492525826,0.01286067635745451,0.018164226006492475,0.01286067635745451,0.02687772120616008,0.5
darcy,transolver,line_sensors_50pct,line_sensors_50pct,True,200,0.004918782589884332,0.004918782589884333,0.0010119028500792777,0.0047893094817942185,0.006755161337927054,0.0047893094817942185,0.04044087056811573,0.505615234375
darcy,transolver,line_sensors_50pct,random_50pct,False,200,0.08576427155133942,0.08576427155133942,0.010809260288978231,0.08504855669161829,0.12027159819786026,0.08504855669161829,0.016404611058626884,0.5
darcy,transolver,line_sensors_50pct,random_65pct,False,200,0.0739483228207011,0.0739483228207011,0.034355184077190765,0.06465466351243628,0.10930316352326727,0.06465466351243628,0.22992427724511566,0.6500244140625
darcy,transolver,line_sensors_50pct,random_80pct,False,200,0.14833819730885064,0.14833819730885062,0.0981921051321554,0.10873539425734945,0.24296476283953028,0.10873539425734945,0.45018563778389725,0.79998779296875
darcy,transolver,line_sensors_50pct,vertical_lines_50pct,False,200,0.012098451365908178,0.012098451365908178,0.0035017535822081318,0.011327227127474535,0.01608284650409314,0.011327227127474535,0.08058571766901355,0.5
darcy,transolver,random_50pct,block_observed_50pct,False,200,1.527240787558155,1.527240787558155,0.1573293613661261,1.5136424040587593,2.022615976079461,1.5136424040587593,0.014300551424456305,0.505615234375
darcy,transolver,random_50pct,boundary_band_50pct,False,200,1.5537047549921943,1.5537047549921943,0.11238002689251532,1.5474005516310854,1.838387829491239,1.5474005516310854,0.006446879954193738,0.505615234375
darcy,transolver,random_50pct,clustered_50pct,False,200,1.312019445755754,1.312019445755754,0.25214882441003916,1.2784491362699477,2.0049928427358394,1.2784491362699477,0.042513906219503524,0.5
darcy,transolver,random_50pct,horizontal_lines_50pct,False,200,0.5191413363870143,0.5191413363870144,0.040898696276744674,0.5160360842471079,0.7305886163819421,0.5160360842471079,0.011582530954612777,0.5
darcy,transolver,random_50pct,line_sensors_50pct,False,200,0.5271573826963438,0.5271573826963438,0.023376376339585683,0.5265940298548465,0.7454944545574759,0.5265940298548465,0.002073289833446757,0.505615234375
darcy,transolver,random_50pct,random_50pct,True,200,0.0019169835484075968,0.0019169835484075968,0.0006929355766625463,0.0017740300272330084,0.0025090982639703985,0.0017740300272330084,0.19428580394220765,0.5
darcy,transolver,random_50pct,random_65pct,False,200,0.05367740766113585,0.053677407661135865,0.043876748705042344,0.03077494046532498,0.052028100527784955,0.03077494046532498,0.6688755075115528,0.6500244140625
darcy,transolver,random_50pct,random_80pct,False,200,0.13299794263705178,0.13299794263705178,0.10683325284439509,0.07825631193762611,0.17484062477333773,0.07825631193762611,0.6444983685617571,0.79998779296875
darcy,transolver,random_50pct,vertical_lines_50pct,False,200,0.6002188524610856,0.6002188524610856,0.038914731625387236,0.598714285626324,0.8513054491756358,0.598714285626324,0.004685259977001217,0.5
darcy,transolver,random_65pct,block_observed_50pct,False,200,0.8302390515475325,0.8302390515475324,0.026069449521950137,0.8296961158288955,1.1089173123417908,0.8296961158288955,0.0012008122956011476,0.505615234375
darcy,transolver,random_65pct,boundary_band_50pct,False,200,0.8660126596202465,0.8660126596202465,0.019807664933460246,0.8657507728219328,1.0292870619583268,0.8657507728219328,0.0006025887777716623,0.505615234375
darcy,transolver,random_65pct,clustered_50pct,False,200,0.7670452129314878,0.7670452129314875,0.09026548159319203,0.757421838023919,1.2037353910918527,0.757421838023919,0.019763281319749217,0.5
darcy,transolver,random_65pct,horizontal_lines_50pct,False,200,0.2603423882092223,0.2603423882092223,0.0185049780221773,0.2595081463225211,0.3670594204451749,0.2595081463225211,0.0049422203352399545,0.5
darcy,transolver,random_65pct,line_sensors_50pct,False,200,0.28109198088711873,0.28109198088711873,0.016986631346976595,0.28050718831051275,0.3963722564653051,0.28050718831051275,0.0037891729879750064,0.505615234375
darcy,transolver,random_65pct,random_50pct,False,200,0.02989928240446013,0.02989928240446013,0.015179579493799973,0.02569689560399349,0.03633124009741537,0.02569689560399349,0.2629258927765497,0.5
darcy,transolver,random_65pct,random_65pct,True,200,0.0008624556467520591,0.0008624556467520588,0.0005177903516800943,0.0006714537985601992,0.001135207301092281,0.0006714537985601992,0.43115635215864423,0.6500244140625
darcy,transolver,random_65pct,random_80pct,False,200,0.051112976990041165,0.05111297699004116,0.04285612238963348,0.02732829944829317,0.06107099250441611,0.02732829944829317,0.7066420808879597,0.79998779296875
darcy,transolver,random_65pct,vertical_lines_50pct,False,200,0.2974461038347352,0.29744610383473524,0.02973571481673678,0.2953418498726761,0.4198484089162458,0.2953418498726761,0.011565158141065918,0.5
darcy,transolver,random_80pct,block_observed_50pct,False,200,1.5916808399892433,1.5916808399892433,0.1769340469619838,1.5755783224010806,2.1194741569538436,1.5755783224010806,0.021176099435602988,0.505615234375
darcy,transolver,random_80pct,boundary_band_50pct,False,200,1.6226828239227948,1.6226828239227944,0.159393786984008,1.6139820976437702,1.9209437303687296,1.6139820976437702,0.01048158092837359,0.505615234375
darcy,transolver,random_80pct,clustered_50pct,False,200,1.1207208578432302,1.1207208578432304,0.3406991213149151,1.051893945911772,1.6500822597182374,1.051893945911772,0.10632785531949422,0.5
darcy,transolver,random_80pct,horizontal_lines_50pct,False,200,0.862718348571305,0.862718348571305,0.29432108958675324,0.8077098604933586,1.1413140088966656,0.8077098604933586,0.12148898236074926,0.5
darcy,transolver,random_80pct,line_sensors_50pct,False,200,1.3595205810248918,1.3595205810248918,0.5507733945525433,1.2248768186923464,1.7323107652785268,1.2248768186923464,0.22586506692519911,0.505615234375
darcy,transolver,random_80pct,random_50pct,False,200,0.41125895832962583,0.41125895832962583,0.1583046397405602,0.3791984811198026,0.5362033451780992,0.3791984811198026,0.1482855233514436,0.5
darcy,transolver,random_80pct,random_65pct,False,200,0.0684259420532659,0.0684259420532659,0.036359600996199,0.057248728883191165,0.09678094885146013,0.057248728883191165,0.29978864811295886,0.6500244140625
darcy,transolver,random_80pct,random_80pct,True,200,0.001668666776907361,0.0016686667769073608,0.0008137124621227005,0.001395929436507686,0.003118590937990131,0.001395929436507686,0.3640008455225443,0.79998779296875
darcy,transolver,random_80pct,vertical_lines_50pct,False,200,2.33427071323386,2.3342707132338605,1.3049368936649852,1.9233837085800238,2.7291930815515792,1.9233837085800238,0.34025967160069287,0.5
darcy,transolver,vertical_lines_50pct,block_observed_50pct,False,200,0.7348646277998327,0.7348646277998327,0.029679370487588713,0.7341746152708657,0.9817636481402948,0.7341746152708657,0.0018067803304171303,0.505615234375
darcy,transolver,vertical_lines_50pct,boundary_band_50pct,False,200,0.7963580406750482,0.7963580406750482,0.031334496179953604,0.7956813066899165,0.9468520789815895,0.7956813066899165,0.0017185828367376997,0.505615234375
darcy,transolver,vertical_lines_50pct,clustered_50pct,False,200,0.6373530663063227,0.6373530663063227,0.07251266824322339,0.63238604607076,0.9801438096579135,0.63238604607076,0.013019111214829343,0.5
darcy,transolver,vertical_lines_50pct,horizontal_lines_50pct,False,200,0.4591071420140029,0.4591071420140029,0.06159434334680545,0.45290133125026577,0.6401769415491527,0.45290133125026577,0.024824190887314804,0.5
darcy,transolver,vertical_lines_50pct,line_sensors_50pct,False,200,0.30664753165571396,0.30664753165571396,0.02305345589895623,0.3055642761716681,0.4328220567616402,0.3055642761716681,0.006834816377372862,0.505615234375
darcy,transolver,vertical_lines_50pct,random_50pct,False,200,0.4005076513186927,0.4005076513186927,0.056744004297285856,0.3960141365362707,0.5599962445063471,0.3960141365362707,0.0217459672151898,0.5
darcy,transolver,vertical_lines_50pct,random_65pct,False,200,0.34349749692015036,0.34349749692015036,0.07728626419914958,0.33387337885456975,0.5642911553654826,0.33387337885456975,0.053420781568854867,0.6500244140625
darcy,transolver,vertical_lines_50pct,random_80pct,False,200,0.26630905491932283,0.26630905491932283,0.107040664578073,0.2418877934700043,0.5403432372480406,0.2418877934700043,0.1689408377016185,0.79998779296875
darcy,transolver,vertical_lines_50pct,vertical_lines_50pct,True,200,0.005752986687968059,0.00575298668796806,0.0012071014954908158,0.0055968391594298774,0.007959667416407874,0.0055968391594298774,0.043034329535723184,0.5
darcy,ufno_2d,block_observed_50pct,block_observed_50pct,True,200,0.3566724451763065,0.3566724451763065,0.2280135933719934,0.2671107382945302,0.35603826678063977,0.2671107382945302,0.4226322275199706,0.505615234375
darcy,ufno_2d,block_observed_50pct,boundary_band_50pct,False,200,0.35674277097365326,0.3567427709736533,0.19352180067658678,0.2970729029853536,0.3527366428569044,0.2970729029853536,0.296107886769958,0.505615234375
darcy,ufno_2d,block_observed_50pct,clustered_50pct,False,200,0.3567368067412964,0.3567368067412964,0.2603159623310825,0.23139251406053588,0.3648481032447283,0.23139251406053588,0.5619703683881031,0.5
darcy,ufno_2d,block_observed_50pct,horizontal_lines_50pct,False,200,0.3566999642119958,0.35669996421199585,0.25183514992231176,0.2520298869331034,0.3559662680814844,0.2520298869331034,0.4979968245020104,0.5
darcy,ufno_2d,block_observed_50pct,line_sensors_50pct,False,200,0.3567034702036973,0.3567034702036973,0.2522851235993813,0.2516709004548888,0.35634016794795526,0.2516709004548888,0.5012674899211431,0.505615234375
darcy,ufno_2d,block_observed_50pct,random_50pct,False,200,0.35670859997179716,0.35670859997179716,0.2523376247306036,0.25210984618498605,0.3566337680215744,0.25210984618498605,0.5006836125952916,0.5
darcy,ufno_2d,block_observed_50pct,random_65pct,False,200,0.3566689635382764,0.3566689635382764,0.28765616124928295,0.21085418309972453,0.35650172430797306,0.21085418309972453,0.6506479274170374,0.6500244140625
darcy,ufno_2d,block_observed_50pct,random_80pct,False,200,0.356635425615808,0.35663542561580813,0.3189554426729708,0.159527461113128,0.35630670902254435,0.159527461113128,0.7997818926902164,0.79998779296875
darcy,ufno_2d,block_observed_50pct,vertical_lines_50pct,False,200,0.35673063727432913,0.3567306372743292,0.2524098823168045,0.2516244216440518,0.35748094407232744,0.2516244216440518,0.5010868917573257,0.5
darcy,ufno_2d,boundary_band_50pct,block_observed_50pct,False,200,0.7027045000326438,0.7027045000326438,0.472974422716949,0.5080239996449113,0.684192415926978,0.5080239996449113,0.4690439021942675,0.505615234375
darcy,ufno_2d,boundary_band_50pct,boundary_band_50pct,True,200,0.35670431523421475,0.35670431523421475,0.19290148036366983,0.2973080545605979,0.3529833683732728,0.2973080545605979,0.2957024576696852,0.505615234375
darcy,ufno_2d,boundary_band_50pct,clustered_50pct,False,200,1.3653840054469975,1.3653840054469975,0.986325520031234,0.9312767748500257,1.4503409300428194,0.9312767748500257,0.5265717766905194,0.5
darcy,ufno_2d,boundary_band_50pct,horizontal_lines_50pct,False,200,1.0693893343949101,1.0693893343949101,0.7542857622810365,0.756672358305814,1.0697399329576718,0.756672358305814,0.49845872419354686,0.5
darcy,ufno_2d,boundary_band_50pct,line_sensors_50pct,False,200,1.0666289815297565,1.0666289815297565,0.7533703136442153,0.753909994003225,1.066835189709641,0.753909994003225,0.4995626972986045,0.505615234375
darcy,ufno_2d,boundary_band_50pct,random_50pct,False,200,1.0732221848456032,1.0732221848456032,0.7588118954535753,0.7589263588374995,1.0732015804723858,0.7589263588374995,0.499913157764952,0.5
darcy,ufno_2d,boundary_band_50pct,random_65pct,False,200,1.0833081734926135,1.0833081734926135,0.8734211394971056,0.6408231200033283,1.083269676559422,0.6408231200033283,0.6500558480605506,0.6500244140625
darcy,ufno_2d,boundary_band_50pct,random_80pct,False,200,1.0950224814054321,1.095022481405432,0.9792345442025381,0.49003703962964645,1.094978758429913,0.49003703962964645,0.7997164641065361,0.79998779296875
darcy,ufno_2d,boundary_band_50pct,vertical_lines_50pct,False,200,1.0684960516456763,1.068496051645676,0.7570528482857632,0.7529343841836769,1.0688742526188248,0.7529343841836769,0.5026475366185154,0.5
darcy,ufno_2d,clustered_50pct,block_observed_50pct,False,200,0.297656838863926,0.297656838863926,0.17092849304163565,0.2381567860834627,0.31714078438255167,0.2381567860834627,0.33493565458542474,0.505615234375
darcy,ufno_2d,clustered_50pct,boundary_band_50pct,False,200,0.3103980946973919,0.3103980946973919,0.15230793457927508,0.26834031509859557,0.3176107399070515,0.26834031509859557,0.23849692601863975,0.505615234375
darcy,ufno_2d,clustered_50pct,clustered_50pct,True,200,0.2980594249140193,0.2980594249140194,0.19584946004830153,0.21493074234515444,0.34543439270029225,0.21493074234515447,0.4548221857795821,0.5
darcy,ufno_2d,clustered_50pct,horizontal_lines_50pct,False,200,0.27305692322358,0.27305692322358,0.19167501835657727,0.19402197739189264,0.2738946228888412,0.19402197739189264,0.4915253709436572,0.5
darcy,ufno_2d,clustered_50pct,line_sensors_50pct,False,200,0.27212812184673146,0.27212812184673146,0.19168774019749,0.19279538357480008,0.27296972920210255,0.19279538357480008,0.496930057890554,0.505615234375
darcy,ufno_2d,clustered_50pct,random_50pct,False,200,0.2692950618987017,0.2692950618987017,0.19042308690600807,0.19040745799910244,0.26937343525951624,0.19040745799910244,0.5002271710489439,0.5
darcy,ufno_2d,clustered_50pct,random_65pct,False,200,0.2918522266944521,0.29185222669445215,0.23533998296445438,0.17259518794660578,0.29190633899109053,0.17259518794660578,0.6505578894673347,0.6500244140625
darcy,ufno_2d,clustered_50pct,random_80pct,False,200,0.34126013357372786,0.34126013357372786,0.30518255894528357,0.15270295473511614,0.3412262428898153,0.15270295473511614,0.7998188347638262,0.79998779296875
darcy,ufno_2d,clustered_50pct,vertical_lines_50pct,False,200,0.2728749031284388,0.27287490312843876,0.19211398618166978,0.1934455302688188,0.27491787989660127,0.1934455302688188,0.4958033141168198,0.5
darcy,ufno_2d,horizontal_lines_50pct,block_observed_50pct,False,200,1.4921782725002395,1.4921782725002395,0.8728378091340723,1.205595767691364,1.610987897770224,1.205595767691364,0.348060431775534,0.505615234375
darcy,ufno_2d,horizontal_lines_50pct,boundary_band_50pct,False,200,1.4723804452540679,1.4723804452540679,0.8142502932153401,1.2262241824532025,1.457398118514968,1.2262241824532025,0.307604427453917,0.505615234375
darcy,ufno_2d,horizontal_lines_50pct,clustered_50pct,False,200,1.083052962567472,1.083052962567472,0.5829655227488464,0.8921684481572492,1.3947833735935922,0.8921684481572492,0.3157454536815587,0.5
darcy,ufno_2d,horizontal_lines_50pct,horizontal_lines_50pct,True,200,0.32087420318260973,0.32087420318260973,0.22563522581381595,0.22799406668418076,0.32228032940398843,0.22799406668418074,0.4935896069032682,0.5
darcy,ufno_2d,horizontal_lines_50pct,line_sensors_50pct,False,200,0.35383007282341367,0.35383007282341367,0.24055521541645045,0.25919201818934356,0.3662083574099783,0.25919201818934356,0.45991630141610196,0.505615234375
darcy,ufno_2d,horizontal_lines_50pct,random_50pct,False,200,0.32065696466112553,0.32065696466112553,0.22570698937267758,0.22776317788222847,0.32203737245399094,0.22776317788222847,0.49540905261993606,0.5
darcy,ufno_2d,horizontal_lines_50pct,random_65pct,False,200,0.30756481248805384,0.3075648124880538,0.24744603348569613,0.1826615661480621,0.30874915694249916,0.1826615661480621,0.6472358862634259,0.6500244140625
darcy,ufno_2d,horizontal_lines_50pct,random_80pct,False,200,0.32405994260919113,0.32405994260919113,0.28960006067772925,0.14541012048374147,0.32495859354854295,0.14541012048374147,0.7985960529552426,0.79998779296875
darcy,ufno_2d,horizontal_lines_50pct,vertical_lines_50pct,False,200,0.3812684291619833,0.3812684291619833,0.2513431649200951,0.2862386080641142,0.4060471486497131,0.2862386080641142,0.43203652032053685,0.5
darcy,ufno_2d,line_sensors_50pct,block_observed_50pct,False,200,0.6164518483902007,0.6164518483902007,0.3214884122554756,0.514132984077706,0.6746386464934717,0.514132984077706,0.2809152021620511,0.505615234375
darcy,ufno_2d,line_sensors_50pct,boundary_band_50pct,False,200,0.6574653015837562,0.6574653015837564,0.24000386481650604,0.6099713811757502,0.7211862866271221,0.6099713811757502,0.13318252246528145,0.505615234375
darcy,ufno_2d,line_sensors_50pct,clustered_50pct,False,200,0.574914785017312,0.574914785017312,0.33488664776884475,0.4504862982712672,0.6986726176906491,0.4504862982712672,0.3499852399788814,0.5
darcy,ufno_2d,line_sensors_50pct,horizontal_lines_50pct,False,200,0.0928199943378561,0.0928199943378561,0.064553892227029,0.06658746502785721,0.09405958630450607,0.06658746502785721,0.4809116284819338,0.5
darcy,ufno_2d,line_sensors_50pct,line_sensors_50pct,True,200,0.0923027608678904,0.0923027608678904,0.06420975194675016,0.06618024643257829,0.0935254356407885,0.06618024643257829,0.4804786913122686,0.505615234375
darcy,ufno_2d,line_sensors_50pct,random_50pct,False,200,0.08103661199502288,0.08103661199502288,0.057046832299464494,0.057553009835602395,0.08138389280224509,0.057553009835602395,0.4953337755883352,0.5
darcy,ufno_2d,line_sensors_50pct,random_65pct,False,200,0.2848349948310966,0.2848349948310966,0.22977581485989365,0.16831613394988018,0.28453094062430484,0.16831613394988018,0.6508100637869495,0.6500244140625
darcy,ufno_2d,line_sensors_50pct,random_80pct,False,200,0.5343750170190787,0.5343750170190787,0.4780517158158333,0.23876805969779707,0.5335334842283411,0.23876805969779707,0.8003386506553463,0.79998779296875
darcy,ufno_2d,line_sensors_50pct,vertical_lines_50pct,False,200,0.09141521056342787,0.09141521056342787,0.06358822860956702,0.06558863441158688,0.09314987040786082,0.0655886344115869,0.4818470835104717,0.5
darcy,ufno_2d,random_50pct,block_observed_50pct,False,200,0.7618846113668997,0.7618846113668997,0.4473562573235234,0.601759117834706,0.7936527396391324,0.601759117834706,0.3598487028220878,0.505615234375
darcy,ufno_2d,random_50pct,boundary_band_50pct,False,200,0.7332841664607966,0.7332841664607966,0.32395727988240614,0.6545119030957806,0.7750655758465888,0.6545119030957806,0.19667854111914576,0.505615234375
darcy,ufno_2d,random_50pct,clustered_50pct,False,200,0.7573028491669029,0.7573028491669029,0.5570142099331469,0.48890087845494085,0.7389053594129298,0.48890087845494085,0.5560575407361168,0.5
darcy,ufno_2d,random_50pct,horizontal_lines_50pct,False,200,0.24772423798839707,0.24772423798839704,0.16768721834445288,0.1817169662908212,0.25592204882919906,0.1817169662908212,0.4547055408446198,0.5
darcy,ufno_2d,random_50pct,line_sensors_50pct,False,200,0.23899636333110663,0.23899636333110663,0.16366966389851687,0.17362443640153788,0.2448458544611939,0.17362443640153788,0.46602491472226465,0.505615234375
darcy,ufno_2d,random_50pct,random_50pct,True,200,0.17895919172188252,0.17895919172188252,0.12613129026723768,0.1269505520496168,0.17950418236981153,0.1269505520496168,0.4966506404763342,0.5
darcy,ufno_2d,random_50pct,random_65pct,False,200,0.31178464977052345,0.31178464977052345,0.2519849797502764,0.18359845274410322,0.310428112158406,0.18359845274410322,0.6533872220402359,0.6500244140625
darcy,ufno_2d,random_50pct,random_80pct,False,200,0.5716424078046025,0.5716424078046025,0.5117285570097831,0.2547426049926209,0.5692863430610218,0.2547426049926209,0.8014307530737282,0.79998779296875
darcy,ufno_2d,random_50pct,vertical_lines_50pct,False,200,0.243020476436912,0.24302047643691196,0.1677126595550385,0.17532383541525093,0.2483150569578042,0.17532383541525093,0.47570804487613383,0.5
darcy,ufno_2d,random_65pct,block_observed_50pct,False,200,0.7115980579633947,0.7115980579633947,0.26611536091988136,0.6527327099096092,0.8605064290079046,0.6527327099096092,0.14518027178002071,0.505615234375
darcy,ufno_2d,random_65pct,boundary_band_50pct,False,200,0.7484533893078544,0.7484533893078544,0.17857970313284383,0.7261207931044261,0.8607994940243767,0.7261207931044261,0.05707262530059498,0.505615234375
darcy,ufno_2d,random_65pct,clustered_50pct,False,200,0.6336295893672035,0.6336295893672036,0.33667087539386453,0.5230319152849563,0.7930441673977222,0.5230319152849563,0.28620118607770967,0.5
darcy,ufno_2d,random_65pct,horizontal_lines_50pct,False,200,0.3102813194764516,0.31028131947645154,0.19567517638768947,0.2403480658982056,0.33742035754917393,0.2403480658982056,0.39151198612874355,0.5
darcy,ufno_2d,random_65pct,line_sensors_50pct,False,200,0.3024884968498679,0.3024884968498679,0.19312745745771095,0.23248960933767315,0.32681399513917,0.23248960933767315,0.4024312899359982,0.505615234375
darcy,ufno_2d,random_65pct,random_50pct,False,200,0.27253321021134397,0.27253321021134397,0.19023362925294432,0.19514619107021272,0.2759026553648335,0.19514619107021272,0.4870940652322429,0.5
darcy,ufno_2d,random_65pct,random_65pct,True,200,0.12504777310703724,0.12504777310703724,0.10076565390002049,0.07404296648932417,0.12516120890366741,0.07404296648932417,0.6494106934873112,0.6500244140625
darcy,ufno_2d,random_65pct,random_80pct,False,200,0.26004179093163055,0.26004179093163055,0.23391083588176664,0.11360064538540492,0.2539253889152176,0.11360064538540492,0.8092254571259371,0.79998779296875
darcy,ufno_2d,random_65pct,vertical_lines_50pct,False,200,0.3046503572948738,0.3046503572948738,0.19302873998957287,0.2353505791906999,0.33242056411966514,0.2353505791906999,0.39764571151235595,0.5
darcy,ufno_2d,random_80pct,block_observed_50pct,False,200,0.7398811058400291,0.739881105840029,0.22827870337105144,0.7021113129483139,0.9278891568641852,0.7021113129483139,0.09475001177871245,0.505615234375
darcy,ufno_2d,random_80pct,boundary_band_50pct,False,200,0.8097034487978354,0.8097034487978354,0.21897732185352417,0.7790702562898759,0.9241523918016632,0.7790702562898759,0.07344982620966768,0.505615234375
darcy,ufno_2d,random_80pct,clustered_50pct,False,200,0.6377606900212535,0.6377606900212535,0.2498194797871852,0.5825830365134853,0.8858800263352387,0.5825830365134853,0.1496018438953972,0.5
darcy,ufno_2d,random_80pct,horizontal_lines_50pct,False,200,0.45769199131152666,0.45769199131152666,0.29950943059755364,0.34553411289185204,0.48657072705097476,0.34553411289185204,0.4257284394110801,0.5
darcy,ufno_2d,random_80pct,line_sensors_50pct,False,200,0.4539423521587427,0.4539423521587427,0.3006377305029529,0.3397286833093658,0.47917408408495227,0.3397286833093658,0.43649594111621814,0.505615234375
darcy,ufno_2d,random_80pct,random_50pct,False,200,0.4400797625125834,0.4400797625125834,0.30896041376554295,0.3133781329328722,0.4431065690895272,0.3133781329328722,0.4928314987943085,0.5
darcy,ufno_2d,random_80pct,random_65pct,False,200,0.2908850739056867,0.29088507390568663,0.2331638984914721,0.17391408471655076,0.29396073719379684,0.17391408471655076,0.6426149902658816,0.6500244140625
darcy,ufno_2d,random_80pct,random_80pct,True,200,0.21441838859393023,0.21441838859393023,0.1917277946322611,0.09599721864870872,0.21451894032002425,0.09599721864870872,0.7995949469702508,0.79998779296875
darcy,ufno_2d,random_80pct,vertical_lines_50pct,False,200,0.45430900212799175,0.45430900212799175,0.2977209923367321,0.34275367279675256,0.4852388221130155,0.34275367279675256,0.42793095962010586,0.5
darcy,ufno_2d,vertical_lines_50pct,block_observed_50pct,False,200,0.3569620262780614,0.3569620262780614,0.2285952918588427,0.2666348029444954,0.35523080022516873,0.2666348029444954,0.4246514934964714,0.505615234375
darcy,ufno_2d,vertical_lines_50pct,boundary_band_50pct,False,200,0.3568243535167799,0.35682435351677994,0.19379761133446077,0.2968191957645653,0.3523925669799499,0.2968191957645653,0.29757963696108386,0.505615234375
darcy,ufno_2d,vertical_lines_50pct,clustered_50pct,False,200,0.3572602320859929,0.3572602320859929,0.26057541395362005,0.23170576333622395,0.3652337949362192,0.23170576333622395,0.5624054231255317,0.5
darcy,ufno_2d,vertical_lines_50pct,horizontal_lines_50pct,False,200,0.35666655630490046,0.3566665563049006,0.2518304042218451,0.2519892362290122,0.3559296091120389,0.2519892362290122,0.49805596526135687,0.5
darcy,ufno_2d,vertical_lines_50pct,line_sensors_50pct,False,200,0.3567175232449052,0.3567175232449052,0.25231166594714416,0.25166892227137405,0.35633888388544066,0.25166892227137405,0.501288231619445,0.505615234375
darcy,ufno_2d,vertical_lines_50pct,random_50pct,False,200,0.3565812190811631,0.356581219081163,0.2522545187717223,0.25201300999832293,0.35649814186183076,0.25201300999832293,0.5006906251618177,0.5
darcy,ufno_2d,vertical_lines_50pct,random_65pct,False,200,0.3564591030603961,0.3564591030603962,0.2874879822980276,0.2107286634547027,0.3562913992005769,0.2107286634547027,0.6506473640372965,0.6500244140625
darcy,ufno_2d,vertical_lines_50pct,random_80pct,False,200,0.35638134079900186,0.35638134079900186,0.31872796959428906,0.1594142058969741,0.3560579523059135,0.1594142058969741,0.7997819614429799,0.79998779296875
darcy,ufno_2d,vertical_lines_50pct,vertical_lines_50pct,True,200,0.3566322008495421,0.35663220084954217,0.2523443346210017,0.25155246305665185,0.3573875600269472,0.25155246305665185,0.5010932931982638,0.5
helmholtz,cno,block_observed_50pct,block_observed_50pct,True,200,0.08953390001336596,0.08953390001336597,0.014699558053672523,0.08814010351372974,0.10330909961491422,0.08814010351372974,0.02345786363571069,0.505615234375
helmholtz,cno,block_observed_50pct,boundary_band_50pct,False,200,0.06914667137138052,0.06914667137138052,0.01159840020902718,0.06804039393513633,0.07456020989162744,0.06804039393513633,0.024443042732975217,0.505615234375
helmholtz,cno,block_observed_50pct,clustered_50pct,False,200,0.7385283926822618,0.7385283926822618,0.17263906114528318,0.7148806018796937,1.2336830727847083,0.7148806018796937,0.05713955287737926,0.5
helmholtz,cno,block_observed_50pct,horizontal_lines_50pct,False,200,1.0021028182968252,1.0021028182968252,0.613276718406752,0.7897989862593577,1.1201585663746179,0.7897989862593577,0.369113350912434,0.5
helmholtz,cno,block_observed_50pct,line_sensors_50pct,False,200,1.0034369678598776,1.0034369678598776,0.6375220413490424,0.7737824986331681,1.098972777520015,0.7737824986331681,0.4012049796332635,0.505615234375
helmholtz,cno,block_observed_50pct,random_50pct,False,200,0.9504098257562233,0.9504098257562233,0.660508989269194,0.6832818730990761,0.966206943805958,0.6832818730990761,0.48146876788402143,0.5
helmholtz,cno,block_observed_50pct,random_65pct,False,200,0.9032092054610851,0.9032092054610851,0.7214515338407266,0.5432599754713613,0.9183278617054875,0.5432599754713613,0.6362137613216222,0.6500244140625
helmholtz,cno,block_observed_50pct,random_80pct,False,200,0.897340257872058,0.897340257872058,0.7999165104347413,0.40640561745421394,0.9079900211786571,0.40640561745421394,0.793198323197385,0.79998779296875
helmholtz,cno,block_observed_50pct,vertical_lines_50pct,False,200,1.0809134284585233,1.0809134284585233,0.6791149792517907,0.8384940043237432,1.1879115070177546,0.8384940043237432,0.39267778347055693,0.5
helmholtz,cno,boundary_band_50pct,block_observed_50pct,False,200,0.5762436896531571,0.576243689653157,0.0678146207613217,0.5686647784453241,0.6658449581330593,0.5686647784453241,0.01716675204015133,0.505615234375
helmholtz,cno,boundary_band_50pct,boundary_band_50pct,True,200,0.04537805731643964,0.04537805731643964,0.009657879604412474,0.04412396044159477,0.048553821942432185,0.04412396044159477,0.033854685820544045,0.505615234375
helmholtz,cno,boundary_band_50pct,clustered_50pct,False,200,0.890739175501661,0.890739175501661,0.45649336228306536,0.7401946836493803,1.2554166203975259,0.7401946836493803,0.2730025753560536,0.5
helmholtz,cno,boundary_band_50pct,horizontal_lines_50pct,False,200,0.674221450172042,0.674221450172042,0.4577793932080628,0.4939523157973339,0.6996904644232282,0.4939523157973339,0.4588000312182953,0.5
helmholtz,cno,boundary_band_50pct,line_sensors_50pct,False,200,0.6817869851752136,0.6817869851752135,0.46020886351140144,0.5023999022323448,0.7128502955747079,0.5023999022323448,0.4556671648399208,0.505615234375
helmholtz,cno,boundary_band_50pct,random_50pct,False,200,0.7265624505647721,0.7265624505647721,0.5064776599507141,0.520894621276453,0.7364338541772772,0.520894621276453,0.48594063646471836,0.5
helmholtz,cno,boundary_band_50pct,random_65pct,False,200,0.6724968422555616,0.6724968422555616,0.5368198202593873,0.40501610671425664,0.6842839026946146,0.40501610671425664,0.637386343233138,0.6500244140625
helmholtz,cno,boundary_band_50pct,random_80pct,False,200,0.658090383634019,0.658090383634019,0.5855269655456039,0.3003381272194761,0.6707118771576522,0.3003381272194761,0.7921785060421194,0.79998779296875
helmholtz,cno,boundary_band_50pct,vertical_lines_50pct,False,200,0.7292736463372356,0.7292736463372356,0.4716439200208278,0.555235657439284,0.7876920623845558,0.555235657439284,0.41791774521574354,0.5
helmholtz,cno,clustered_50pct,block_observed_50pct,False,200,0.571163567297958,0.571163567297958,0.027824086845892215,0.5702819080885316,0.6525524505276421,0.5702819080885316,0.0022565212408945947,0.505615234375
helmholtz,cno,clustered_50pct,boundary_band_50pct,False,200,0.6334247468173101,0.6334247468173101,0.02881080972621128,0.6326375440568308,0.6854820340225721,0.6326375440568308,0.002079225224804236,0.505615234375
helmholtz,cno,clustered_50pct,clustered_50pct,True,200,0.09069536573914584,0.09069536573914584,0.01440231386386581,0.08924514129274277,0.14729180960433821,0.08924514129274277,0.020754737726325773,0.5
helmholtz,cno,clustered_50pct,horizontal_lines_50pct,False,200,0.14527324621684362,0.14527324621684365,0.09526777915933143,0.10916761008177786,0.15471575702923915,0.10916761008177786,0.43186568693682964,0.5
helmholtz,cno,clustered_50pct,line_sensors_50pct,False,200,0.13963317303130945,0.13963317303130948,0.09039911201024778,0.10610451000057029,0.15058685607771077,0.10610451000057029,0.4165387273945136,0.505615234375
helmholtz,cno,clustered_50pct,random_50pct,False,200,0.14530117621412647,0.14530117621412647,0.10128688830581192,0.10416630935776591,0.14723157274086265,0.10416630935776591,0.48463826334141413,0.5
helmholtz,cno,clustered_50pct,random_65pct,False,200,0.16789697716975638,0.1678969771697564,0.13461290204158372,0.100337634133737,0.1695052326377563,0.100337634133737,0.6430027905372887,0.6500244140625
helmholtz,cno,clustered_50pct,random_80pct,False,200,0.21909631898491777,0.21909631898491777,0.195402905441372,0.0990943076073059,0.22134511419665429,0.0990943076073059,0.7955260737798533,0.79998779296875
helmholtz,cno,clustered_50pct,vertical_lines_50pct,False,200,0.1432555934786658,0.1432555934786658,0.08947689822905072,0.11128265684468332,0.15774484475462067,0.11128265684468332,0.38587647045837176,0.5
helmholtz,cno,horizontal_lines_50pct,block_observed_50pct,False,200,0.8232912492256632,0.8232912492256631,0.03442858547747354,0.8224441543224132,0.9427099499612723,0.8224441543224132,0.0017518134909823345,0.505615234375
helmholtz,cno,horizontal_lines_50pct,boundary_band_50pct,False,200,0.8617175969006073,0.8617175969006076,0.033670179658008635,0.8609615642700752,0.9360919758407934,0.8609615642700752,0.0015354636820064348,0.505615234375
helmholtz,cno,horizontal_lines_50pct,clustered_50pct,False,200,0.42008736311960326,0.4200873631196032,0.02969974804081734,0.41886450327071345,0.66664026405283,0.41886450327071345,0.004223750145927823,0.5
helmholtz,cno,horizontal_lines_50pct,horizontal_lines_50pct,True,200,0.00503641555818129,0.005036415558181291,0.0030905576083555823,0.0039468665534332726,0.005594916722768707,0.0039468665534332726,0.36491616124246823,0.5
helmholtz,cno,horizontal_lines_50pct,line_sensors_50pct,False,200,0.0468604450213801,0.0468604450213801,0.021087814268834458,0.04168292563882123,0.058996740608882076,0.04168292563882123,0.19467911755640877,0.505615234375
helmholtz,cno,horizontal_lines_50pct,random_50pct,False,200,0.02201486749389633,0.02201486749389633,0.014802449045424907,0.016292049685325393,0.02303647327385456,0.016292049685325393,0.45364950990486375,0.5
helmholtz,cno,horizontal_lines_50pct,random_65pct,False,200,0.20329919334386048,0.20329919334386048,0.1625164429125875,0.12213498132855252,0.20637231433041767,0.12213498132855252,0.6393576238312176,0.6500244140625
helmholtz,cno,horizontal_lines_50pct,random_80pct,False,200,0.4272780121802058,0.4272780121802057,0.3804451096934344,0.19447495995912728,0.4344075696659964,0.19447495995912728,0.7929823560456689,0.79998779296875
helmholtz,cno,horizontal_lines_50pct,vertical_lines_50pct,False,200,0.0872586661436109,0.0872586661436109,0.03265453753412271,0.08032622890691865,0.11348278397305911,0.08032622890691865,0.1316482910881556,0.5
helmholtz,cno,line_sensors_50pct,block_observed_50pct,False,200,0.782194175033144,0.782194175033144,0.0427723717799652,0.7808671688268569,0.8911328645194968,0.7808671688268569,0.0032228438658163934,0.505615234375
helmholtz,cno,line_sensors_50pct,boundary_band_50pct,False,200,0.8265368774111258,0.8265368774111258,0.04463022800632158,0.8251703955678157,0.8944499710936289,0.8251703955678157,0.0031272686396715196,0.505615234375
helmholtz,cno,line_sensors_50pct,clustered_50pct,False,200,0.37142218522581727,0.37142218522581727,0.028353530230505818,0.370208040409811,0.5751799006815006,0.370208040409811,0.005287536270404785,0.5
helmholtz,cno,line_sensors_50pct,horizontal_lines_50pct,False,200,0.007506967136111383,0.007506967136111383,0.004422843849669127,0.006027642346534555,0.008538213425951954,0.006027642346534555,0.3302218179797467,0.5
helmholtz,cno,line_sensors_50pct,line_sensors_50pct,True,200,0.00655884244479169,0.00655884244479169,0.0040645873848113336,0.0051138547736482454,0.007251751510046137,0.0051138547736482454,0.37410584633098337,0.505615234375
helmholtz,cno,line_sensors_50pct,random_50pct,False,200,0.005883180059237433,0.005883180059237432,0.004023376690473212,0.0042913389919909325,0.00606645032761727,0.0042913389919909325,0.4674464464619322,0.5
helmholtz,cno,line_sensors_50pct,random_65pct,False,200,0.13236101071420114,0.13236101071420114,0.10572853794124493,0.07962581411864189,0.1345230581354319,0.07962581411864189,0.637975868332913,0.6500244140625
helmholtz,cno,line_sensors_50pct,random_80pct,False,200,0.24879712263041254,0.24879712263041256,0.221394622378775,0.11349918267063684,0.253477414809718,0.11349918267063684,0.7918055501003014,0.79998779296875
helmholtz,cno,line_sensors_50pct,vertical_lines_50pct,False,200,0.0071273867656505615,0.0071273867656505615,0.004213634344199227,0.005716543254772873,0.008105271274086388,0.005716543254772873,0.3380910519106146,0.5
helmholtz,cno,random_50pct,block_observed_50pct,False,200,0.8472989996908652,0.8472989996908652,0.08058434408433683,0.8430216689527174,0.9644046469765002,0.8430216689527174,0.009643391518778476,0.505615234375
helmholtz,cno,random_50pct,boundary_band_50pct,False,200,0.8950283207367283,0.8950283207367283,0.07887650215099265,0.891183790828809,0.9673388347286999,0.891183790828809,0.008323175282738762,0.505615234375
helmholtz,cno,random_50pct,clustered_50pct,False,200,0.4901884375874275,0.4901884375874275,0.11167610571745851,0.472830482532965,0.744401471729141,0.472830482532965,0.05354149048261001,0.5
helmholtz,cno,random_50pct,horizontal_lines_50pct,False,200,0.07155812894667153,0.07155812894667153,0.0264689693928127,0.06527364188427469,0.09186122952131352,0.06527364188427469,0.10894999627615742,0.5
helmholtz,cno,random_50pct,line_sensors_50pct,False,200,0.06503256980934713,0.06503256980934713,0.020393560047918133,0.06125246151267152,0.08601477093974008,0.06125246151267152,0.08441839694236654,0.505615234375
helmholtz,cno,random_50pct,random_50pct,True,200,0.004328187117865771,0.004328187117865771,0.003010373457861296,0.003108886928096656,0.004395688609705678,0.003108886928096656,0.48476983052969197,0.5
helmholtz,cno,random_50pct,random_65pct,False,200,0.11267395227103166,0.11267395227103165,0.0901891267565305,0.06753319015265992,0.11410040691163914,0.06753319015265992,0.6404767196843278,0.6500244140625
helmholtz,cno,random_50pct,random_80pct,False,200,0.2226240974415356,0.22262409744153558,0.1984499100494411,0.1008845142701214,0.2253316726464764,0.1008845142701214,0.7944530339295479,0.79998779296875
helmholtz,cno,random_50pct,vertical_lines_50pct,False,200,0.07714470816344025,0.07714470816344025,0.028686792638638933,0.07045632672878707,0.0993233763475012,0.07045632672878707,0.1080858393224527,0.5
helmholtz,cno,random_65pct,block_observed_50pct,False,200,0.8566978112465778,0.8566978112465778,0.09002023973873718,0.8510430424972683,0.9739940381619826,0.8510430424972683,0.012393974454445168,0.505615234375
helmholtz,cno,random_65pct,boundary_band_50pct,False,200,0.9028004284080245,0.9028004284080245,0.07978413612470575,0.8990001034547618,0.9760062150016529,0.8990001034547618,0.008205783881460642,0.505615234375
helmholtz,cno,random_65pct,clustered_50pct,False,200,0.5377584297091477,0.5377584297091477,0.16559151543611822,0.5063137769868993,0.7922398007194537,0.5063137769868993,0.09219705264126328,0.5
helmholtz,cno,random_65pct,horizontal_lines_50pct,False,200,0.24105958195581967,0.24105958195581967,0.12755684046840168,0.20345997597198004,0.28744460547435335,0.20345997597198004,0.2747751184436014,0.5
helmholtz,cno,random_65pct,line_sensors_50pct,False,200,0.22460373852472112,0.2246037385247211,0.11937266216806684,0.1895526416903123,0.26781148783606007,0.1895526416903123,0.2784823276407758,0.505615234375
helmholtz,cno,random_65pct,random_50pct,False,200,0.14126848326160749,0.14126848326160749,0.09618114969420823,0.103462671206527,0.14625417419793257,0.103462671206527,0.46371844300271264,0.5
helmholtz,cno,random_65pct,random_65pct,True,200,0.004623939586041771,0.004623939586041772,0.003706813939071272,0.0027633301455059715,0.00466874270391209,0.0027633301455059715,0.6437400081892911,0.6500244140625
helmholtz,cno,random_65pct,random_80pct,False,200,1.1514644209908709,1.1514644209908709,1.030783568484103,0.512572185658402,1.1446566416579584,0.512572185658402,0.8029980201631829,0.79998779296875
helmholtz,cno,random_65pct,vertical_lines_50pct,False,200,0.24115055288741033,0.24115055288741033,0.12725182443171945,0.20359370385248837,0.2878845755374466,0.20359370385248837,0.272403581864946,0.5
helmholtz,cno,random_80pct,block_observed_50pct,False,200,0.9099267998889867,0.9099267998889867,0.2708877059604448,0.863464475350879,0.9893663144812348,0.863464475350879,0.09624657210081439,0.505615234375
helmholtz,cno,random_80pct,boundary_band_50pct,False,200,0.9513257834702306,0.9513257834702306,0.2619087771106573,0.9114458444213577,0.990273205022667,0.9114458444213577,0.08058738949282283,0.505615234375
helmholtz,cno,random_80pct,clustered_50pct,False,200,0.5761072693655792,0.5761072693655792,0.23167488985658052,0.5196239826698473,0.8204508983211085,0.5196239826698472,0.16797588676526723,0.5
helmholtz,cno,random_80pct,horizontal_lines_50pct,False,200,0.14904302967965777,0.14904302967965777,0.048893281081066116,0.13984394331438463,0.19721696309720602,0.13984394331438463,0.10149394225768571,0.5
helmholtz,cno,random_80pct,line_sensors_50pct,False,200,0.13955031395370437,0.13955031395370437,0.04126120059581303,0.13286886496304787,0.1873533835907868,0.13286886496304787,0.08445735979904569,0.505615234375
helmholtz,cno,random_80pct,random_50pct,False,200,0.0432560096931859,0.04325600969318591,0.02732429049408609,0.03352484345388595,0.04740534202326741,0.03352484345388595,0.40025742593886954,0.5
helmholtz,cno,random_80pct,random_65pct,False,200,0.016097349807874986,0.016097349807874986,0.012311795883566597,0.010361641221272297,0.017510730379674794,0.010361641221272297,0.5839794710312436,0.6500244140625
helmholtz,cno,random_80pct,random_80pct,True,200,0.00786673660379879,0.00786673660379879,0.007023920360838659,0.0035406175845952865,0.007912894493201336,0.0035406175845952865,0.7990871851979421,0.79998779296875
helmholtz,cno,random_80pct,vertical_lines_50pct,False,200,0.1464073085519052,0.1464073085519052,0.04714344465698157,0.13754338016650464,0.19411708460448893,0.13754338016650464,0.09673420464802025,0.5
helmholtz,cno,vertical_lines_50pct,block_observed_50pct,False,200,0.8511550385578659,0.8511550385578659,0.031156922523652333,0.8504243955925369,0.9759278472610124,0.8504243955925369,0.0013986243321813126,0.505615234375
helmholtz,cno,vertical_lines_50pct,boundary_band_50pct,False,200,0.8963931470006956,0.8963931470006956,0.027372468960474756,0.895911346113493,0.9745802440762481,0.895911346113493,0.0009298198895321981,0.505615234375
helmholtz,cno,vertical_lines_50pct,clustered_50pct,False,200,0.44032314168000164,0.44032314168000164,0.03289803330122544,0.43855660256435525,0.7012165988430453,0.43855660256435525,0.005358475696986701,0.5
helmholtz,cno,vertical_lines_50pct,horizontal_lines_50pct,False,200,0.07069767402329584,0.07069767402329584,0.028283365511219686,0.06415988852313319,0.09057527773832766,0.06415988852313317,0.1526480602752966,0.5
helmholtz,cno,vertical_lines_50pct,line_sensors_50pct,False,200,0.041092371271743484,0.04109237127174348,0.02012436246634332,0.035610016857170586,0.050325858865263015,0.035610016857170586,0.23779877661501686,0.505615234375
helmholtz,cno,vertical_lines_50pct,random_50pct,False,200,0.019293131035659373,0.019293131035659373,0.01330477008511071,0.013968241348337164,0.019749960648145933,0.013968241348337164,0.4774169668757509,0.5
helmholtz,cno,vertical_lines_50pct,random_65pct,False,200,0.11646902275573594,0.11646902275573594,0.0928264910713399,0.07034189269931602,0.11886706156973399,0.07034189269931602,0.634952833956282,0.6500244140625
helmholtz,cno,vertical_lines_50pct,random_80pct,False,200,0.195953668066583,0.195953668066583,0.17416152382135996,0.08980019531243524,0.20056263580708328,0.08980019531243524,0.7898684856400487,0.79998779296875
helmholtz,cno,vertical_lines_50pct,vertical_lines_50pct,True,200,0.00923599812155064,0.00923599812155064,0.006170945020818829,0.006789647642861415,0.00963089007262568,0.006789647642861415,0.44838826324623066,0.5
helmholtz,deeponet,block_observed_50pct,block_observed_50pct,True,200,0.0952320729433066,0.0952320729433066,0.029651749661714397,0.08936956236093613,0.10585596071935686,0.08936956236093613,0.07292502711196844,0.505615234375
helmholtz,deeponet,block_observed_50pct,boundary_band_50pct,False,200,0.05526933150165706,0.055269331501657054,0.020177221633650908,0.050930335092163805,0.055678707025147024,0.050930335092163805,0.12471570040545243,0.505615234375
helmholtz,deeponet,block_observed_50pct,clustered_50pct,False,200,1.6012809166031672,1.6012809166031672,1.1845875341407754,1.0294263508717143,1.720584775825864,1.0294263508717143,0.5944612158730675,0.5
helmholtz,deeponet,block_observed_50pct,horizontal_lines_50pct,False,200,15.278696718285708,15.278696718285708,10.764849466499527,10.824690192921048,15.3312089566248,10.824690192921048,0.4957689540880731,0.5
helmholtz,deeponet,block_observed_50pct,line_sensors_50pct,False,200,12.735699407551401,12.735699407551401,8.966772272413223,9.02662290857615,12.787336679527625,9.02662290857615,0.4947944463393637,0.505615234375
helmholtz,deeponet,block_observed_50pct,random_50pct,False,200,7.602846967704271,7.602846967704272,5.374765992212538,5.377048939316736,7.600563199675126,5.377048939316736,0.49952214845833126,0.5
helmholtz,deeponet,block_observed_50pct,random_65pct,False,200,6.76544383484033,6.76544383484033,5.452701156477811,4.004646337899407,6.7623305910336935,4.004646337899407,0.649053739344328,0.6500244140625
helmholtz,deeponet,block_observed_50pct,random_80pct,False,200,4.585031549104156,4.585031549104156,4.098708936336086,2.0547731108400784,4.587726807192966,2.0547731108400784,0.7988378729727709,0.79998779296875
helmholtz,deeponet,block_observed_50pct,vertical_lines_50pct,False,200,13.813053110192998,13.813053110192998,9.753296691603985,9.7633269488072,13.842097240607304,9.7633269488072,0.49866880276146675,0.5
helmholtz,deeponet,boundary_band_50pct,block_observed_50pct,False,200,1.0045313511177245,1.0045313511177243,0.3742390091830044,0.9237131428729267,1.0827093112124357,0.9237131428729267,0.13374513334361623,0.505615234375
helmholtz,deeponet,boundary_band_50pct,boundary_band_50pct,True,200,0.07010405732325543,0.07010405732325543,0.01746057061011008,0.06713520418198893,0.07362924492725482,0.06713520418198893,0.049544724079974484,0.505615234375
helmholtz,deeponet,boundary_band_50pct,clustered_50pct,False,200,7.1027228146786205,7.10272281467862,5.855741512651183,3.8033977828721555,6.469409627900643,3.8033977828721555,0.733430745000259,0.5
helmholtz,deeponet,boundary_band_50pct,horizontal_lines_50pct,False,200,4.118781596874688,4.118781596874688,2.9281654742118355,2.8928677138605328,4.115918939119072,2.8928677138605328,0.51268719313905,0.5
helmholtz,deeponet,boundary_band_50pct,line_sensors_50pct,False,200,3.4404847254994757,3.4404847254994753,2.441119172485684,2.4212994168953923,3.4400405212403986,2.4212994168953923,0.5058463862723199,0.505615234375
helmholtz,deeponet,boundary_band_50pct,random_50pct,False,200,3.0397386822055803,3.0397386822055803,2.14907069136709,2.149700386805348,3.0383689267907505,2.149700386805348,0.4993776691051173,0.5
helmholtz,deeponet,boundary_band_50pct,random_65pct,False,200,4.138908827052114,4.138908827052114,3.335251991170082,2.4507130551565037,4.136433550981433,2.4507130551565037,0.648489750731098,0.6500244140625
helmholtz,deeponet,boundary_band_50pct,random_80pct,False,200,6.121434608625373,6.121434608625373,5.471720961156405,2.7441582473771104,6.124501894606874,2.7441582473771104,0.7984357023612458,0.79998779296875
helmholtz,deeponet,boundary_band_50pct,vertical_lines_50pct,False,200,3.3399152642516037,3.3399152642516037,2.3623760450063247,2.358057725081542,3.3582698782137426,2.358057725081542,0.5040645818690583,0.5
helmholtz,deeponet,clustered_50pct,block_observed_50pct,False,200,0.7785469228426021,0.7785469228426021,0.28308777667150403,0.7162950035480589,0.8184914099717048,0.7162950035480589,0.13651546038367862,0.505615234375
helmholtz,deeponet,clustered_50pct,boundary_band_50pct,False,200,0.8902049906473901,0.89020499064739,0.30176681633145863,0.832723845393044,0.9038369551042232,0.832723845393044,0.11831193609471746,0.505615234375
helmholtz,deeponet,clustered_50pct,clustered_50pct,True,200,0.1560705123889273,0.1560705123889273,0.09333699979178965,0.12087179265531597,0.1960611598634476,0.12087179265531597,0.34564367422999387,0.5
helmholtz,deeponet,clustered_50pct,horizontal_lines_50pct,False,200,3.0127826164674882,3.0127826164674882,2.128015182463194,2.1300076384386735,3.0159541295320285,2.1300076384386735,0.4999735261194173,0.5
helmholtz,deeponet,clustered_50pct,line_sensors_50pct,False,200,1.4334333671940893,1.4334333671940893,1.0159412867959794,1.0100612303768086,1.4337385726277208,1.0100612303768086,0.5021361638546333,0.505615234375
helmholtz,deeponet,clustered_50pct,random_50pct,False,200,0.2828999270737614,0.2828999270737614,0.2000391836887944,0.20003493516932536,0.2827955933326734,0.20003493516932536,0.49986208511812946,0.5
helmholtz,deeponet,clustered_50pct,random_65pct,False,200,0.2340897989027302,0.2340897989027302,0.1887892152965058,0.13840072800783695,0.23383070020919847,0.13840072800783693,0.6504647806254904,0.6500244140625
helmholtz,deeponet,clustered_50pct,random_80pct,False,200,0.23248302144197047,0.23248302144197047,0.20792490674513708,0.10398930602997705,0.23228102424449215,0.10398930602997705,0.799719436920304,0.79998779296875
helmholtz,deeponet,clustered_50pct,vertical_lines_50pct,False,200,3.123975277130529,3.123975277130529,2.215983182485606,2.199170521254625,3.1118666403009434,2.199170521254625,0.5023630089449257,0.5
helmholtz,deeponet,horizontal_lines_50pct,block_observed_50pct,False,200,0.8395284672091272,0.839528467209127,0.20526308640546767,0.8110140615307004,0.9271600613570399,0.8110140615307005,0.06306884416474033,0.505615234375
helmholtz,deeponet,horizontal_lines_50pct,boundary_band_50pct,False,200,0.8129758918840322,0.8129758918840322,0.20338758311339178,0.783888238307594,0.8476798734219716,0.783888238307594,0.06452661279963476,0.505615234375
helmholtz,deeponet,horizontal_lines_50pct,clustered_50pct,False,200,0.5270379118208721,0.5270379118208721,0.2998453984226366,0.41287099483735656,0.6418682415474979,0.41287099483735656,0.32798904215232844,0.5
helmholtz,deeponet,horizontal_lines_50pct,horizontal_lines_50pct,True,200,0.02420389970789592,0.02420389970789592,0.01700820094528509,0.017202959686682482,0.024362291067109906,0.017202959686682482,0.4923772577841764,0.5
helmholtz,deeponet,horizontal_lines_50pct,line_sensors_50pct,False,200,0.1833684581457589,0.1833684581457589,0.1279400897640352,0.13110492315217226,0.18575397598998108,0.13110492315217226,0.48953550686623326,0.505615234375
helmholtz,deeponet,horizontal_lines_50pct,random_50pct,False,200,0.22306389238139684,0.22306389238139684,0.15744979318169988,0.15800430605802002,0.2233812528095419,0.15800430605802002,0.49820882932247257,0.5
helmholtz,deeponet,horizontal_lines_50pct,random_65pct,False,200,0.10587256703190961,0.10587256703190961,0.08520758909074852,0.06283513747211747,0.10616653356921367,0.06283513747211747,0.6477160832018346,0.6500244140625
helmholtz,deeponet,horizontal_lines_50pct,random_80pct,False,200,0.04291998171825208,0.04291998171825208,0.03839620281076365,0.019177905542092546,0.042846166021382324,0.019177905542092546,0.8003161900127044,0.79998779296875
helmholtz,deeponet,horizontal_lines_50pct,vertical_lines_50pct,False,200,0.3377471769969166,0.3377471769969166,0.2315558951504776,0.2454901742674874,0.3467521373864887,0.2454901742674874,0.46856265047164647,0.5
helmholtz,deeponet,line_sensors_50pct,block_observed_50pct,False,200,0.7707694536200167,0.7707694536200168,0.14712428851825415,0.7548750907584737,0.8596530838003023,0.7548750907584737,0.037184539927610324,0.505615234375
helmholtz,deeponet,line_sensors_50pct,boundary_band_50pct,False,200,0.7755362695385598,0.7755362695385597,0.15432399247503953,0.7580534097725837,0.8197914103636363,0.7580534097725837,0.04023747737369149,0.505615234375
helmholtz,deeponet,line_sensors_50pct,clustered_50pct,False,200,0.4824686217634708,0.4824686217634708,0.21054531717162173,0.4271954209792986,0.6684610561513742,0.4271954209792986,0.1831048931846371,0.5
helmholtz,deeponet,line_sensors_50pct,horizontal_lines_50pct,False,200,0.1319838480337063,0.1319838480337063,0.09407002951094327,0.09245009522003876,0.13093887366064627,0.09245009522003876,0.50656910787607,0.5
helmholtz,deeponet,line_sensors_50pct,line_sensors_50pct,True,200,0.025958735276808337,0.025958735276808337,0.018219505220654908,0.018460749796684894,0.02616340753526552,0.018460749796684894,0.48886632412767156,0.505615234375
helmholtz,deeponet,line_sensors_50pct,random_50pct,False,200,0.3682058922198882,0.3682058922198882,0.260137631265691,0.2605755329223912,0.36841695873324054,0.2605755329223913,0.49918652875399616,0.5
helmholtz,deeponet,line_sensors_50pct,random_65pct,False,200,0.24975942455625727,0.24975942455625727,0.20123700417541046,0.14792333218243528,0.24999367884638235,0.14792333218243528,0.64932237566819,0.6500244140625
helmholtz,deeponet,line_sensors_50pct,random_80pct,False,200,0.10871766148159905,0.10871766148159905,0.09720086312142585,0.048694765629280094,0.10881910245345931,0.048694765629280094,0.79946141396924,0.79998779296875
helmholtz,deeponet,line_sensors_50pct,vertical_lines_50pct,False,200,0.13527535970326476,0.13527535970326476,0.09617997797364,0.09502199641833302,0.1347181624714756,0.09502199641833302,0.5047239753014465,0.5
helmholtz,deeponet,random_50pct,block_observed_50pct,False,200,0.922415906249861,0.922415906249861,0.34224007303513126,0.8467550477014032,0.9688533654930087,0.8467550477014032,0.1481458992400119,0.505615234375
helmholtz,deeponet,random_50pct,boundary_band_50pct,False,200,0.9273936238515421,0.9273936238515421,0.29441237065798914,0.8748517307750872,0.9488405887350586,0.8748517307750872,0.10541147117642966,0.505615234375
helmholtz,deeponet,random_50pct,clustered_50pct,False,200,0.6304677178741722,0.6304677178741723,0.39813703837575404,0.4690695375559582,0.7394295933656082,0.4690695375559582,0.41149607986358544,0.5
helmholtz,deeponet,random_50pct,horizontal_lines_50pct,False,200,0.13824104999107828,0.13824104999107828,0.09614807667303431,0.09907627801576506,0.14010225818817226,0.09907627801576506,0.4827053775551374,0.5
helmholtz,deeponet,random_50pct,line_sensors_50pct,False,200,0.10947785012200127,0.10947785012200127,0.07575270880339685,0.07885418727316622,0.11144914451820542,0.07885418727316622,0.47419321396545,0.505615234375
helmholtz,deeponet,random_50pct,random_50pct,True,200,0.019296810017442573,0.019296810017442576,0.013641700849748604,0.013647585400911629,0.019295351538849533,0.013647585400911629,0.49967956350192366,0.5
helmholtz,deeponet,random_50pct,random_65pct,False,200,0.07627015299337642,0.07627015299337642,0.061449433831433496,0.0451766129468774,0.07634471856303468,0.0451766129468774,0.6492908130114969,0.6500244140625
helmholtz,deeponet,random_50pct,random_80pct,False,200,0.16660188894469596,0.16660188894469596,0.14912472824254652,0.07427778090247213,0.16595840304955836,0.07427778090247213,0.801158373060556,0.79998779296875
helmholtz,deeponet,random_50pct,vertical_lines_50pct,False,200,0.13475884957975082,0.13475884957975082,0.09407763250846943,0.0962016518651373,0.1362026463778959,0.0962016518651373,0.48863884736540475,0.5
helmholtz,deeponet,random_65pct,block_observed_50pct,False,200,0.8503700472233087,0.8503700472233087,0.2287926335909853,0.8149682407212946,0.9307074071140886,0.8149682407212946,0.07635852945084297,0.505615234375
helmholtz,deeponet,random_65pct,boundary_band_50pct,False,200,0.8636064235141676,0.8636064235141674,0.22657154774816554,0.8301777710464158,0.8991175009168783,0.8301777710464158,0.07185960574716956,0.505615234375
helmholtz,deeponet,random_65pct,clustered_50pct,False,200,0.479605418241346,0.479605418241346,0.21550169251075416,0.42174747003993523,0.6577239992236624,0.42174747003993523,0.19437963296396193,0.5
helmholtz,deeponet,random_65pct,horizontal_lines_50pct,False,200,0.16533314449629571,0.16533314449629571,0.11257314290400997,0.12088010258240485,0.17059330433660555,0.12088010258240485,0.46100719703109294,0.5
helmholtz,deeponet,random_65pct,line_sensors_50pct,False,200,0.12801519738224917,0.12801519738224917,0.0862487227116739,0.09441925978054648,0.13291507046854564,0.09441925978054648,0.4449877805805069,0.505615234375
helmholtz,deeponet,random_65pct,random_50pct,False,200,0.04230218281569335,0.04230218281569335,0.02982199546702001,0.03000073421449843,0.042401091184853586,0.03000073421449843,0.4967231336326141,0.5
helmholtz,deeponet,random_65pct,random_65pct,True,200,0.019197040042352072,0.019197040042352072,0.015471640188929603,0.011364124135015426,0.019207719137225583,0.011364124135015426,0.649475738644562,0.6500244140625
helmholtz,deeponet,random_65pct,random_80pct,False,200,0.06530100986806485,0.06530100986806485,0.0584464302688665,0.029122294386856575,0.06509536237987218,0.029122294386856575,0.8011197695547165,0.79998779296875
helmholtz,deeponet,random_65pct,vertical_lines_50pct,False,200,0.13620273217159584,0.13620273217159584,0.09243906848719897,0.09981340477719279,0.1408371076541636,0.09981340477719279,0.4558691234133898,0.5
helmholtz,deeponet,random_80pct,block_observed_50pct,False,200,0.8297311515516883,0.8297311515516884,0.1749751617589682,0.809197433767917,0.9244988310439645,0.809197433767917,0.045835909975496546,0.505615234375
helmholtz,deeponet,random_80pct,boundary_band_50pct,False,200,0.8418848458634284,0.8418848458634284,0.18967568728680617,0.8182284343576345,0.8860260335777643,0.8182284343576345,0.052159581293425274,0.505615234375
helmholtz,deeponet,random_80pct,clustered_50pct,False,200,0.4818782944470913,0.4818782944470913,0.16930131692082262,0.4482974700263566,0.6976474300517249,0.4482974700263566,0.11652426760845326,0.5
helmholtz,deeponet,random_80pct,horizontal_lines_50pct,False,200,0.23095829551331715,0.23095829551331717,0.15628452784968094,0.16976771283125694,0.23947592024063344,0.16976771283125694,0.4541989665210331,0.5
helmholtz,deeponet,random_80pct,line_sensors_50pct,False,200,0.21308954265808766,0.21308954265808766,0.14466085066244472,0.15619797888196726,0.2203372090278815,0.15619797888196726,0.4555627029635989,0.505615234375
helmholtz,deeponet,random_80pct,random_50pct,False,200,0.1126901691157093,0.1126901691157093,0.0794474191439918,0.0799161981595593,0.11294798436538668,0.0799161981595593,0.49670164557569263,0.5
helmholtz,deeponet,random_80pct,random_65pct,False,200,0.03624567050528835,0.03624567050528835,0.029173597482836308,0.021508002368148017,0.03632519555070044,0.021508002368148017,0.6476844695989088,0.6500244140625
helmholtz,deeponet,random_80pct,random_80pct,True,200,0.016964829354587235,0.016964829354587235,0.015172996391780625,0.007588002660792128,0.016951866095101756,0.007588002660792128,0.7999083123634461,0.79998779296875
helmholtz,deeponet,random_80pct,vertical_lines_50pct,False,200,0.2351774623230834,0.2351774623230834,0.15981264891761598,0.17226003631566164,0.2432132324329211,0.17226003631566164,0.4577432877065117,0.5
helmholtz,deeponet,vertical_lines_50pct,block_observed_50pct,False,200,0.8240635554779953,0.8240635554779954,0.2065463596146344,0.793248462506446,0.9062837379817051,0.793248462506446,0.06428892548650654,0.505615234375
helmholtz,deeponet,vertical_lines_50pct,boundary_band_50pct,False,200,0.8187930155537211,0.8187930155537211,0.17245378117914817,0.7980350945857105,0.8646603209466668,0.7980350945857105,0.043757549857472815,0.505615234375
helmholtz,deeponet,vertical_lines_50pct,clustered_50pct,False,200,0.5118349368375126,0.5118349368375126,0.2871760844711498,0.40699919959133035,0.6349760274995438,0.40699919959133035,0.3207835168991311,0.5
helmholtz,deeponet,vertical_lines_50pct,horizontal_lines_50pct,False,200,0.38031807595300665,0.38031807595300665,0.2615234198242334,0.2757503008231383,0.389019226112972,0.2757503008231383,0.46871838067047905,0.5
helmholtz,deeponet,vertical_lines_50pct,line_sensors_50pct,False,200,0.18772155753576528,0.18772155753576528,0.1331711746607379,0.13214484229944723,0.18774031665340515,0.13214484229944723,0.5034826617693577,0.505615234375
helmholtz,deeponet,vertical_lines_50pct,random_50pct,False,200,0.30834845717508413,0.30834845717508413,0.21788391253903594,0.21818180486685093,0.30846790746980074,0.21818180486685093,0.4991484216227646,0.5
helmholtz,deeponet,vertical_lines_50pct,random_65pct,False,200,0.29622761641602624,0.2962276164160263,0.2387742979951597,0.17531765031593818,0.29634133553194014,0.17531765031593818,0.6497214850063908,0.6500244140625
helmholtz,deeponet,vertical_lines_50pct,random_80pct,False,200,0.3003151703194193,0.3003151703194193,0.2685146686906592,0.13448935834149048,0.30062575864742863,0.13448935834149048,0.7995737953363959,0.79998779296875
helmholtz,deeponet,vertical_lines_50pct,vertical_lines_50pct,True,200,0.02399795934961343,0.02399795934961343,0.016790392888841696,0.017120280605417437,0.02429282922236299,0.017120280605417437,0.4899154550217767,0.5
helmholtz,fno,block_observed_50pct,block_observed_50pct,True,200,0.05637714494168506,0.05637714494168506,0.023225131432648066,0.050659493865366265,0.05955680081717173,0.050659493865366265,0.15376076225628477,0.505615234375
helmholtz,fno,block_observed_50pct,boundary_band_50pct,False,200,0.041802659328702634,0.041802659328702634,0.020392162148775247,0.03607258129936582,0.03954647140239706,0.03607258129936582,0.2246758637281775,0.505615234375
helmholtz,fno,block_observed_50pct,clustered_50pct,False,200,0.7920393785817039,0.792039378581704,0.43534084438483034,0.6470672491658224,1.1011533218913772,0.6470672491658224,0.3166118307552368,0.5
helmholtz,fno,block_observed_50pct,horizontal_lines_50pct,False,200,0.5724782974424706,0.5724782974424706,0.40375888675467836,0.40539854652717383,0.5740074530724095,0.40539854652717383,0.496378129049985,0.5
helmholtz,fno,block_observed_50pct,line_sensors_50pct,False,200,0.5470680798687322,0.5470680798687322,0.3911810742556906,0.3821406379043683,0.5425497155653126,0.3821406379043683,0.5125400888896807,0.505615234375
helmholtz,fno,block_observed_50pct,random_50pct,False,200,0.528893811584262,0.528893811584262,0.3797398429733289,0.36811507823051537,0.5205839844279274,0.36811507823051537,0.5159942932863703,0.5
helmholtz,fno,block_observed_50pct,random_65pct,False,200,0.5627461680637551,0.5627461680637551,0.4565618043110111,0.3289651268952949,0.5560531251958822,0.3289651268952949,0.6581502669434023,0.6500244140625
helmholtz,fno,block_observed_50pct,random_80pct,False,200,0.6921380552741985,0.6921380552741985,0.6198634715768387,0.30789396931049,0.6877751187929814,0.30789396931049,0.8020218128773453,0.79998779296875
helmholtz,fno,block_observed_50pct,vertical_lines_50pct,False,200,0.7013977034461739,0.701397703446174,0.49639899665743764,0.49505105353599704,0.701822153892266,0.49505105353599704,0.49887537253894587,0.5
helmholtz,fno,boundary_band_50pct,block_observed_50pct,False,200,1.0750880662466527,1.0750880662466527,0.46300200617630866,0.9451035722390912,1.1201033618555194,0.9451035722390912,0.15890707054178943,0.505615234375
helmholtz,fno,boundary_band_50pct,boundary_band_50pct,True,200,0.02545721899700968,0.02545721899700968,0.009213286204451374,0.023486104608773803,0.025779293553228878,0.023486104608773803,0.11393201223065287,0.505615234375
helmholtz,fno,boundary_band_50pct,clustered_50pct,False,200,1.462047173589851,1.462047173589851,0.9378264069380264,1.0979429793767688,1.82388128863151,1.0979429793767688,0.41576829824404277,0.5
helmholtz,fno,boundary_band_50pct,horizontal_lines_50pct,False,200,1.2878740209635435,1.2878740209635435,0.9154386774221167,0.9047336519025281,1.281853019823586,0.9047336519025281,0.5059089750306077,0.5
helmholtz,fno,boundary_band_50pct,line_sensors_50pct,False,200,1.1688007627487078,1.168800762748708,0.8279922702458404,0.8243574839736287,1.170068309352424,0.8243574839736287,0.5006417709574229,0.505615234375
helmholtz,fno,boundary_band_50pct,random_50pct,False,200,1.261232980527664,1.261232980527664,0.8990777854231196,0.8844858527715868,1.2507237708349266,0.8844858527715868,0.5083666142429887,0.5
helmholtz,fno,boundary_band_50pct,random_65pct,False,200,1.3429008556212114,1.3429008556212114,1.0894601050635948,0.7850964201381262,1.3270006092848439,0.7850964201381262,0.6585090114984286,0.6500244140625
helmholtz,fno,boundary_band_50pct,random_80pct,False,200,1.3864770599421326,1.3864770599421326,1.2452906627683418,0.6094670954972632,1.3618212883852048,0.6094670954972632,0.8071481473398854,0.79998779296875
helmholtz,fno,boundary_band_50pct,vertical_lines_50pct,False,200,1.5164229242318044,1.5164229242318044,1.06892226389031,1.0746776058837135,1.5258889391280832,1.0746776058837135,0.4977059855905751,0.5
helmholtz,fno,clustered_50pct,block_observed_50pct,False,200,0.3332206010074701,0.3332206010074701,0.03697499847825204,0.3303420123322505,0.3749701418836471,0.3303420123322505,0.010578273109771432,0.505615234375
helmholtz,fno,clustered_50pct,boundary_band_50pct,False,200,0.4239129213146007,0.4239129213146008,0.041885329748120356,0.42037976092691187,0.4523087939810256,0.42037976092691187,0.008314156087391647,0.505615234375
helmholtz,fno,clustered_50pct,clustered_50pct,True,200,0.04315069163725838,0.0431506916372584,0.015072508689799513,0.03968682099188443,0.06569842777006348,0.03968682099188443,0.1061744959065629,0.5
helmholtz,fno,clustered_50pct,horizontal_lines_50pct,False,200,0.03761756745439809,0.03761756745439809,0.02389306009235849,0.028854678210456047,0.0408550552812693,0.028854678210456047,0.40443264801694706,0.5
helmholtz,fno,clustered_50pct,line_sensors_50pct,False,200,0.03702453405094781,0.03702453405094782,0.023272414409160173,0.02859049858183226,0.040514243592212305,0.02859049858183226,0.39721244508380593,0.505615234375
helmholtz,fno,clustered_50pct,random_50pct,False,200,0.03755182620730457,0.03755182620730457,0.022627694895248213,0.029768809995340165,0.042092566776989616,0.029768809995340165,0.3662885845776449,0.5
helmholtz,fno,clustered_50pct,random_65pct,False,200,0.06762197343562126,0.06762197343562125,0.04638947315581222,0.04902379820667901,0.08288527675712237,0.04902379820667901,0.4790219606812102,0.6500244140625
helmholtz,fno,clustered_50pct,random_80pct,False,200,0.1250137092048953,0.12501370920489527,0.10579170369399518,0.06648613675565837,0.14858371746927798,0.06648613675565837,0.7202284315280848,0.79998779296875
helmholtz,fno,clustered_50pct,vertical_lines_50pct,False,200,0.03805193798896566,0.03805193798896566,0.02433923190576735,0.02902822813500887,0.04113541856906654,0.02902822813500887,0.4130440501063056,0.5
helmholtz,fno,horizontal_lines_50pct,block_observed_50pct,False,200,1.2450073885484785,1.2450073885484785,0.7049992760153542,0.9844258421866832,1.1391336412806932,0.9844258421866832,0.31519660373890335,0.505615234375
helmholtz,fno,horizontal_lines_50pct,boundary_band_50pct,False,200,1.2898285427577685,1.2898285427577685,0.7238176567780968,1.026106460303527,1.1215288739528286,1.026106460303527,0.30980178544554665,0.505615234375
helmholtz,fno,horizontal_lines_50pct,clustered_50pct,False,200,0.704072344987905,0.704072344987905,0.30519416992198706,0.6246087762308794,1.0323290148400632,0.6246087762308794,0.19059654166442425,0.5
helmholtz,fno,horizontal_lines_50pct,horizontal_lines_50pct,True,200,0.012432208652604413,0.01243220865260441,0.00804818768912874,0.009429746199770305,0.01336712979076393,0.009429746199770305,0.4165958570124281,0.5
helmholtz,fno,horizontal_lines_50pct,line_sensors_50pct,False,200,0.07886118193338533,0.07886118193338533,0.053274232710654706,0.05777123874258487,0.08183401404624639,0.05777123874258487,0.4677992835494132,0.505615234375
helmholtz,fno,horizontal_lines_50pct,random_50pct,False,200,0.023302693061429833,0.023302693061429833,0.01596756915889666,0.016965128462823373,0.023985969103701245,0.016965128462823373,0.4701352941715231,0.5
helmholtz,fno,horizontal_lines_50pct,random_65pct,False,200,0.26910476035154984,0.2691047603515498,0.22047474524533706,0.15422193160781966,0.2606117743704022,0.15422193160781966,0.6723186585700445,0.6500244140625
helmholtz,fno,horizontal_lines_50pct,random_80pct,False,200,0.5892689965497397,0.5892689965497399,0.4637603864763517,0.3575492845669041,0.798674325497908,0.3575492845669041,0.6322016086496798,0.79998779296875
helmholtz,fno,horizontal_lines_50pct,vertical_lines_50pct,False,200,0.12175219809452793,0.12175219809452795,0.08071611164621005,0.09038311046525192,0.12804381313444854,0.09038311046525192,0.44850702996604064,0.5
helmholtz,fno,line_sensors_50pct,block_observed_50pct,False,200,0.8054968979274523,0.8054968979274523,0.23550949283985123,0.7603790623942895,0.8695678668648646,0.7603790623942895,0.08053067858380931,0.505615234375
helmholtz,fno,line_sensors_50pct,boundary_band_50pct,False,200,0.8163297122959482,0.8163297122959483,0.22649212873623628,0.7759187269467896,0.8416712685019908,0.7759187269467896,0.07275398622196387,0.505615234375
helmholtz,fno,line_sensors_50pct,clustered_50pct,False,200,0.5347984106933319,0.5347984106933318,0.2985925482725699,0.42146778988432815,0.6861417889833048,0.42146778988432815,0.3160445981383115,0.5
helmholtz,fno,line_sensors_50pct,horizontal_lines_50pct,False,200,0.020934347736503756,0.020934347736503753,0.014600814398280058,0.01494554469496254,0.021194143904175622,0.01494554469496254,0.4867091141382494,0.5
helmholtz,fno,line_sensors_50pct,line_sensors_50pct,True,200,0.015613277215757306,0.015613277215757308,0.010297256158636114,0.01165694137044057,0.01649886298077098,0.01165694137044057,0.4262479757121818,0.505615234375
helmholtz,fno,line_sensors_50pct,random_50pct,False,200,0.019435707612214425,0.019435707612214425,0.013693545897526914,0.013774608591225168,0.01947693271636872,0.013774608591225168,0.4995137036692726,0.5
helmholtz,fno,line_sensors_50pct,random_65pct,False,200,0.12183224165872523,0.12183224165872523,0.0936435469343584,0.0778164327586827,0.13149588363003628,0.0778164327586827,0.5870021188968966,0.6500244140625
helmholtz,fno,line_sensors_50pct,random_80pct,False,200,0.36471719566756017,0.36471719566756017,0.3188316783069848,0.1769247419995772,0.395252198544632,0.1769247419995772,0.7632649148719497,0.79998779296875
helmholtz,fno,line_sensors_50pct,vertical_lines_50pct,False,200,0.020530323029878596,0.020530323029878596,0.014210307711636833,0.014737026774541497,0.02087321661622097,0.014737026774541497,0.47712308107117846,0.5
helmholtz,fno,random_50pct,block_observed_50pct,False,200,1.598149808347197,1.5981498083471974,0.46380014426465715,1.5124151348406196,1.7630767363295305,1.5124151348406196,0.07768353911089548,0.505615234375
helmholtz,fno,random_50pct,boundary_band_50pct,False,200,1.5882104866513151,1.5882104866513151,0.46106668668417766,1.5027074999036105,1.6495864606601194,1.5027074999036105,0.07754385325747391,0.505615234375
helmholtz,fno,random_50pct,clustered_50pct,False,200,1.1572277834620357,1.1572277834620357,0.5758359816471502,0.9776153905332208,1.6336954157021202,0.9776153905332208,0.24883259586420498,0.5
helmholtz,fno,random_50pct,horizontal_lines_50pct,False,200,0.06943000693486541,0.06943000693486541,0.0386052075532907,0.05707777536852888,0.08092928098112274,0.05707777536852888,0.2981398820941083,0.5
helmholtz,fno,random_50pct,line_sensors_50pct,False,200,0.05497345885159802,0.05497345885159801,0.03295945469925836,0.04351640465221171,0.06143342135856572,0.04351640465221171,0.3195882478721699,0.505615234375
helmholtz,fno,random_50pct,random_50pct,True,200,0.00903248477089123,0.00903248477089123,0.006402773283425988,0.00636505186197811,0.008998673418403958,0.00636505186197811,0.5064643255123816,0.5
helmholtz,fno,random_50pct,random_65pct,False,200,0.13303321091083203,0.13303321091083203,0.09801216564225398,0.0881527258224532,0.14890814543512731,0.0881527258224532,0.5472741468187162,0.6500244140625
helmholtz,fno,random_50pct,random_80pct,False,200,0.4398506031279372,0.4398506031279372,0.4009969919106243,0.1644665982040544,0.3672369592431576,0.1644665982040544,0.8509012349408428,0.79998779296875
helmholtz,fno,random_50pct,vertical_lines_50pct,False,200,0.08212913264096831,0.08212913264096831,0.04826418563130286,0.06562478900167665,0.092909588447211,0.06562478900167665,0.34171809806756553,0.5
helmholtz,fno,random_65pct,block_observed_50pct,False,200,1.101364981145437,1.101364981145437,0.17496285236030792,1.084706453636209,1.2537452658488781,1.084706453636209,0.02310550596972248,0.505615234375
helmholtz,fno,random_65pct,boundary_band_50pct,False,200,1.1579890410983393,1.1579890410983393,0.15217494996502487,1.1462022999237609,1.2534707395310765,1.1462022999237609,0.01583660128648583,0.505615234375
helmholtz,fno,random_65pct,clustered_50pct,False,200,0.736154935951353,0.736154935951353,0.3383250887852878,0.6432095666353814,1.0478164460773622,0.6432095666353814,0.20301544093915044,0.5
helmholtz,fno,random_65pct,horizontal_lines_50pct,False,200,0.1835217468212532,0.18352174682125316,0.10253104901222393,0.1481336058487744,0.20930781950144595,0.1481336058487744,0.29879831992253103,0.5
helmholtz,fno,random_65pct,line_sensors_50pct,False,200,0.16681719335686127,0.16681719335686127,0.09517794709367441,0.1333262122427321,0.18868144303290912,0.1333262122427321,0.3167769471837308,0.505615234375
helmholtz,fno,random_65pct,random_50pct,False,200,0.12328524219623213,0.12328524219623212,0.07612117403506916,0.09354686120190044,0.13224384756906496,0.09354686120190044,0.367646607403022,0.5
helmholtz,fno,random_65pct,random_65pct,True,200,0.0051973458557328335,0.0051973458557328335,0.0034093835493504304,0.0039056692066543317,0.006598596933933642,0.0039056692066543317,0.4343526281313448,0.6500244140625
helmholtz,fno,random_65pct,random_80pct,False,200,0.2247704346473554,0.2247704346473554,0.2203431313173364,0.043642437432760604,0.0974860722151205,0.043642437432760604,0.9651348803939854,0.79998779296875
helmholtz,fno,random_65pct,vertical_lines_50pct,False,200,0.18372173121080365,0.18372173121080365,0.10667404410105434,0.14462569499459169,0.20421456983812455,0.14462569499459169,0.32711147029596604,0.5
helmholtz,fno,random_80pct,block_observed_50pct,False,200,2.039229397934558,2.0392293979345575,0.6074017651613905,1.9341885592835133,2.2494163523179647,1.9341885592835133,0.08629785747720764,0.505615234375
helmholtz,fno,random_80pct,boundary_band_50pct,False,200,2.1170369114442367,2.1170369114442367,0.47269976641449096,2.058926906135415,2.2603888210951455,2.058926906135415,0.0473070612395581,0.505615234375
helmholtz,fno,random_80pct,clustered_50pct,False,200,1.7060927723802408,1.706092772380241,1.3270813156648043,1.0289630199756252,1.6988962577771405,1.0289630199756252,0.612444441254693,0.5
helmholtz,fno,random_80pct,horizontal_lines_50pct,False,200,0.5820204372389365,0.5820204372389365,0.3922905240154986,0.42093596517234155,0.5956917016113065,0.42093596517234155,0.4632341086159181,0.5
helmholtz,fno,random_80pct,line_sensors_50pct,False,200,0.5391365559383469,0.539136555938347,0.35935391632736,0.3949619151195929,0.5593558143716555,0.3949619151195929,0.44530975548669127,0.505615234375
helmholtz,fno,random_80pct,random_50pct,False,200,0.347277895039896,0.347277895039896,0.2337104874377271,0.25270285700683887,0.35731235849975695,0.25270285700683887,0.44935525755863104,0.5
helmholtz,fno,random_80pct,random_65pct,False,200,0.1674709826115094,0.1674709826115094,0.1356455367683481,0.09246774458691912,0.15624687368423726,0.09246774458691912,0.6815042724535176,0.6500244140625
helmholtz,fno,random_80pct,random_80pct,True,200,0.012304925769875675,0.012304925769875671,0.010962346070420006,0.005565396725663552,0.012438267031205572,0.005565396725663552,0.7972434002841443,0.79998779296875
helmholtz,fno,random_80pct,vertical_lines_50pct,False,200,0.5763398347067086,0.5763398347067086,0.38771611791605926,0.4171909782703441,0.5904853734934863,0.4171909782703441,0.4648212588971124,0.5
helmholtz,fno,vertical_lines_50pct,block_observed_50pct,False,200,1.1120148761607567,1.1120148761607567,0.6211826936419346,0.9025591740286524,1.0376598718984311,0.9025591740286524,0.3165727908845416,0.505615234375
helmholtz,fno,vertical_lines_50pct,boundary_band_50pct,False,200,1.118606496240809,1.118606496240809,0.5576626127788434,0.9550583363176725,1.0402750029054577,0.9550583363176725,0.2507288643692513,0.505615234375
helmholtz,fno,vertical_lines_50pct,clustered_50pct,False,200,0.6799050258738866,0.6799050258738866,0.46604202253958044,0.47544190507300704,0.7694261487200512,0.47544190507300704,0.4937605144009975,0.5
helmholtz,fno,vertical_lines_50pct,horizontal_lines_50pct,False,200,0.1888757308035751,0.1888757308035751,0.13383337352370758,0.1323766517190881,0.18811624735504878,0.1323766517190881,0.5114014251867564,0.5
helmholtz,fno,vertical_lines_50pct,line_sensors_50pct,False,200,0.12029369601771066,0.12029369601771064,0.08553150253103489,0.08428872384486306,0.11936390969990422,0.08428872384486306,0.5075524310164345,0.505615234375
helmholtz,fno,vertical_lines_50pct,random_50pct,False,200,0.02914651784556592,0.029146517845565913,0.02043259614898497,0.020776481918418504,0.029365758296805707,0.020776481918418504,0.4913299611292015,0.5
helmholtz,fno,vertical_lines_50pct,random_65pct,False,200,0.09744794176095946,0.09744794176095946,0.0795695455910251,0.05625038799804536,0.09505425642507215,0.05625038799804536,0.6659362673327149,0.6500244140625
helmholtz,fno,vertical_lines_50pct,random_80pct,False,200,0.2564648072557693,0.2564648072557693,0.23093211084606025,0.11152667616266047,0.24911532320987287,0.11152667616266047,0.8096462335577966,0.79998779296875
helmholtz,fno,vertical_lines_50pct,vertical_lines_50pct,True,200,0.011576614079783507,0.011576614079783507,0.008054722484615617,0.008285609355655052,0.011730106564742843,0.008285609355655052,0.4826920300720441,0.5
helmholtz,gnot,block_observed_50pct,block_observed_50pct,True,200,0.19703532554212566,0.19703532554212566,0.04113130184858092,0.19114564191507488,0.22605981459806077,0.19114564191507488,0.03135196316887646,0.505615234375
helmholtz,gnot,block_observed_50pct,boundary_band_50pct,False,200,0.16269466871973243,0.16269466871973243,0.032897592213095135,0.15831246375667596,0.17394483413530373,0.15831246375667596,0.030584372771217356,0.505615234375
helmholtz,gnot,block_observed_50pct,clustered_50pct,False,200,0.5093073764656284,0.5093073764656284,0.27254102166557126,0.41093460986702474,0.7295645813369732,0.41093460986702474,0.2405155529708043,0.5
helmholtz,gnot,block_observed_50pct,horizontal_lines_50pct,False,200,0.293230221423002,0.29323022142300204,0.20609845504530397,0.2083058107645155,0.2949537304108507,0.2083058107645155,0.4939907550805838,0.5
helmholtz,gnot,block_observed_50pct,line_sensors_50pct,False,200,0.2911852461101208,0.29118524611012087,0.20672572702563652,0.20480327442547344,0.29049194153592417,0.20480327442547344,0.5041562718868281,0.505615234375
helmholtz,gnot,block_observed_50pct,random_50pct,False,200,0.28490685401101734,0.28490685401101734,0.20141424786527407,0.20149623754657484,0.28486696022662744,0.20149623754657484,0.49964894399143545,0.5
helmholtz,gnot,block_observed_50pct,random_65pct,False,200,0.2850027102056531,0.2850027102056531,0.22966837319406505,0.16874667859158485,0.285128924610499,0.16874667859158485,0.6492591288515949,0.6500244140625
helmholtz,gnot,block_observed_50pct,random_80pct,False,200,0.28462861413457663,0.2846286141345766,0.25449264472990085,0.1274517142374469,0.2847035242484444,0.1274517142374469,0.7993932190303613,0.79998779296875
helmholtz,gnot,block_observed_50pct,vertical_lines_50pct,False,200,0.28741231118420507,0.287412311184205,0.20261108680741646,0.20356459981182184,0.28864214121850357,0.20356459981182184,0.49572932200595504,0.5
helmholtz,gnot,boundary_band_50pct,block_observed_50pct,False,200,9.231098624939017,9.231098624939017,7.392231576554366,4.542656631934707,5.620000975424713,4.542656631934707,0.788059228980302,0.505615234375
helmholtz,gnot,boundary_band_50pct,boundary_band_50pct,True,200,0.05596699432690749,0.05596699432690749,0.00819699538832344,0.0551929703946983,0.060843634010333776,0.0551929703946983,0.015468335385504076,0.505615234375
helmholtz,gnot,boundary_band_50pct,clustered_50pct,False,200,494.98480364963916,494.9848036496392,347.0538447000052,346.50813822961135,648.0958628415165,346.50813822961135,0.5048811753710453,0.5
helmholtz,gnot,boundary_band_50pct,horizontal_lines_50pct,False,200,184.8158515644695,184.8158515644695,132.23525094198826,128.93472450567342,184.48930062282597,128.93472450567342,0.5155145516434989,0.5
helmholtz,gnot,boundary_band_50pct,line_sensors_50pct,False,200,176.1177580042623,176.1177580042623,125.92011187113766,122.97564787924453,176.0081587883151,122.97564787924453,0.5163255445697762,0.505615234375
helmholtz,gnot,boundary_band_50pct,random_50pct,False,200,174.97046428093526,174.97046428093526,123.67637365236384,123.7634016924917,174.77002204321496,123.7634016924917,0.49931770202689985,0.5
helmholtz,gnot,boundary_band_50pct,random_65pct,False,200,174.18137985199235,174.18137985199235,140.36710020655778,103.12533686597511,173.82665903416338,103.12533686597511,0.6491902685496855,0.6500244140625
helmholtz,gnot,boundary_band_50pct,random_80pct,False,200,174.11124767853798,174.11124767853798,155.71150299799325,77.89356419780046,173.64534915232238,77.89356419780046,0.7997889132571864,0.79998779296875
helmholtz,gnot,boundary_band_50pct,vertical_lines_50pct,False,200,191.472103630279,191.472103630279,136.62971349933335,133.91833225992167,192.2466668077111,133.91833225992167,0.5148640488927075,0.5
helmholtz,gnot,clustered_50pct,block_observed_50pct,False,200,0.4854887446170873,0.4854887446170872,0.10167292329346844,0.471396826458152,0.5378105004256692,0.471396826458152,0.051611728731020476,0.505615234375
helmholtz,gnot,clustered_50pct,boundary_band_50pct,False,200,0.4865377002402324,0.4865377002402324,0.13242657545879774,0.4639167478263244,0.5007091803697307,0.4639167478263244,0.07387279187278963,0.505615234375
helmholtz,gnot,clustered_50pct,clustered_50pct,True,200,0.027723849538993196,0.027723849538993203,0.011168741797212016,0.02493236992415303,0.04170150728987856,0.02493236992415303,0.14417412646187253,0.5
helmholtz,gnot,clustered_50pct,horizontal_lines_50pct,False,200,0.01566671460034917,0.01566671460034917,0.010997885418306477,0.011145454691289686,0.015786386693211977,0.011145454691289686,0.4918688238834378,0.5
helmholtz,gnot,clustered_50pct,line_sensors_50pct,False,200,0.01558811993328892,0.01558811993328892,0.011003764825660725,0.011033648555761466,0.01565990232246548,0.011033648555761466,0.4985840059304165,0.505615234375
helmholtz,gnot,clustered_50pct,random_50pct,False,200,0.015272205348809574,0.01527220534880957,0.010794526931147042,0.01080316385319688,0.015275751498542165,0.01080316385319688,0.4996295548579106,0.5
helmholtz,gnot,clustered_50pct,random_65pct,False,200,0.015267600187834745,0.015267600187834745,0.012305002716921969,0.009037333132136584,0.015275421776625154,0.009037333132136584,0.6498427643654783,0.6500244140625
helmholtz,gnot,clustered_50pct,random_80pct,False,200,0.01525708576675539,0.01525708576675539,0.013647406320681829,0.006820235603496932,0.015240428416107663,0.006820235603496932,0.8004692730369618,0.79998779296875
helmholtz,gnot,clustered_50pct,vertical_lines_50pct,False,200,0.015561406372051145,0.015561406372051145,0.010893479387980336,0.011098746390462053,0.01571612269345177,0.011098746390462053,0.48929598655595796,0.5
helmholtz,gnot,horizontal_lines_50pct,block_observed_50pct,False,200,62.50864660116891,62.508646601168905,20.192643364201196,54.318813322917805,64.2490855733185,54.318813322917805,0.3478393430478934,0.505615234375
helmholtz,gnot,horizontal_lines_50pct,boundary_band_50pct,False,200,51.71281429595851,51.712814295958495,3.052197187353367,51.606638798982914,56.66873222859444,51.606638798982914,0.0037178067049700803,0.505615234375
helmholtz,gnot,horizontal_lines_50pct,clustered_50pct,False,200,65.5028963023357,65.5028963023357,21.07904372015625,59.56832225722954,99.12929524873717,59.56832225722954,0.12300897879218878,0.5
helmholtz,gnot,horizontal_lines_50pct,horizontal_lines_50pct,True,200,0.008862524105304559,0.008862524105304559,0.006166466214360078,0.00635913006199047,0.009013898418795185,0.00635913006199047,0.48412248726506113,0.5
helmholtz,gnot,horizontal_lines_50pct,line_sensors_50pct,False,200,0.029125091528699402,0.029125091528699406,0.020292318369525317,0.020865204498654286,0.02955703672416549,0.020865204498654286,0.4840053411519613,0.505615234375
helmholtz,gnot,horizontal_lines_50pct,random_50pct,False,200,0.010314904639056863,0.010314904639056861,0.007289572608625036,0.0072975931757156935,0.010317365825436955,0.0072975931757156935,0.4994395046120834,0.5
helmholtz,gnot,horizontal_lines_50pct,random_65pct,False,200,0.009120547242122167,0.009120547242122167,0.007350342760148411,0.005399385626165181,0.009125379029571421,0.005399385626165181,0.649317150347101,0.6500244140625
helmholtz,gnot,horizontal_lines_50pct,random_80pct,False,200,0.008222513800362308,0.008222513800362308,0.007353168580975211,0.003679354088463091,0.008219534386990468,0.003679354088463091,0.7996152686202637,0.79998779296875
helmholtz,gnot,horizontal_lines_50pct,vertical_lines_50pct,False,200,0.07414984456843009,0.07414984456843009,0.05448945005855786,0.04925920032910793,0.07079901003242794,0.04925920032910793,0.5950557538131592,0.5
helmholtz,gnot,line_sensors_50pct,block_observed_50pct,False,200,1.3973622655042408,1.3973622655042408,0.11217163836417908,1.3923458439152454,1.6312777899239368,1.3923458439152454,0.006327298711020543,0.505615234375
helmholtz,gnot,line_sensors_50pct,boundary_band_50pct,False,200,1.3571202850649837,1.3571202850649837,0.11235881411438496,1.3521760419497821,1.4825593143661688,1.3521760419497821,0.006493685278461519,0.505615234375
helmholtz,gnot,line_sensors_50pct,clustered_50pct,False,200,0.36790588887231535,0.36790588887231535,0.17045656281624522,0.319497302696269,0.550025455702304,0.319497302696269,0.208926139261379,0.5
helmholtz,gnot,line_sensors_50pct,horizontal_lines_50pct,False,200,0.14764039522383202,0.14764039522383202,0.10414879443023255,0.10457727206301765,0.14828471115315303,0.10457727206301767,0.49723516342645313,0.5
helmholtz,gnot,line_sensors_50pct,line_sensors_50pct,True,200,0.14431582917497432,0.14431582917497432,0.10193903726266544,0.1020229620892354,0.14473635887331568,0.1020229620892354,0.4977009486390269,0.505615234375
helmholtz,gnot,line_sensors_50pct,random_50pct,False,200,0.13862687504531582,0.13862687504531582,0.09798418601239021,0.09806041397143056,0.13866769543918114,0.09806041397143056,0.49962778163638744,0.5
helmholtz,gnot,line_sensors_50pct,random_65pct,False,200,0.13828449458531455,0.13828449458531455,0.11148771248199006,0.08180776356547236,0.13825729555060734,0.08180776356547236,0.6500729019105661,0.6500244140625
helmholtz,gnot,line_sensors_50pct,random_80pct,False,200,0.13830204919132066,0.1383020491913207,0.12369812718844045,0.06185156767451454,0.13820192749972668,0.06185156767451454,0.7999191081898009,0.79998779296875
helmholtz,gnot,line_sensors_50pct,vertical_lines_50pct,False,200,0.1421600359286407,0.14216003592864068,0.09950797258917272,0.10138041383974096,0.14376543709867878,0.10138041383974096,0.48861300753728676,0.5
helmholtz,gnot,random_50pct,block_observed_50pct,False,200,81.7372011960341,81.7372011960341,67.89021884452856,33.81809800013498,41.21851207221408,33.81809800013498,0.6304232169901802,0.505615234375
helmholtz,gnot,random_50pct,boundary_band_50pct,False,200,13.439431916460451,13.439431916460448,13.028940651412604,2.9516304351366767,3.240613253980772,2.9516304351366767,0.9697255628423962,0.505615234375
helmholtz,gnot,random_50pct,clustered_50pct,False,200,132.35224792579558,132.35224792579555,5.758914761330541,131.2921834125443,219.7753248640506,131.2921834125443,0.005462647823733563,0.5
helmholtz,gnot,random_50pct,horizontal_lines_50pct,False,200,0.041381027119663065,0.041381027119663065,0.026449036681830133,0.026016181972349096,0.03696311014106626,0.026016181972349096,0.8497455874945075,0.5
helmholtz,gnot,random_50pct,line_sensors_50pct,False,200,0.016235483951301522,0.016235483951301522,0.011120769545585139,0.01179404754393916,0.016708014752905676,0.01179404754393916,0.45795569344652165,0.505615234375
helmholtz,gnot,random_50pct,random_50pct,True,200,0.0056158410839142045,0.005615841083914204,0.00396231140633189,0.003979485436124246,0.005626371333216295,0.003979485436124246,0.4977273635923506,0.5
helmholtz,gnot,random_50pct,random_65pct,False,200,0.005066804686731648,0.005066804686731649,0.004080073665457132,0.0030040717579525346,0.00507682454380117,0.0030040717579525346,0.6481864862053802,0.6500244140625
helmholtz,gnot,random_50pct,random_80pct,False,200,0.004626958173545488,0.004626958173545488,0.004135594884681391,0.00207474107808223,0.004635060556855951,0.00207474107808223,0.7988181905730802,0.79998779296875
helmholtz,gnot,random_50pct,vertical_lines_50pct,False,200,0.04866661779975305,0.048666617799753065,0.03788581893887665,0.019522455623478156,0.02799751177664794,0.019522455623478156,0.9756313694716678,0.5
helmholtz,gnot,random_65pct,block_observed_50pct,False,200,1.1408991807153042,1.1408991807153042,0.14485036449089939,1.1117242306362038,1.296221409601211,1.1117242306362038,0.05162072549612258,0.505615234375
helmholtz,gnot,random_65pct,boundary_band_50pct,False,200,0.9197486707185553,0.9197486707185553,0.05819841294029516,0.9177974853805313,1.0029398295000875,0.9177974853805313,0.00394052988273381,0.505615234375
helmholtz,gnot,random_65pct,clustered_50pct,False,200,0.4593324908396963,0.4593324908396963,0.12915827013633996,0.4325219353867106,0.7507930071898025,0.4325219353867106,0.152240319321328,0.5
helmholtz,gnot,random_65pct,horizontal_lines_50pct,False,200,0.04692485331439561,0.04692485331439561,0.032413920887153114,0.0338824640021863,0.048074810015534195,0.03388246400218631,0.4742553411116231,0.5
helmholtz,gnot,random_65pct,line_sensors_50pct,False,200,0.04104360830338417,0.04104360830338417,0.028147737951165482,0.029828092018596073,0.04226128299491837,0.029828092018596073,0.46446977247302,0.505615234375
helmholtz,gnot,random_65pct,random_50pct,False,200,0.012233788952971265,0.012233788952971265,0.008644860304330444,0.008655993077022023,0.012238393395639067,0.008655993077022023,0.4992271865115485,0.5
helmholtz,gnot,random_65pct,random_65pct,True,200,0.010395381819217104,0.010395381819217106,0.008377329974940484,0.006154733002275334,0.010403419981164858,0.006154733002275334,0.6494899138149113,0.6500244140625
helmholtz,gnot,random_65pct,random_80pct,False,200,0.008799038506704066,0.008799038506704066,0.007867399939457134,0.003940027276830651,0.008802854491182432,0.003940027276830651,0.7995173068212802,0.79998779296875
helmholtz,gnot,random_65pct,vertical_lines_50pct,False,200,0.04262824143662882,0.04262824143662883,0.029315915479155897,0.03089679011704317,0.043783916496105794,0.03089679011704317,0.4662207943298281,0.5
helmholtz,gnot,random_80pct,block_observed_50pct,False,200,32.70587194164189,32.70587194164189,1.834560244306711,32.63292816353671,38.43769916400252,32.63292816353671,0.003718253210191663,0.505615234375
helmholtz,gnot,random_80pct,boundary_band_50pct,False,200,30.488583825839218,30.488583825839218,0.992186243647405,30.472066339276484,33.45803559547622,30.472066339276484,0.0010621725976741718,0.505615234375
helmholtz,gnot,random_80pct,clustered_50pct,False,200,35.80388359682939,35.80388359682938,2.6388212378870923,35.388901398828054,62.1431303516192,35.388901398828054,0.012594943114575277,0.5
helmholtz,gnot,random_80pct,horizontal_lines_50pct,False,200,0.1345724777452633,0.1345724777452633,0.09676505390493459,0.09281293205889674,0.13380332334602177,0.09281293205889674,0.5699947644738884,0.5
helmholtz,gnot,random_80pct,line_sensors_50pct,False,200,0.032592463260302434,0.032592463260302434,0.02259429857473588,0.02345218536326422,0.03323594356210815,0.02345218536326422,0.4783935115079579,0.505615234375
helmholtz,gnot,random_80pct,random_50pct,False,200,0.010881475463312563,0.010881475463312563,0.007690239412132993,0.007698076031110221,0.010884246261260682,0.007698076031110221,0.499456137100812,0.5
helmholtz,gnot,random_80pct,random_65pct,False,200,0.009356176666152093,0.009356176666152093,0.007540797130042618,0.005538066909409477,0.009359773913436575,0.005538066909409477,0.6498798429747928,0.6500244140625
helmholtz,gnot,random_80pct,random_80pct,True,200,0.008407560157495724,0.008407560157495724,0.007516805360180187,0.0037658604855318723,0.00841292593351418,0.0037658604855318723,0.7994787873646974,0.79998779296875
helmholtz,gnot,random_80pct,vertical_lines_50pct,False,200,0.03951506539879697,0.03951506539879697,0.027117800362613534,0.028660312436713697,0.040698610796712414,0.028660312436713697,0.46014969606481115,0.5
helmholtz,gnot,vertical_lines_50pct,block_observed_50pct,False,200,13.425862269292523,13.425862269292523,0.05792739528674936,13.425686740293605,15.770926324283625,13.425686740293605,1.5522642372851487e-05,0.505615234375
helmholtz,gnot,vertical_lines_50pct,boundary_band_50pct,False,200,11.847363011121642,11.847363011121642,0.05653156380277448,11.84721127241209,13.011494355625478,11.84721127241209,2.2048202123158054e-05,0.505615234375
helmholtz,gnot,vertical_lines_50pct,clustered_50pct,False,200,20.08386609621004,20.08386609621004,1.5275356179321622,19.743028162603203,33.65425164048704,19.743028162603203,0.0043106082942956925,0.5
helmholtz,gnot,vertical_lines_50pct,horizontal_lines_50pct,False,200,0.15744776604001362,0.15744776604001362,0.11197666911185189,0.10968864764427028,0.15550644950399078,0.10968864764427028,0.5353068291108978,0.5
helmholtz,gnot,vertical_lines_50pct,line_sensors_50pct,False,200,0.030645793774615786,0.030645793774615786,0.02097124843221851,0.022314673206274168,0.03167330589171811,0.022314673206274165,0.4626697101811858,0.505615234375
helmholtz,gnot,vertical_lines_50pct,random_50pct,False,200,0.010115251530811385,0.010115251530811381,0.007151128453133113,0.0071537384044131815,0.010114434714239307,0.0071537384044131815,0.5000046760332544,0.5
helmholtz,gnot,vertical_lines_50pct,random_65pct,False,200,0.008377605144311259,0.008377605144311257,0.006752256342907146,0.004958724914294344,0.008380816710048512,0.004958724914294344,0.6497397621327313,0.6500244140625
helmholtz,gnot,vertical_lines_50pct,random_80pct,False,200,0.0069821609500262715,0.0069821609500262715,0.006243246369976954,0.003125845176204734,0.00698414248859818,0.003125845176204734,0.799761477962244,0.79998779296875
helmholtz,gnot,vertical_lines_50pct,vertical_lines_50pct,True,200,0.006566510381757963,0.006566510381757963,0.004552168071922054,0.004728411534518484,0.006702745079070579,0.004728411534518484,0.4784950863998578,0.5
helmholtz,pino,block_observed_50pct,block_observed_50pct,True,200,0.07864160033665206,0.07864160033665207,0.024896945236637852,0.07341977254466889,0.08724876128441529,0.07341977254466889,0.07993037690470181,0.505615234375
helmholtz,pino,block_observed_50pct,boundary_band_50pct,False,200,0.05629234429779917,0.05629234429779917,0.019094519720207367,0.052368639039689364,0.05742036883033999,0.052368639039689364,0.10464897756289253,0.505615234375
helmholtz,pino,block_observed_50pct,clustered_50pct,False,200,0.810525681478186,0.810525681478186,0.5361332059497372,0.5860870279403446,0.9388157290867919,0.5860870279403446,0.4530034145986483,0.5
helmholtz,pino,block_observed_50pct,horizontal_lines_50pct,False,200,0.6713410461294957,0.6713410461294955,0.47299915575627305,0.47579673193657046,0.673713055892285,0.47579673193657046,0.4965036868690009,0.5
helmholtz,pino,block_observed_50pct,line_sensors_50pct,False,200,0.6498796582212926,0.6498796582212926,0.45809990689239166,0.46051185682598017,0.6524843819444495,0.46051185682598017,0.4964421653377735,0.505615234375
helmholtz,pino,block_observed_50pct,random_50pct,False,200,0.6898396971243307,0.6898396971243307,0.48721996740368434,0.48834486314416203,0.6904196860576558,0.48834486314416203,0.4988238807837587,0.5
helmholtz,pino,block_observed_50pct,random_65pct,False,200,0.6411408194642272,0.6411408194642272,0.5164935778919697,0.3798457918820517,0.6417646240010235,0.3798457918820517,0.6489097188797652,0.6500244140625
helmholtz,pino,block_observed_50pct,random_80pct,False,200,0.6075906311753447,0.6075906311753446,0.54309342354016,0.2724064007714208,0.608431841157565,0.2724064007714208,0.7989665886260355,0.79998779296875
helmholtz,pino,block_observed_50pct,vertical_lines_50pct,False,200,0.7449473943210141,0.7449473943210141,0.5223632081377876,0.5305831278423178,0.7525979609439463,0.5305831278423178,0.49193373695068343,0.5
helmholtz,pino,boundary_band_50pct,block_observed_50pct,False,200,1.1791093010849487,1.1791093010849487,0.3485613830349196,1.11501210335921,1.277965406800937,1.11501210335921,0.08944350045667641,0.505615234375
helmholtz,pino,boundary_band_50pct,boundary_band_50pct,True,200,0.016093469929865524,0.016093469929865524,0.0038694726194491553,0.015512436929691408,0.01704211240077041,0.015512436929691408,0.050703186604557235,0.505615234375
helmholtz,pino,boundary_band_50pct,clustered_50pct,False,200,0.9174284348359408,0.9174284348359408,0.5715097317058693,0.6998342349116686,1.1253888224759745,0.6998342349116686,0.39714429140991453,0.5
helmholtz,pino,boundary_band_50pct,horizontal_lines_50pct,False,200,1.1579995611553378,1.1579995611553378,0.812178809142217,0.8244077166997235,1.1667407085326125,0.8244077166997235,0.495911308912132,0.5
helmholtz,pino,boundary_band_50pct,line_sensors_50pct,False,200,1.1289740732139686,1.1289740732139686,0.7921737091403268,0.803332871894846,1.1388226320628176,0.803332871894846,0.4923119998078216,0.505615234375
helmholtz,pino,boundary_band_50pct,random_50pct,False,200,0.878514388594364,0.878514388594364,0.6209954195155383,0.6213912280228243,0.8784319649517718,0.6213912280228243,0.49962689873204225,0.5
helmholtz,pino,boundary_band_50pct,random_65pct,False,200,0.8323422238217484,0.8323422238217484,0.6708076807540242,0.49273757509831845,0.8322797234356674,0.49273757509831845,0.6493385822123842,0.6500244140625
helmholtz,pino,boundary_band_50pct,random_80pct,False,200,0.780491034372117,0.780491034372117,0.6978430747799085,0.34952123743099056,0.7803719151831926,0.34952123743099056,0.7992622150990711,0.79998779296875
helmholtz,pino,boundary_band_50pct,vertical_lines_50pct,False,200,1.4161096694193884,1.4161096694193884,1.0009004384681515,1.0005794023814776,1.420114787571859,1.0005794023814776,0.505435295451508,0.5
helmholtz,pino,clustered_50pct,block_observed_50pct,False,200,0.4421411821599974,0.4421411821599975,0.09291707038554493,0.43014609761852535,0.4881352498635831,0.43014609761852535,0.043238785040593,0.505615234375
helmholtz,pino,clustered_50pct,boundary_band_50pct,False,200,0.43935204785366005,0.43935204785366005,0.09063097584678266,0.4277148226658226,0.460296478673724,0.4277148226658226,0.039235744249906945,0.505615234375
helmholtz,pino,clustered_50pct,clustered_50pct,True,200,0.10501432869404816,0.10501432869404816,0.048274606150188484,0.0909192895013811,0.1467547157065484,0.0909192895013811,0.18751733106671653,0.5
helmholtz,pino,clustered_50pct,horizontal_lines_50pct,False,200,0.2781301650672566,0.27813016506725663,0.19227463188394672,0.20071328318791476,0.28344265771520744,0.20071328318791476,0.4762305315669732,0.5
helmholtz,pino,clustered_50pct,line_sensors_50pct,False,200,0.27356962538795915,0.27356962538795915,0.19013282506353427,0.1964266893823954,0.27779471017438573,0.1964266893823954,0.48116331460992073,0.505615234375
helmholtz,pino,clustered_50pct,random_50pct,False,200,0.2825769541797582,0.28257695417975826,0.19958549786555516,0.20003120692812043,0.2827931471009679,0.20003120692812043,0.4988351786082066,0.5
helmholtz,pino,clustered_50pct,random_65pct,False,200,0.17885040601938829,0.17885040601938829,0.14404252703478673,0.10600961248644916,0.17910001497072137,0.10600961248644916,0.6485735892144763,0.6500244140625
helmholtz,pino,clustered_50pct,random_80pct,False,200,0.10609120982914122,0.10609120982914125,0.09479774907621467,0.047627590249533905,0.10635223932943327,0.047627590249533905,0.7983539801571974,0.79998779296875
helmholtz,pino,clustered_50pct,vertical_lines_50pct,False,200,0.26933800557411436,0.26933800557411436,0.18638042030115665,0.19419006490959315,0.27443942638384966,0.19419006490959315,0.4768435859555198,0.5
helmholtz,pino,horizontal_lines_50pct,block_observed_50pct,False,200,1.0283324051429472,1.0283324051429474,0.31758880665204176,0.97182109287307,1.1142976421217476,0.97182109287307,0.1011064765262821,0.505615234375
helmholtz,pino,horizontal_lines_50pct,boundary_band_50pct,False,200,1.1422988050283784,1.1422988050283782,0.3060305914859225,1.0974743816256256,1.1945092174790455,1.0974743816256256,0.07583864504125745,0.505615234375
helmholtz,pino,horizontal_lines_50pct,clustered_50pct,False,200,0.791476415315947,0.791476415315947,0.416251295509251,0.6548749768210255,1.048781499883637,0.6548749768210255,0.293609484566307,0.5
helmholtz,pino,horizontal_lines_50pct,horizontal_lines_50pct,True,200,0.01845878648778021,0.01845878648778021,0.012905579270340885,0.01317842100099351,0.018668586659984197,0.01317842100099351,0.4881510703633363,0.5
helmholtz,pino,horizontal_lines_50pct,line_sensors_50pct,False,200,0.1801129283233311,0.1801129283233311,0.12046016688296873,0.1335103139390487,0.188364969817742,0.1335103139390487,0.43301209962210635,0.505615234375
helmholtz,pino,horizontal_lines_50pct,random_50pct,False,200,0.09187633292348638,0.09187633292348638,0.06458221792035862,0.06534458977977432,0.09239773006480557,0.06534458977977432,0.4935648356325953,0.5
helmholtz,pino,horizontal_lines_50pct,random_65pct,False,200,0.1783993828801041,0.1783993828801041,0.1443814915725963,0.10478023613153127,0.1770844202334516,0.10478023613153127,0.6549603855336901,0.6500244140625
helmholtz,pino,horizontal_lines_50pct,random_80pct,False,200,0.32104633110973013,0.32104633110973013,0.2874873233706328,0.14289170245549018,0.3192293970059352,0.14289170245549018,0.8018396801273409,0.79998779296875
helmholtz,pino,horizontal_lines_50pct,vertical_lines_50pct,False,200,0.2749274556304125,0.2749274556304125,0.17965155283463288,0.20738825635459152,0.2933472145383745,0.20738825635459152,0.41649922268921585,0.5
helmholtz,pino,line_sensors_50pct,block_observed_50pct,False,200,0.8496300764360547,0.8496300764360548,0.1831336134693194,0.8268691077911331,0.9404639191586212,0.8268691077911331,0.048565343087994324,0.505615234375
helmholtz,pino,line_sensors_50pct,boundary_band_50pct,False,200,0.9610094158756499,0.9610094158756499,0.19622465369310407,0.9375317409016151,1.014346541658997,0.9375317409016151,0.044648315172018845,0.505615234375
helmholtz,pino,line_sensors_50pct,clustered_50pct,False,200,0.5170547152944833,0.5170547152944833,0.2313337168512052,0.45208963638670174,0.7090390884025752,0.4520896363867017,0.19832021647337086,0.5
helmholtz,pino,line_sensors_50pct,horizontal_lines_50pct,False,200,0.03867604975612302,0.03867604975612302,0.027018050139288846,0.02761741642189743,0.0390956156506258,0.027617416421897426,0.4859745036209063,0.5
helmholtz,pino,line_sensors_50pct,line_sensors_50pct,True,200,0.037754762170481335,0.037754762170481335,0.02632590395446313,0.027000561340141564,0.038210115513034396,0.027000561340141564,0.4788522236232085,0.505615234375
helmholtz,pino,line_sensors_50pct,random_50pct,False,200,0.0547103173252532,0.0547103173252532,0.038505119566547556,0.03886475768123824,0.05493174172967776,0.03886475768123823,0.49524345317859153,0.5
helmholtz,pino,line_sensors_50pct,random_65pct,False,200,0.151255349431261,0.15125534943126098,0.12210569431343679,0.08925979799766781,0.15083633546175695,0.08925979799766781,0.6516934587413749,0.6500244140625
helmholtz,pino,line_sensors_50pct,random_80pct,False,200,0.3030333250080666,0.3030333250080666,0.27106087330190887,0.13546760754912454,0.3026427002802915,0.13546760754912454,0.8001443437474368,0.79998779296875
helmholtz,pino,line_sensors_50pct,vertical_lines_50pct,False,200,0.040773933046093266,0.040773933046093266,0.028166627026968927,0.029418559101722683,0.041607895517021286,0.029418559101722683,0.4692026287537718,0.5
helmholtz,pino,random_50pct,block_observed_50pct,False,200,0.9835160194405708,0.9835160194405708,0.2476862349239332,0.948381783595206,1.0824735139986341,0.948381783595206,0.06741251076389539,0.505615234375
helmholtz,pino,random_50pct,boundary_band_50pct,False,200,1.1167523592888724,1.1167523592888724,0.2624594604105617,1.082653511543681,1.1751675969843483,1.082653511543681,0.05812958866509336,0.505615234375
helmholtz,pino,random_50pct,clustered_50pct,False,200,0.5624938784441956,0.5624938784441956,0.251171717466477,0.4955386208017872,0.7751495780810401,0.4955386208017872,0.19254989838371078,0.5
helmholtz,pino,random_50pct,horizontal_lines_50pct,False,200,0.11631454136357205,0.11631454136357205,0.08189514190542088,0.08222037011218446,0.11663713006838992,0.08222037011218446,0.49033377765739733,0.5
helmholtz,pino,random_50pct,line_sensors_50pct,False,200,0.10289334618864002,0.10289334618864002,0.07168111516631698,0.0734880389941007,0.10386481830086838,0.0734880389941007,0.4736241162040589,0.505615234375
helmholtz,pino,random_50pct,random_50pct,True,200,0.03658350083316617,0.03658350083316617,0.02585963721491952,0.025875939163721547,0.03658853095028812,0.025875939163721547,0.5000943338696727,0.5
helmholtz,pino,random_50pct,random_65pct,False,200,0.19903289303966445,0.19903289303966445,0.1605444792873531,0.11763430062501605,0.19880282929256243,0.11763430062501605,0.650725533979794,0.6500244140625
helmholtz,pino,random_50pct,random_80pct,False,200,0.3631605327559722,0.36316053275597215,0.32477896354177177,0.1624768226030463,0.36298306935859626,0.1624768226030463,0.7998362917815462,0.79998779296875
helmholtz,pino,random_50pct,vertical_lines_50pct,False,200,0.11293789401873884,0.11293789401873884,0.0777793549854556,0.0814669743377534,0.11534848875856726,0.0814669743377534,0.46456679910690657,0.5
helmholtz,pino,random_65pct,block_observed_50pct,False,200,1.017458771169641,1.017458771169641,0.2703335230462983,0.9770651912870177,1.1186824226441063,0.9770651912870177,0.0723785547669557,0.505615234375
helmholtz,pino,random_65pct,boundary_band_50pct,False,200,1.163539587876805,1.163539587876805,0.2912385441113619,1.1235931956599463,1.2231663255000134,1.1235931956599463,0.06315227643499363,0.505615234375
helmholtz,pino,random_65pct,clustered_50pct,False,200,0.5899892764430449,0.5899892764430449,0.27716741322022637,0.5126977592279185,0.8021185844410229,0.5126977592279185,0.2211319596343552,0.5
helmholtz,pino,random_65pct,horizontal_lines_50pct,False,200,0.19637372397628736,0.19637372397628738,0.13043913522484854,0.14660053477826504,0.20640441872683232,0.14660053477826504,0.4359803799905733,0.5
helmholtz,pino,random_65pct,line_sensors_50pct,False,200,0.19751448796336224,0.19751448796336227,0.13267325861429236,0.14606540983627447,0.2057969419196291,0.14606540983627447,0.44370120764254734,0.505615234375
helmholtz,pino,random_65pct,random_50pct,False,200,0.1961907920246854,0.1961907920246854,0.13841418916022896,0.13903607044526725,0.19653118494099597,0.13903607044526725,0.4975781743551761,0.5
helmholtz,pino,random_65pct,random_65pct,True,200,0.02962090232872273,0.029620902328722734,0.02388188390860782,0.017521919503864874,0.02961580736901875,0.017521919503864874,0.6501627236839771,0.6500244140625
helmholtz,pino,random_65pct,random_80pct,False,200,0.181036363619479,0.181036363619479,0.1619175420211997,0.08096668058871613,0.18089452247771273,0.08096668058871613,0.7999962738057937,0.79998779296875
helmholtz,pino,random_65pct,vertical_lines_50pct,False,200,0.2011717739949399,0.2011717739949399,0.13447997053578045,0.14940591895259164,0.21067576799285173,0.14940591895259164,0.44077510743282405,0.5
helmholtz,pino,random_80pct,block_observed_50pct,False,200,0.9411694638983775,0.9411694638983775,0.24343790938257842,0.9057938746756251,1.0352587542292364,0.9057938746756252,0.07075430568122974,0.505615234375
helmholtz,pino,random_80pct,boundary_band_50pct,False,200,1.0591947102965689,1.0591947102965689,0.2645074169377957,1.0228254806263712,1.1105544015090707,1.0228254806263712,0.0659554313522203,0.505615234375
helmholtz,pino,random_80pct,clustered_50pct,False,200,0.639154324038434,0.639154324038434,0.29306224010763854,0.5584698984495088,0.8880839959459257,0.5584698984495089,0.21495288816999714,0.5
helmholtz,pino,random_80pct,horizontal_lines_50pct,False,200,0.3098869254211068,0.30988692542110674,0.21056971958192128,0.22705899102623164,0.32058403020274073,0.22705899102623164,0.45889528038318833,0.5
helmholtz,pino,random_80pct,line_sensors_50pct,False,200,0.31368711952573075,0.31368711952573075,0.21468409261821178,0.2283307659362395,0.32245856827765884,0.2283307659362395,0.4637606863297155,0.505615234375
helmholtz,pino,random_80pct,random_50pct,False,200,0.3128549109039102,0.31285491090391016,0.2208968186109972,0.2215385420907174,0.31318564031243556,0.2215385420907174,0.4984539050024911,0.5
helmholtz,pino,random_80pct,random_65pct,False,200,0.15055858074270434,0.15055858074270437,0.12117861675460619,0.08934642414141965,0.150936805927692,0.08934642414141965,0.6476755311158108,0.6500244140625
helmholtz,pino,random_80pct,random_80pct,True,200,0.024858113692839794,0.024858113692839794,0.0222358356896778,0.01111135140460924,0.0248114129492827,0.01111135140460924,0.8000112295265681,0.79998779296875
helmholtz,pino,random_80pct,vertical_lines_50pct,False,200,0.31598922341468383,0.31598922341468383,0.21562344940812106,0.23068581783315867,0.3259643891899608,0.23068581783315867,0.4623877719808546,0.5
helmholtz,pino,vertical_lines_50pct,block_observed_50pct,False,200,1.2181366922863004,1.2181366922863004,0.5017896233313497,1.0994692544264222,1.264643770279341,1.0994692544264222,0.17378385652059444,0.505615234375
helmholtz,pino,vertical_lines_50pct,boundary_band_50pct,False,200,1.2799562552649701,1.2799562552649704,0.4495879570099334,1.1938758320102212,1.3034969033806896,1.1938758320102212,0.12542615314890398,0.505615234375
helmholtz,pino,vertical_lines_50pct,clustered_50pct,False,200,0.7672749298869946,0.7672749298869949,0.4078667494033345,0.6390002374649799,1.0215947531794447,0.6390002374649799,0.2893803092689572,0.5
helmholtz,pino,vertical_lines_50pct,horizontal_lines_50pct,False,200,0.2733270740128362,0.2733270740128362,0.1766155324156664,0.20788466855810742,0.2939581088020007,0.20788466855810742,0.41008114459138323,0.5
helmholtz,pino,vertical_lines_50pct,line_sensors_50pct,False,200,0.18661100182370063,0.18661100182370063,0.12474360684147506,0.13846792624159532,0.19550299776938862,0.13846792624159532,0.4363652051458602,0.505615234375
helmholtz,pino,vertical_lines_50pct,random_50pct,False,200,0.10604176867630538,0.10604176867630538,0.07458373311647098,0.07537418707037263,0.10653944707718616,0.07537418707037263,0.4940550481012804,0.5
helmholtz,pino,vertical_lines_50pct,random_65pct,False,200,0.1911267676097489,0.19112676760974887,0.15472316680182285,0.11219856198792495,0.18963839365890287,0.11219856198792495,0.6554351571124707,0.6500244140625
helmholtz,pino,vertical_lines_50pct,random_80pct,False,200,0.3448948124831242,0.3448948124831242,0.3088500673738372,0.15348912280516486,0.342943760589939,0.15348912280516486,0.8019553614102642,0.79998779296875
helmholtz,pino,vertical_lines_50pct,vertical_lines_50pct,True,200,0.01911605201611747,0.01911605201611747,0.013392281745290457,0.01362313872082765,0.01931476306216664,0.01362313872082765,0.49091722102732527,0.5
helmholtz,transolver,block_observed_50pct,block_observed_50pct,True,200,0.06507442749784538,0.06507442749784537,0.004121400106928467,0.06490339462664096,0.07676950252682485,0.06490339462664096,0.002952161434253207,0.505615234375
helmholtz,transolver,block_observed_50pct,boundary_band_50pct,False,200,0.04954939959504432,0.04954939959504432,0.0033524078382789636,0.04940900322455419,0.05428120309449999,0.04940900322455419,0.003785637096399614,0.505615234375
helmholtz,transolver,block_observed_50pct,clustered_50pct,False,200,0.58491494358572,0.5849149435857202,0.2558631694066816,0.5035966689076274,0.8339004418225833,0.5035966689076274,0.2625812016330463,0.5
helmholtz,transolver,block_observed_50pct,horizontal_lines_50pct,False,200,0.5161403558421518,0.5161403558421518,0.24527407038531798,0.448131389850967,0.6374522124670614,0.448131389850967,0.2621063749625737,0.5
helmholtz,transolver,block_observed_50pct,line_sensors_50pct,False,200,0.49415779251503394,0.49415779251503394,0.24288773465384517,0.42497856776076126,0.6047707141465113,0.42497856776076126,0.27222613811760676,0.505615234375
helmholtz,transolver,block_observed_50pct,random_50pct,False,200,0.5633603758078751,0.563360375807875,0.33536950110726105,0.4493683384998686,0.6352627397091666,0.4493683384998686,0.3657261809158237,0.5
helmholtz,transolver,block_observed_50pct,random_65pct,False,200,0.6392469196115098,0.6392469196115098,0.4870002998674833,0.4085761144623889,0.6902464234387076,0.4085761144623889,0.5982089802762556,0.6500244140625
helmholtz,transolver,block_observed_50pct,random_80pct,False,200,0.7061514285354378,0.7061514285354378,0.6047157007939782,0.35346000961415447,0.7895630240887784,0.35346000961415447,0.7590021477834783,0.79998779296875
helmholtz,transolver,block_observed_50pct,vertical_lines_50pct,False,200,0.5309256333505489,0.5309256333505489,0.2653469251168252,0.45480296374890544,0.6471011950484002,0.45480296374890544,0.28086878598618714,0.5
helmholtz,transolver,boundary_band_50pct,block_observed_50pct,False,200,0.49943216473601515,0.4994321647360151,0.07367665740321189,0.49057124343532615,0.5742836560581409,0.49057124343532615,0.02511861232257706,0.505615234375
helmholtz,transolver,boundary_band_50pct,boundary_band_50pct,True,200,0.027396076890457723,0.027396076890457723,0.002034265542501252,0.02729885477967821,0.030036467243309332,0.02729885477967821,0.004390672115874802,0.505615234375
helmholtz,transolver,boundary_band_50pct,clustered_50pct,False,200,0.6384028352986365,0.6384028352986365,0.2683655447452366,0.557441299530064,0.9243557544830097,0.557441299530064,0.1861903448720285,0.5
helmholtz,transolver,boundary_band_50pct,horizontal_lines_50pct,False,200,0.4424105480187343,0.4424105480187343,0.15696207668364878,0.3996628036974106,0.5675004088794499,0.3996628036974106,0.15045536272720855,0.5
helmholtz,transolver,boundary_band_50pct,line_sensors_50pct,False,200,0.4694808165166785,0.4694808165166785,0.16262351510757939,0.42153477890558916,0.5997702391680566,0.42153477890558916,0.1529663454370631,0.505615234375
helmholtz,transolver,boundary_band_50pct,random_50pct,False,200,0.5308381900021125,0.5308381900021125,0.1617813315541645,0.48633925046898924,0.6877898586419109,0.48633925046898924,0.12164232305291552,0.5
helmholtz,transolver,boundary_band_50pct,random_65pct,False,200,0.6095321810738124,0.6095321810738124,0.2720125633183014,0.5133060060974607,0.8676556453232432,0.5133060060974607,0.23917370456365375,0.6500244140625
helmholtz,transolver,boundary_band_50pct,random_80pct,False,200,0.6196587460390073,0.6196587460390072,0.4068268387342853,0.43093223988848645,0.963138572839527,0.43093223988848645,0.4743903705069487,0.79998779296875
helmholtz,transolver,boundary_band_50pct,vertical_lines_50pct,False,200,0.4344111760847182,0.43441117608471813,0.19176945399185288,0.36620472466441023,0.5196531892552867,0.36620472466441023,0.2486504582392384,0.5
helmholtz,transolver,clustered_50pct,block_observed_50pct,False,200,0.601434621520464,0.601434621520464,0.008402226900746301,0.601351295150903,0.6857908653071074,0.601351295150903,0.00022075664372011553,0.505615234375
helmholtz,transolver,clustered_50pct,boundary_band_50pct,False,200,0.5960363179266246,0.5960363179266247,0.013414950629764387,0.5958191611637811,0.6458286331343471,0.5958191611637811,0.0005747415242858172,0.505615234375
helmholtz,transolver,clustered_50pct,clustered_50pct,True,200,0.052781426388581944,0.052781426388581944,0.0026559935280305075,0.05268342751077936,0.08807625177484883,0.05268342751077936,0.0019036029803520646,0.5
helmholtz,transolver,clustered_50pct,horizontal_lines_50pct,False,200,0.5623754028231794,0.5623754028231795,0.13979999193608525,0.5441202971503545,0.7699576028153865,0.5441202971503545,0.06397868302307055,0.5
helmholtz,transolver,clustered_50pct,line_sensors_50pct,False,200,0.5505434828409443,0.5505434828409443,0.10909641922740866,0.5391886511936828,0.7657117749555052,0.5391886511936828,0.04049967488591089,0.505615234375
helmholtz,transolver,clustered_50pct,random_50pct,False,200,0.3426834656162614,0.3426834656162614,0.046719632431375,0.3394012422518135,0.47987866971698856,0.3394012422518135,0.01796423832376333,0.5
helmholtz,transolver,clustered_50pct,random_65pct,False,200,0.297733260868386,0.297733260868386,0.12130633025275918,0.2706384492033341,0.4573754084002543,0.2706384492033341,0.16812293553642435,0.6500244140625
helmholtz,transolver,clustered_50pct,random_80pct,False,200,0.36615101719913384,0.36615101719913384,0.2854882102523613,0.2192461116496137,0.4896760007824892,0.2192461116496137,0.6304796473348744,0.79998779296875
helmholtz,transolver,clustered_50pct,vertical_lines_50pct,False,200,0.46265166931865037,0.46265166931865037,0.0969289910216175,0.4518682450566968,0.6396767829562611,0.4518682450566968,0.048070498942197296,0.5
helmholtz,transolver,horizontal_lines_50pct,block_observed_50pct,False,200,1.9290903169067466,1.9290903169067468,0.13384792382451485,1.9093341785250215,2.2232074197595115,1.9093341785250215,0.013597457867030207,0.505615234375
helmholtz,transolver,horizontal_lines_50pct,boundary_band_50pct,False,200,1.914750573596728,1.914750573596728,0.047819762732633296,1.913705660219593,2.0991276162738925,1.913705660219593,0.0010739769416779257,0.505615234375
helmholtz,transolver,horizontal_lines_50pct,clustered_50pct,False,200,0.7327207096849376,0.7327207096849376,0.08486867620064219,0.725980602553629,1.1989671787233065,0.725980602553629,0.017299185519558453,0.5
helmholtz,transolver,horizontal_lines_50pct,horizontal_lines_50pct,True,200,0.0036844634043834046,0.0036844634043834046,0.0008418846931865929,0.003549209848071685,0.005025295771737208,0.0035492098480716856,0.05468487126859868,0.5
helmholtz,transolver,horizontal_lines_50pct,line_sensors_50pct,False,200,0.4235129644168613,0.4235129644168613,0.08363109473984079,0.4142134256766966,0.5880089068951033,0.4142134256766966,0.044221519901210996,0.505615234375
helmholtz,transolver,horizontal_lines_50pct,random_50pct,False,200,0.5829870923118836,0.5829870923118835,0.12734825680708742,0.5681518683601683,0.8032906445640987,0.5681518683601683,0.05150265621202136,0.5
helmholtz,transolver,horizontal_lines_50pct,random_65pct,False,200,0.5380667654074339,0.5380667654074339,0.1846220892770566,0.49992670646757836,0.8448035131716333,0.49992670646757836,0.15894427391597774,0.6500244140625
helmholtz,transolver,horizontal_lines_50pct,random_80pct,False,200,0.4750229887835016,0.4750229887835016,0.24341781849796337,0.38908550737518505,0.8690300270446188,0.38908550737518505,0.445329940507928,0.79998779296875
helmholtz,transolver,horizontal_lines_50pct,vertical_lines_50pct,False,200,0.8106258118446946,0.8106258118446945,0.23043499148728958,0.761659467987009,1.0797177116513867,0.761659467987009,0.14215239997225967,0.5
helmholtz,transolver,line_sensors_50pct,block_observed_50pct,False,200,1.4300678575584882,1.4300678575584882,0.026933561428933186,1.4296558872858194,1.660346308096287,1.4296558872858194,0.0004548166491863842,0.505615234375
helmholtz,transolver,line_sensors_50pct,boundary_band_50pct,False,200,1.5654626230756037,1.5654626230756037,0.02102701977497068,1.5652946518040565,1.7175341419445886,1.5652946518040565,0.00018066577435269066,0.505615234375
helmholtz,transolver,line_sensors_50pct,clustered_50pct,False,200,0.7282414494453766,0.7282414494453766,0.12299227331515768,0.7148313820849116,1.17159737156286,0.7148313820849116,0.03013827362148382,0.5
helmholtz,transolver,line_sensors_50pct,horizontal_lines_50pct,False,200,0.0187424452919208,0.0187424452919208,0.00327939643519103,0.018358771162724823,0.025963333994440074,0.01835877116272482,0.03117801575812741,0.5
helmholtz,transolver,line_sensors_50pct,line_sensors_50pct,True,200,0.004842940915832301,0.004842940915832301,0.0010963537204709678,0.004684111656024233,0.006628108105936743,0.004684111656024233,0.049078440311347164,0.505615234375
helmholtz,transolver,line_sensors_50pct,random_50pct,False,200,0.292803138595683,0.292803138595683,0.03962053532583617,0.28994840660890325,0.40993729497625486,0.28994840660890325,0.018861420277231734,0.5
helmholtz,transolver,line_sensors_50pct,random_65pct,False,200,0.27300539434610005,0.2730053943461,0.06495577413201654,0.26313250202899263,0.4446363669347308,0.26313250202899263,0.06240174358899573,0.6500244140625
helmholtz,transolver,line_sensors_50pct,random_80pct,False,200,0.2550685642728279,0.2550685642728279,0.12671953537995315,0.2181445836156596,0.48731592882143887,0.2181445836156596,0.2504157892458065,0.79998779296875
helmholtz,transolver,line_sensors_50pct,vertical_lines_50pct,False,200,0.07466644782086755,0.07466644782086755,0.01398614695646923,0.07279656660114131,0.10312833427530455,0.07279656660114131,0.04501733204263701,0.5
helmholtz,transolver,random_50pct,block_observed_50pct,False,200,1.3748870178290102,1.3748870178290105,0.6979056133066295,1.1588299939435047,1.345969113460556,1.1588299939435047,0.26661718912667687,0.505615234375
helmholtz,transolver,random_50pct,boundary_band_50pct,False,200,1.3824853404126551,1.382485340412655,0.7365875449816167,1.1519714316248388,1.2596270531477411,1.1519714316248388,0.2849029402509389,0.505615234375
helmholtz,transolver,random_50pct,clustered_50pct,False,200,0.7687441572539538,0.7687441572539538,0.39816840263940456,0.6435326478664953,1.0445118245071,0.6435326478664953,0.2794949023364106,0.5
helmholtz,transolver,random_50pct,horizontal_lines_50pct,False,200,0.30957002580197424,0.30957002580197424,0.03392054402297764,0.30682450151206153,0.433774793579734,0.30682450151206153,0.014684942515118548,0.5
helmholtz,transolver,random_50pct,line_sensors_50pct,False,200,0.3035184415878462,0.30351844158784624,0.023430092982484836,0.30218510990517133,0.4280148052052814,0.30218510990517133,0.008091898698793492,0.505615234375
helmholtz,transolver,random_50pct,random_50pct,True,200,0.0013408297683778865,0.0013408297683778865,0.00045086638313514976,0.001249157126276786,0.0017662018606032339,0.001249157126276786,0.13811863949534908,0.5
helmholtz,transolver,random_50pct,random_65pct,False,200,0.06620423387369677,0.06620423387369677,0.05281172553460254,0.03963044198569223,0.06695410949714282,0.03963044198569223,0.6308537166232634,0.6500244140625
helmholtz,transolver,random_50pct,random_80pct,False,200,0.11615883443733033,0.11615883443733033,0.09637466447618732,0.062022426292461956,0.13854833093118635,0.062022426292461956,0.6647602950560951,0.79998779296875
helmholtz,transolver,random_50pct,vertical_lines_50pct,False,200,0.31132418588663846,0.31132418588663846,0.028120222901971123,0.30953336403969584,0.43728598922653594,0.30953336403969584,0.010104730738944738,0.5
helmholtz,transolver,random_65pct,block_observed_50pct,False,200,0.9021688621549369,0.9021688621549367,0.04999277038037855,0.8998020037192803,1.0346228267368964,0.8998020037192803,0.004881002619841683,0.505615234375
helmholtz,transolver,random_65pct,boundary_band_50pct,False,200,0.9358916260292593,0.9358916260292593,0.03881291808008026,0.9350134816322806,1.0174162659496149,0.9350134816322806,0.0017868672113736947,0.505615234375
helmholtz,transolver,random_65pct,clustered_50pct,False,200,0.6655421618371166,0.6655421618371165,0.12698725525618293,0.6511396194821085,1.048561952569449,0.6511396194821085,0.034424356461340504,0.5
helmholtz,transolver,random_65pct,horizontal_lines_50pct,False,200,0.47778953342142877,0.4777895334214288,0.19362750731406245,0.4246276142228762,0.6010668849442757,0.4246276142228762,0.22772417953052226,0.5
helmholtz,transolver,random_65pct,line_sensors_50pct,False,200,0.5604338804681448,0.5604338804681447,0.3104765561511608,0.4564999043022799,0.6468811720857026,0.4564999043022799,0.36081301784836606,0.505615234375
helmholtz,transolver,random_65pct,random_50pct,False,200,0.09205354404899004,0.09205354404899004,0.02031085295071745,0.0894375970971366,0.1264740267835224,0.0894375970971366,0.04632798051388048,0.5
helmholtz,transolver,random_65pct,random_65pct,True,200,0.0010457638834832984,0.0010457638834832986,0.0006432377465434098,0.0008081947964524353,0.0013655146132573607,0.0008081947964524353,0.42154324970487933,0.6500244140625
helmholtz,transolver,random_65pct,random_80pct,False,200,0.08375474033625574,0.08375474033625574,0.04755736427781992,0.06778302346392011,0.15144309151329552,0.06778302346392011,0.3323483676042112,0.79998779296875
helmholtz,transolver,random_65pct,vertical_lines_50pct,False,200,0.4269485860318076,0.42694858603180746,0.16635720964749506,0.3817117110149158,0.5396214597569544,0.3817117110149158,0.23992308892310066,0.5
helmholtz,transolver,random_80pct,block_observed_50pct,False,200,1.0014137941328551,1.0014137941328551,0.09018348015260381,0.9958490167012052,1.1470335457355174,0.9958490167012052,0.010179575375603019,0.505615234375
helmholtz,transolver,random_80pct,boundary_band_50pct,False,200,1.002699212242922,1.0026992122429221,0.10146837010114673,0.9958154074838649,1.0830924045766073,0.9958154074838649,0.013310041238973048,0.505615234375
helmholtz,transolver,random_80pct,clustered_50pct,False,200,0.6592207342428702,0.6592207342428702,0.128492691612074,0.6424057422136882,1.025669321569829,0.6424057422136882,0.045157116487967476,0.5
helmholtz,transolver,random_80pct,horizontal_lines_50pct,False,200,0.44389606122642655,0.44389606122642644,0.11016180430328201,0.4230056151983734,0.5983232927188777,0.4230056151983734,0.08348928344096389,0.5
helmholtz,transolver,random_80pct,line_sensors_50pct,False,200,0.38034895377808253,0.38034895377808253,0.05443954393243421,0.374687701105503,0.5301322121443772,0.374687701105503,0.028814701309632013,0.505615234375
helmholtz,transolver,random_80pct,random_50pct,False,200,0.0896504147912502,0.0896504147912502,0.028626373258009017,0.0847900744354184,0.11985848026606603,0.0847900744354184,0.1047283227321091,0.5
helmholtz,transolver,random_80pct,random_65pct,False,200,0.013874441771330806,0.013874441771330806,0.007107945697560965,0.011737370651187573,0.01982591175664613,0.011737370651187573,0.2626900418126314,0.6500244140625
helmholtz,transolver,random_80pct,random_80pct,True,200,0.0006337558435107098,0.0006337558435107098,0.00047160443011235175,0.00041109668128476125,0.0009181085315179242,0.00041109668128476125,0.6066124591737672,0.79998779296875
helmholtz,transolver,random_80pct,vertical_lines_50pct,False,200,0.38133014716248953,0.38133014716248953,0.054039922919024146,0.3755713329866821,0.5315581475915292,0.3755713329866821,0.031110098987683174,0.5
helmholtz,transolver,vertical_lines_50pct,block_observed_50pct,False,200,0.827104744734737,0.827104744734737,0.06109730631468557,0.8239205427211733,0.9457641278485501,0.8239205427211733,0.007057652742885382,0.505615234375
helmholtz,transolver,vertical_lines_50pct,boundary_band_50pct,False,200,0.8400922374716759,0.8400922374716759,0.04761966883023073,0.8381077241528435,0.9119886585540474,0.8381077241528435,0.004465408698184667,0.505615234375
helmholtz,transolver,vertical_lines_50pct,clustered_50pct,False,200,0.5493580325936839,0.5493580325936839,0.0633189260451614,0.5451274230027451,0.8809422185467588,0.5451274230027451,0.0134356180095691,0.5
helmholtz,transolver,vertical_lines_50pct,horizontal_lines_50pct,False,200,0.7100919439557921,0.7100919439557921,0.13128126929147238,0.6956836941958092,0.9853425287572629,0.6956836941958092,0.03928290106513301,0.5
helmholtz,transolver,vertical_lines_50pct,line_sensors_50pct,False,200,0.3407493438988844,0.3407493438988844,0.10451925966993261,0.3226710009006501,0.45762751219554315,0.3226710009006501,0.09729258202132021,0.505615234375
helmholtz,transolver,vertical_lines_50pct,random_50pct,False,200,0.4949579936016471,0.4949579936016471,0.13568981789177126,0.47415040670750735,0.6703423784879736,0.47415040670750735,0.07886791716719262,0.5
helmholtz,transolver,vertical_lines_50pct,random_65pct,False,200,0.4618547022803698,0.4618547022803698,0.16338135122611042,0.4301666880246624,0.7268421827319891,0.4301666880246624,0.12772376658332568,0.6500244140625
helmholtz,transolver,vertical_lines_50pct,random_80pct,False,200,0.45561048426309825,0.45561048426309825,0.18959490878719926,0.41230725646047767,0.9210625923504431,0.41230725646047767,0.16946390738844516,0.79998779296875
helmholtz,transolver,vertical_lines_50pct,vertical_lines_50pct,True,200,0.0030319468497912285,0.0030319468497912285,0.000654123010333115,0.0029119695733814247,0.004143237848938381,0.0029119695733814247,0.030804650785950297,0.5
helmholtz,ufno_2d,block_observed_50pct,block_observed_50pct,True,200,0.06288164156154231,0.06288164156154231,0.019656096641632415,0.05924709494371301,0.06965775863430311,0.05924709494371301,0.08034778360666957,0.505615234375
helmholtz,ufno_2d,block_observed_50pct,boundary_band_50pct,False,200,0.0462269361497862,0.0462269361497862,0.016775301687236358,0.042778220675498295,0.046873181424729474,0.042778220675498295,0.11850842050426513,0.505615234375
helmholtz,ufno_2d,block_observed_50pct,clustered_50pct,False,200,0.29081800142317227,0.29081800142317227,0.1336363395517832,0.2510780936502874,0.41469108582375236,0.2510780936502874,0.2116425403261305,0.5
helmholtz,ufno_2d,block_observed_50pct,horizontal_lines_50pct,False,200,1.36316349197167,1.36316349197167,0.9391467685938945,0.9862264371563887,1.396080248454561,0.9862264371563887,0.47612774999604346,0.5
helmholtz,ufno_2d,block_observed_50pct,line_sensors_50pct,False,200,1.240362508892001,1.240362508892001,0.8529920251994936,0.8991628698360379,1.272445930443992,0.8991628698360379,0.4728921181801637,0.505615234375
helmholtz,ufno_2d,block_observed_50pct,random_50pct,False,200,0.6278070203348517,0.6278070203348517,0.4370183375826112,0.4506883812734524,0.637467121311731,0.4506883812734524,0.48232913395701427,0.5
helmholtz,ufno_2d,block_observed_50pct,random_65pct,False,200,0.5160505315154746,0.5160505315154746,0.4117221878674461,0.31108220523089086,0.5258841130818624,0.31108220523089086,0.634954534271858,0.6500244140625
helmholtz,ufno_2d,block_observed_50pct,random_80pct,False,200,0.2654659592506247,0.2654659592506247,0.2359804727359088,0.12156507946021171,0.27143408290863613,0.12156507946021171,0.7887101576407721,0.79998779296875
helmholtz,ufno_2d,block_observed_50pct,vertical_lines_50pct,False,200,1.4245337403477367,1.4245337403477367,0.9916276457549843,1.0208188787735546,1.4485419582765031,1.0208188787735546,0.48501229043307337,0.5
helmholtz,ufno_2d,boundary_band_50pct,block_observed_50pct,False,200,0.9905741864604893,0.9905741864604893,0.49536870531233146,0.8364335366188165,0.9677320784940391,0.8364335366188165,0.2730492815925422,0.505615234375
helmholtz,ufno_2d,boundary_band_50pct,boundary_band_50pct,True,200,0.03991236023950575,0.03991236023950575,0.016500906234784164,0.035918556971681365,0.039306426288744326,0.035918556971681365,0.15856785542223872,0.505615234375
helmholtz,ufno_2d,boundary_band_50pct,clustered_50pct,False,200,1.1301857609525434,1.1301857609525434,0.8385465269600186,0.7307002867329367,1.2067450047590385,0.7307002867329367,0.5701464378270847,0.5
helmholtz,ufno_2d,boundary_band_50pct,horizontal_lines_50pct,False,200,1.6729935345675722,1.6729935345675724,1.1843541075989028,1.1794321387238087,1.6722124191751424,1.1794321387238087,0.5019154534262675,0.5
helmholtz,ufno_2d,boundary_band_50pct,line_sensors_50pct,False,200,1.5259183812960528,1.5259183812960528,1.0802386658525225,1.0764231055032567,1.5267625486498142,1.0764231055032567,0.5019194664212073,0.505615234375
helmholtz,ufno_2d,boundary_band_50pct,random_50pct,False,200,1.141329437663454,1.141329437663454,0.8076998507437098,0.8063531366543455,1.139602924750218,0.8063531366543455,0.5004523128429831,0.5
helmholtz,ufno_2d,boundary_band_50pct,random_65pct,False,200,1.256587521163159,1.256587521163159,1.013679694367386,0.7425693085746891,1.2538310087569957,0.7425693085746891,0.6504690816358085,0.6500244140625
helmholtz,ufno_2d,boundary_band_50pct,random_80pct,False,200,1.4746710777643803,1.4746710777643803,1.3190997786844716,0.6592090666379624,1.4716040606821668,0.6592090666379624,0.7999509578040326,0.79998779296875
helmholtz,ufno_2d,boundary_band_50pct,vertical_lines_50pct,False,200,1.6465367845920071,1.6465367845920071,1.1657539090720566,1.1598606538243486,1.6446852986609144,1.1598606538243486,0.5015390494684145,0.5
helmholtz,ufno_2d,clustered_50pct,block_observed_50pct,False,200,0.37759721070741614,0.37759721070741603,0.05249378911962752,0.37308438144957956,0.4287280155866347,0.37308438144957956,0.017260785441193086,0.505615234375
helmholtz,ufno_2d,clustered_50pct,boundary_band_50pct,False,200,0.3293574102936304,0.3293574102936304,0.043464385410618485,0.3259280146047179,0.35247140301792995,0.3259280146047179,0.016088358497638497,0.505615234375
helmholtz,ufno_2d,clustered_50pct,clustered_50pct,True,200,0.07175751468287882,0.07175751468287882,0.042930636564889275,0.05419539554138697,0.08825276255285393,0.05419539554138696,0.34440113416560214,0.5
helmholtz,ufno_2d,clustered_50pct,horizontal_lines_50pct,False,200,0.08623422739598098,0.08623422739598098,0.060302166101638084,0.06152679902521102,0.08720332325804467,0.06152679902521102,0.4889129411777021,0.5
helmholtz,ufno_2d,clustered_50pct,line_sensors_50pct,False,200,0.07581650665110183,0.07581650665110183,0.05291303543806574,0.054206899480761184,0.07675025004541432,0.054206899480761184,0.4829106048557568,0.505615234375
helmholtz,ufno_2d,clustered_50pct,random_50pct,False,200,0.04373113652449247,0.04373113652449247,0.030880439242593635,0.03096353012077116,0.0437692108384233,0.03096353012077116,0.498991348057494,0.5
helmholtz,ufno_2d,clustered_50pct,random_65pct,False,200,0.05771789914776126,0.05771789914776125,0.0465201246856784,0.03416278790076174,0.057733026330081455,0.03416278790076174,0.6498242903051528,0.6500244140625
helmholtz,ufno_2d,clustered_50pct,random_80pct,False,200,0.07935199013329937,0.07935199013329935,0.0709613524676161,0.03551123784825664,0.07939003938785152,0.03551123784825664,0.7998467869122176,0.79998779296875
helmholtz,ufno_2d,clustered_50pct,vertical_lines_50pct,False,200,0.1205485386982733,0.12054853869827331,0.08286137407840911,0.0873339828106737,0.12363307464078829,0.0873339828106737,0.4668606585629877,0.5
helmholtz,ufno_2d,horizontal_lines_50pct,block_observed_50pct,False,200,0.763490442977445,0.7634904429774452,0.12412086791529159,0.7507933426474254,0.8567666077643349,0.7507933426474254,0.026729024948922004,0.505615234375
helmholtz,ufno_2d,horizontal_lines_50pct,boundary_band_50pct,False,200,0.8025423161589329,0.8025423161589328,0.10376818384162138,0.7946169899253236,0.8617278166400176,0.7946169899253236,0.016701530362327143,0.505615234375
helmholtz,ufno_2d,horizontal_lines_50pct,clustered_50pct,False,200,0.518768494990439,0.518768494990439,0.22471830180229888,0.4547060032406493,0.7205104854139148,0.4547060032406493,0.17915983942067606,0.5
helmholtz,ufno_2d,horizontal_lines_50pct,horizontal_lines_50pct,True,200,0.016858516512938508,0.016858516512938508,0.011692888014599586,0.012102339459611328,0.01716004900095787,0.012102339459611328,0.48316417867305056,0.5
helmholtz,ufno_2d,horizontal_lines_50pct,line_sensors_50pct,False,200,0.2627750750568418,0.2627750750568418,0.19804567613606366,0.17231366288229524,0.24446693572649966,0.17231366288229524,0.567317397171813,0.505615234375
helmholtz,ufno_2d,horizontal_lines_50pct,random_50pct,False,200,0.47466848631825587,0.47466848631825587,0.33298490607499864,0.3382610732517513,0.4782343183303256,0.3382610732517513,0.4921506004429074,0.5
helmholtz,ufno_2d,horizontal_lines_50pct,random_65pct,False,200,0.4387258037502827,0.4387258037502827,0.3511573217147263,0.262984351455973,0.4443713375030892,0.262984351455973,0.6407092780646221,0.6500244140625
helmholtz,ufno_2d,horizontal_lines_50pct,random_80pct,False,200,0.3962816978884802,0.3962816978884802,0.3519339392690508,0.18214442206595258,0.4068558056984131,0.18214442206595258,0.7887467467842114,0.79998779296875
helmholtz,ufno_2d,horizontal_lines_50pct,vertical_lines_50pct,False,200,0.6760517914437092,0.6760517914437092,0.4575747465164319,0.49689119632839857,0.7040472845193806,0.49689119632839857,0.4597448927470372,0.5
helmholtz,ufno_2d,line_sensors_50pct,block_observed_50pct,False,200,0.7393158730748088,0.739315873074809,0.13367557229413607,0.723023177825432,0.8215480294326657,0.723023177825432,0.03705456517873386,0.505615234375
helmholtz,ufno_2d,line_sensors_50pct,boundary_band_50pct,False,200,0.7675406518971851,0.7675406518971851,0.09426748062444645,0.7606940439750073,0.8227912933415937,0.7606940439750073,0.015719321945888803,0.505615234375
helmholtz,ufno_2d,line_sensors_50pct,clustered_50pct,False,200,0.48389631303435104,0.48389631303435104,0.23088555157381907,0.40617249633462604,0.629363948343547,0.40617249633462604,0.25106735926910556,0.5
helmholtz,ufno_2d,line_sensors_50pct,horizontal_lines_50pct,False,200,0.04269324905953016,0.04269324905953017,0.03077884262346888,0.029272405506427228,0.041483607168329904,0.02927240550642723,0.5241637440684298,0.5
helmholtz,ufno_2d,line_sensors_50pct,line_sensors_50pct,True,200,0.03449894689278107,0.03449894689278107,0.02420576592302016,0.024365977500462703,0.03452577965902656,0.024365977500462703,0.4826317341173407,0.505615234375
helmholtz,ufno_2d,line_sensors_50pct,random_50pct,False,200,0.16973023819876493,0.16973023819876493,0.11907955885280094,0.12094198673796179,0.17096102926526718,0.12094198673796179,0.49302106662054573,0.5
helmholtz,ufno_2d,line_sensors_50pct,random_65pct,False,200,0.14099263441710672,0.14099263441710672,0.11337571311647739,0.0838092244192359,0.14157078960530384,0.0838092244192359,0.6473748494832101,0.6500244140625
helmholtz,ufno_2d,line_sensors_50pct,random_80pct,False,200,0.17037963569479242,0.17037963569479245,0.15286557605108003,0.07523504777005924,0.1679956008852572,0.07523504777005924,0.8052545632630375,0.79998779296875
helmholtz,ufno_2d,line_sensors_50pct,vertical_lines_50pct,False,200,0.04179238860136694,0.04179238860136694,0.02985393779496554,0.028903556885592915,0.040976324784625255,0.028903556885592915,0.5088676650356946,0.5
helmholtz,ufno_2d,random_50pct,block_observed_50pct,False,200,1.3724065169471593,1.3724065169471595,0.5418052732896175,1.2419148493811198,1.4407762788157288,1.2419148493811198,0.15223165064175448,0.505615234375
helmholtz,ufno_2d,random_50pct,boundary_band_50pct,False,200,1.3364621853031886,1.3364621853031886,0.3966877477519312,1.26800583301096,1.3883477498056405,1.26800583301096,0.08254181362819572,0.505615234375
helmholtz,ufno_2d,random_50pct,clustered_50pct,False,200,1.1444534413103244,1.1444534413103247,0.7058103154586132,0.8759014897277188,1.447624815738267,0.8759014897277188,0.3928624287540206,0.5
helmholtz,ufno_2d,random_50pct,horizontal_lines_50pct,False,200,1.0119247030173346,1.0119247030173348,0.7168314712700021,0.7141064267859905,1.0121262986075927,0.7141064267859905,0.5018776728566603,0.5
helmholtz,ufno_2d,random_50pct,line_sensors_50pct,False,200,1.0347663598284813,1.0347663598284813,0.7379999755597207,0.7252653870218007,1.030472498900543,0.7252653870218007,0.5089496282642929,0.505615234375
helmholtz,ufno_2d,random_50pct,random_50pct,True,200,1.0740698718623891,1.0740698718623891,0.7605397074228347,0.7584223566564092,1.0724085321680112,0.7584223566564092,0.5013806010615819,0.5
helmholtz,ufno_2d,random_50pct,random_65pct,False,200,0.952363951818466,0.952363951818466,0.7559116249673551,0.5792979334600847,0.9791251448041415,0.5792979334600847,0.6299974497355832,0.6500244140625
helmholtz,ufno_2d,random_50pct,random_80pct,False,200,0.44666343398978364,0.44666343398978364,0.38615612366960606,0.22437515419425133,0.5014543344324707,0.22437515419425133,0.745463614819817,0.79998779296875
helmholtz,ufno_2d,random_50pct,vertical_lines_50pct,False,200,1.0221772149420336,1.0221772149420336,0.725645280991412,0.7197983136310174,1.0201626133318331,0.7197983136310174,0.5040988437020963,0.5
helmholtz,ufno_2d,random_65pct,block_observed_50pct,False,200,2.317920245323765,2.317920245323765,0.3066989235720517,2.2956287051592135,2.6748254957425335,2.2956287051592135,0.01703017812707601,0.505615234375
helmholtz,ufno_2d,random_65pct,boundary_band_50pct,False,200,2.30655661367277,2.3065566136727704,0.2805676604695636,2.2879717351986884,2.51188768781161,2.2879717351986884,0.014122286054993572,0.505615234375
helmholtz,ufno_2d,random_65pct,clustered_50pct,False,200,1.9254465259840883,1.9254465259840883,0.3767522148020573,1.8851486547056695,3.1590260022663146,1.8851486547056695,0.03710568815884302,0.5
helmholtz,ufno_2d,random_65pct,horizontal_lines_50pct,False,200,0.35194689319183403,0.35194689319183403,0.2591327078494776,0.23696268969438405,0.33599626585076403,0.23696268969438405,0.5412880960568678,0.5
helmholtz,ufno_2d,random_65pct,line_sensors_50pct,False,200,0.3032837961104337,0.30328379611043377,0.22411455542728068,0.20385927078338276,0.28922021264898273,0.20385927078338276,0.5456761770811184,0.505615234375
helmholtz,ufno_2d,random_65pct,random_50pct,False,200,0.24871047968154616,0.24871047968154616,0.18041433828409253,0.17119208603030722,0.2420645618040366,0.17119208603030722,0.5262356070392555,0.5
helmholtz,ufno_2d,random_65pct,random_65pct,True,200,0.13622093626490206,0.13622093626490206,0.10977974503166697,0.08064966467233686,0.13634582132609302,0.08064966467233686,0.6494349586086264,0.6500244140625
helmholtz,ufno_2d,random_65pct,random_80pct,False,200,0.23809190402620226,0.23809190402620226,0.21767925781666653,0.09643567012766166,0.21544489397604377,0.09643567012766166,0.8356347613429143,0.79998779296875
helmholtz,ufno_2d,random_65pct,vertical_lines_50pct,False,200,0.3494738778250079,0.3494738778250079,0.2591671606151136,0.233258514774817,0.33068845043955003,0.233258514774817,0.5532853518460967,0.5
helmholtz,ufno_2d,random_80pct,block_observed_50pct,False,200,2.88581606774088,2.8858160677408797,0.30454803200249597,2.869356250187735,3.343061637383845,2.869356250187735,0.011024574420110426,0.505615234375
helmholtz,ufno_2d,random_80pct,boundary_band_50pct,False,200,2.881138771374009,2.881138771374009,0.3017732983467472,2.8650867199377643,3.1458978342138892,2.8650867199377643,0.010654581190705654,0.505615234375
helmholtz,ufno_2d,random_80pct,clustered_50pct,False,200,2.120210992917365,2.1202109929173654,0.38034252579148664,2.0843378619159996,3.4835682765252955,2.0843378619159996,0.031139135419721926,0.5
helmholtz,ufno_2d,random_80pct,horizontal_lines_50pct,False,200,0.6155969340084985,0.6155969340084986,0.3291579296681592,0.5185255497283526,0.734630054264078,0.5185255497283526,0.28112204039301675,0.5
helmholtz,ufno_2d,random_80pct,line_sensors_50pct,False,200,0.43639399158893,0.43639399158893,0.24822761247601144,0.3571966747682865,0.5065316993621964,0.3571966747682865,0.3161257108492293,0.505615234375
helmholtz,ufno_2d,random_80pct,random_50pct,False,200,0.5330993571731477,0.5330993571731477,0.3814300285009942,0.372423362286421,0.5264210342896628,0.372423362286421,0.5108690714809013,0.5
helmholtz,ufno_2d,random_80pct,random_65pct,False,200,0.4877552656723986,0.4877552656723986,0.3948429499771106,0.28636007121899937,0.48375978716116735,0.28636007121899937,0.6548005237284025,0.6500244140625
helmholtz,ufno_2d,random_80pct,random_80pct,True,200,0.028635603414097977,0.028635603414097977,0.025467275632444986,0.013089452669072531,0.02926279299261116,0.013089452669072531,0.7916837461045815,0.79998779296875
helmholtz,ufno_2d,random_80pct,vertical_lines_50pct,False,200,0.4547942188565009,0.4547942188565009,0.2676996584387592,0.36298255400699775,0.5145734479705288,0.36298255400699775,0.3384028199426447,0.5
helmholtz,ufno_2d,vertical_lines_50pct,block_observed_50pct,False,200,0.7841138254105493,0.7841138254105493,0.1357836692160116,0.7678303474830139,0.877904716234175,0.7678303474830139,0.031289578611409755,0.505615234375
helmholtz,ufno_2d,vertical_lines_50pct,boundary_band_50pct,False,200,0.8134713347930369,0.8134713347930369,0.10350271713011246,0.8056491113520583,0.8747180896793594,0.8056491113520583,0.01585626207549298,0.505615234375
helmholtz,ufno_2d,vertical_lines_50pct,clustered_50pct,False,200,0.6012080804472484,0.6012080804472484,0.3186509531281791,0.4875875867928721,0.7790830274454323,0.4875875867928721,0.28352723919480993,0.5
helmholtz,ufno_2d,vertical_lines_50pct,horizontal_lines_50pct,False,200,0.6731321023052225,0.6731321023052224,0.454759934955868,0.49551382015351714,0.7016482220090471,0.49551382015351714,0.45555978540203057,0.5
helmholtz,ufno_2d,vertical_lines_50pct,line_sensors_50pct,False,200,0.2790918091616114,0.2790918091616114,0.21031074068805147,0.1829272247067281,0.259426994452592,0.1829272247067281,0.5654750935344973,0.505615234375
helmholtz,ufno_2d,vertical_lines_50pct,random_50pct,False,200,0.4736606689085455,0.4736606689085455,0.33263250151221185,0.33719070906898324,0.4767215574376633,0.33719070906898324,0.4930693261791107,0.5
helmholtz,ufno_2d,vertical_lines_50pct,random_65pct,False,200,0.46287084913457993,0.4628708491345799,0.37157441989858553,0.2759955422782308,0.46634458995337247,0.2759955422782308,0.6443774940109135,0.6500244140625
helmholtz,ufno_2d,vertical_lines_50pct,random_80pct,False,200,0.4735329758065141,0.4735329758065141,0.42256533604488383,0.2136927599693818,0.4773001717525722,0.2136927599693818,0.7963946044031445,0.79998779296875
helmholtz,ufno_2d,vertical_lines_50pct,vertical_lines_50pct,True,200,0.025359359199086277,0.025359359199086277,0.017749474852072303,0.018068219408360058,0.025572139473213417,0.018068219408360058,0.4874428514847182,0.5
poisson,cno,block_observed_50pct,block_observed_50pct,True,200,0.12122706238033688,0.12122706238033686,0.02124895867555214,0.11902101591108226,0.14029705232850498,0.11902101591108226,0.027234918179586023,0.505615234375
poisson,cno,block_observed_50pct,boundary_band_50pct,False,200,0.08598764536109153,0.08598764536109155,0.01589335946726723,0.08432038322485466,0.09292309856757386,0.08432038322485466,0.03055225480279034,0.505615234375
poisson,cno,block_observed_50pct,clustered_50pct,False,200,0.8122443636330136,0.8122443636330136,0.2605937276448593,0.7636237276689531,1.2947673570870077,0.7636237276689531,0.10986066428227,0.5
poisson,cno,block_observed_50pct,horizontal_lines_50pct,False,200,0.6785655207033208,0.6785655207033208,0.457359583202678,0.498722451183905,0.7087387628070888,0.498722451183905,0.472141496548538,0.5
poisson,cno,block_observed_50pct,line_sensors_50pct,False,200,0.6226999013479889,0.622699901347989,0.43261594218003957,0.4462569981287939,0.6364990199128837,0.4462569981287939,0.500995457514695,0.505615234375
poisson,cno,block_observed_50pct,random_50pct,False,200,0.6412505512067176,0.6412505512067176,0.4505998593472866,0.4561109509105259,0.6446765915278669,0.4561109509105259,0.49816190535395793,0.5
poisson,cno,block_observed_50pct,random_65pct,False,200,0.6474757892023962,0.6474757892023962,0.5214961419318354,0.38362613237734877,0.6480792136096092,0.38362613237734877,0.65137408036958,0.6500244140625
poisson,cno,block_observed_50pct,random_80pct,False,200,0.6614243059328371,0.6614243059328371,0.591472697608218,0.29590822754251933,0.6613016260659268,0.29590822754251933,0.8012288377792284,0.79998779296875
poisson,cno,block_observed_50pct,vertical_lines_50pct,False,200,0.6457525149273927,0.6457525149273928,0.4398216603100146,0.46989136149564226,0.6668049935541791,0.46989136149564226,0.4856813257921291,0.5
poisson,cno,boundary_band_50pct,block_observed_50pct,False,200,1.2346089630614652,1.234608963061465,0.059313692438051,1.2325475470732843,1.4848637891788945,1.2325475470732843,0.002371135692286346,0.505615234375
poisson,cno,boundary_band_50pct,boundary_band_50pct,True,200,0.06379394590814623,0.06379394590814623,0.01373230675017344,0.06183045185025074,0.06843516793531847,0.06183045185025074,0.03546084300975911,0.505615234375
poisson,cno,boundary_band_50pct,clustered_50pct,False,200,1.8487051208244767,1.8487051208244767,0.45052018970356983,1.7799715672800542,3.1060323632096702,1.7799715672800542,0.05952178940699751,0.5
poisson,cno,boundary_band_50pct,horizontal_lines_50pct,False,200,0.5833210151800295,0.5833210151800295,0.353878156565511,0.4607523087248808,0.6558137002036473,0.4607523087248808,0.36466298983140716,0.5
poisson,cno,boundary_band_50pct,line_sensors_50pct,False,200,0.5477083064037338,0.5477083064037338,0.3413136560409579,0.42571580906992745,0.6066929166849476,0.4257158090699275,0.3867810734462657,0.505615234375
poisson,cno,boundary_band_50pct,random_50pct,False,200,0.505443555559625,0.5054435555596248,0.35044620337359844,0.36415478250761557,0.5147147754584217,0.36415478250761557,0.48148822267610675,0.5
poisson,cno,boundary_band_50pct,random_65pct,False,200,0.4046785300502681,0.4046785300502681,0.3213498735847205,0.24589285970215793,0.4154116917097019,0.24589285970215793,0.6318376766293545,0.6500244140625
poisson,cno,boundary_band_50pct,random_80pct,False,200,0.3628332848738257,0.3628332848738256,0.32230831074544275,0.16654023295339573,0.3723126458907168,0.16654023295339573,0.7908812186087056,0.79998779296875
poisson,cno,boundary_band_50pct,vertical_lines_50pct,False,200,0.5828812224449829,0.5828812224449829,0.35873505486471546,0.4560521730941165,0.6486245713193939,0.4560521730941165,0.37165305746842686,0.5
poisson,cno,clustered_50pct,block_observed_50pct,False,200,0.7352764557947463,0.7352764557947463,0.03934483168706615,0.7340135631371694,0.8405230858910858,0.7340135631371694,0.0027709501065355225,0.505615234375
poisson,cno,clustered_50pct,boundary_band_50pct,False,200,0.8259101362289255,0.8259101362289255,0.041665663769263436,0.8246468896781036,0.8966258125458954,0.8246468896781036,0.002494202770506491,0.505615234375
poisson,cno,clustered_50pct,clustered_50pct,True,200,0.12463138763995246,0.12463138763995245,0.022113165257556987,0.12210581543423674,0.1924979101064471,0.12210581543423674,0.02626394072009714,0.5
poisson,cno,clustered_50pct,horizontal_lines_50pct,False,200,0.07646409007347074,0.07646409007347074,0.04960813974670138,0.057852319262812105,0.08218668636301533,0.057852319262812105,0.4234461063107394,0.5
poisson,cno,clustered_50pct,line_sensors_50pct,False,200,0.07541613847257515,0.07541613847257515,0.049495138085046034,0.056621400843534196,0.08062492670564433,0.056621400843534196,0.435464858219252,0.505615234375
poisson,cno,clustered_50pct,random_50pct,False,200,0.08959393599585351,0.08959393599585351,0.06391661336263041,0.06276691361461931,0.08871930053612839,0.06276691361461931,0.50925338627291,0.5
poisson,cno,clustered_50pct,random_65pct,False,200,0.13738759810243856,0.13738759810243856,0.11164868727518469,0.08005167394127236,0.13524002343524452,0.08005167394127236,0.6598815966331685,0.6500244140625
poisson,cno,clustered_50pct,random_80pct,False,200,0.20343011331305597,0.20343011331305597,0.18233361082566066,0.09019943640022547,0.20148054274651314,0.09019943640022547,0.8034000846390582,0.79998779296875
poisson,cno,clustered_50pct,vertical_lines_50pct,False,200,0.07284299252532536,0.07284299252532536,0.04850447272978192,0.054057531139400324,0.07677773794046229,0.054057531139400324,0.44373544361446765,0.5
poisson,cno,horizontal_lines_50pct,block_observed_50pct,False,200,0.8668276725318518,0.8668276725318517,0.02421965500304009,0.8664099133550898,0.9977528919000682,0.8664099133550898,0.0007958140905176089,0.505615234375
poisson,cno,horizontal_lines_50pct,boundary_band_50pct,False,200,0.9249800212881055,0.9249800212881055,0.02160928848293907,0.9246733851950512,1.010074370954532,0.9246733851950512,0.0005744037351811796,0.505615234375
poisson,cno,horizontal_lines_50pct,clustered_50pct,False,200,0.4330517708829309,0.4330517708829309,0.029670975750177783,0.4315224398215351,0.6802347094901691,0.4315224398215351,0.004499498438221877,0.5
poisson,cno,horizontal_lines_50pct,horizontal_lines_50pct,True,200,0.007055153672364064,0.007055153672364064,0.004513653107837562,0.0053704037112586945,0.007648197983363348,0.0053704037112586945,0.4109223685139414,0.5
poisson,cno,horizontal_lines_50pct,line_sensors_50pct,False,200,0.04029487225982429,0.04029487225982429,0.020375498122946853,0.03450115104765758,0.048993055097449265,0.03450115104765758,0.2676564322934512,0.505615234375
poisson,cno,horizontal_lines_50pct,random_50pct,False,200,0.017679988305636846,0.01767998830563685,0.012340475534340674,0.012656925472473109,0.017890555769379778,0.012656925472473109,0.48949598914700326,0.5
poisson,cno,horizontal_lines_50pct,random_65pct,False,200,0.146487807543157,0.146487807543157,0.11675689690581319,0.0884599840432343,0.1494315392440236,0.0884599840432343,0.6352174486823555,0.6500244140625
poisson,cno,horizontal_lines_50pct,random_80pct,False,200,0.3391748406162253,0.3391748406162253,0.30181627368956293,0.15473266476764755,0.34568047834976506,0.15473266476764755,0.7921731552039305,0.79998779296875
poisson,cno,horizontal_lines_50pct,vertical_lines_50pct,False,200,0.06334548012307131,0.06334548012307131,0.029596766313267294,0.0550312190975967,0.07791864174380764,0.0550312190975967,0.22601923934647475,0.5
poisson,cno,line_sensors_50pct,block_observed_50pct,False,200,1.0634670108730075,1.0634670108730075,0.4349265859613294,0.9452939292559033,1.0889496603243003,0.9452939292559032,0.20226219794859573,0.505615234375
poisson,cno,line_sensors_50pct,boundary_band_50pct,False,200,1.084918995379852,1.0849189953798521,0.43347957803514986,0.9690625475292248,1.0571628325490006,0.9690625475292248,0.19504320431698868,0.505615234375
poisson,cno,line_sensors_50pct,clustered_50pct,False,200,0.4955877136704813,0.4955877136704812,0.20511918329164225,0.44245025721884174,0.7004920611220758,0.44245025721884174,0.19583843282239433,0.5
poisson,cno,line_sensors_50pct,horizontal_lines_50pct,False,200,0.013191821904411118,0.013191821904411118,0.00855404908964082,0.010001606411927669,0.014210405635288192,0.010001606411927669,0.41718640477959046,0.5
poisson,cno,line_sensors_50pct,line_sensors_50pct,True,200,0.013885732815956078,0.013885732815956078,0.009350022848902902,0.010191755056157367,0.014531898940450247,0.010191755056157367,0.4698703839082567,0.505615234375
poisson,cno,line_sensors_50pct,random_50pct,False,200,0.011982923910582512,0.01198292391058251,0.008383352735655028,0.008557341701568147,0.012094671407450287,0.008557341701568147,0.4987781551704696,0.5
poisson,cno,line_sensors_50pct,random_65pct,False,200,0.05960665328297614,0.05960665328297614,0.04788057174072748,0.03549811468686009,0.05995907057441821,0.03549811468686009,0.6473969410867775,0.6500244140625
poisson,cno,line_sensors_50pct,random_80pct,False,200,0.09592584487120365,0.09592584487120362,0.085598914294572,0.043292675279349074,0.09669615070772618,0.043292675279349074,0.7973270235805926,0.79998779296875
poisson,cno,line_sensors_50pct,vertical_lines_50pct,False,200,0.0134195848987168,0.0134195848987168,0.008793486937384824,0.01009831596938425,0.014362896341740072,0.01009831596938425,0.4333147695610625,0.5
poisson,cno,random_50pct,block_observed_50pct,False,200,1.5260322195933569,1.526032219593357,0.7573602928205357,1.3060442465473647,1.5122283599678077,1.3060442465473647,0.2726527219817585,0.505615234375
poisson,cno,random_50pct,boundary_band_50pct,False,200,1.5348404091196806,1.5348404091196806,0.7495112391988176,1.3207050147062156,1.4456753442384647,1.3207050147062156,0.26636927602340044,0.505615234375
poisson,cno,random_50pct,clustered_50pct,False,200,1.14271320862531,1.1427132086253098,0.6741189496089555,0.9125711789840146,1.454758681287076,0.9125711789840146,0.36513389315122724,0.5
poisson,cno,random_50pct,horizontal_lines_50pct,False,200,0.12699258768808844,0.12699258768808844,0.06718624961847933,0.10699363075703566,0.1518226237581387,0.10699363075703566,0.28815625306726844,0.5
poisson,cno,random_50pct,line_sensors_50pct,False,200,0.11782921470773056,0.11782921470773056,0.05736431712590025,0.10217113979617834,0.14509134885819605,0.10217113979617834,0.2537975035174539,0.505615234375
poisson,cno,random_50pct,random_50pct,True,200,0.017609426020800737,0.017609426020800737,0.012389407733863187,0.012506153668511082,0.01767632171159303,0.012506153668511082,0.4963170094754187,0.5
poisson,cno,random_50pct,random_65pct,False,200,0.3028321496045786,0.3028321496045786,0.242063006130325,0.18195441700274947,0.3073209300900403,0.18195441700274947,0.6390569126589581,0.6500244140625
poisson,cno,random_50pct,random_80pct,False,200,1.3493265723577272,1.3493265723577272,1.2060340965435332,0.6049961406435784,1.3515335972460807,0.6049961406435784,0.800222152933331,0.79998779296875
poisson,cno,random_50pct,vertical_lines_50pct,False,200,0.12699021781903005,0.12699021781903005,0.06733726361996058,0.10695363051994165,0.15145081265015461,0.10695363051994165,0.28126887159795866,0.5
poisson,cno,random_65pct,block_observed_50pct,False,200,0.9455111186842448,0.9455111186842445,0.2812664070723494,0.8962403675697227,1.0319082092448146,0.8962403675697227,0.10372172353778947,0.505615234375
poisson,cno,random_65pct,boundary_band_50pct,False,200,0.9635126014119118,0.9635126014119118,0.2590850004386784,0.9235697061945517,1.0072927515736472,0.9235697061945517,0.08675126675191148,0.505615234375
poisson,cno,random_65pct,clustered_50pct,False,200,0.6627589583071425,0.6627589583071426,0.22598802819287606,0.615943477952126,1.0137073007722146,0.615943477952126,0.12473405831460703,0.5
poisson,cno,random_65pct,horizontal_lines_50pct,False,200,0.1533919059464912,0.1533919059464912,0.04324461898760587,0.1451997881931909,0.20622940158712688,0.1451997881931909,0.06421848362762109,0.5
poisson,cno,random_65pct,line_sensors_50pct,False,200,0.16574733180428378,0.1657473318042838,0.03714096089454595,0.1610813740463361,0.22936511748653757,0.1610813740463361,0.04540020489257324,0.505615234375
poisson,cno,random_65pct,random_50pct,False,200,0.0701340245191408,0.0701340245191408,0.04643737567892707,0.052554915937052644,0.07427437772868646,0.052554915937052644,0.43885542496136115,0.5
poisson,cno,random_65pct,random_65pct,True,200,0.005131988326605698,0.005131988326605698,0.0041060103495231485,0.003077515582397976,0.005199583705125977,0.003077515582397976,0.6407111914778023,0.6500244140625
poisson,cno,random_65pct,random_80pct,False,200,0.04743127801611939,0.04743127801611939,0.041868530955732404,0.022285679638850177,0.0497859286799752,0.022285679638850177,0.7791170475781002,0.79998779296875
poisson,cno,random_65pct,vertical_lines_50pct,False,200,0.14685049926537633,0.14685049926537633,0.04045071657894008,0.13938785279225666,0.1981555825724511,0.13938785279225666,0.05863047110569988,0.5
poisson,cno,random_80pct,block_observed_50pct,False,200,1.1324471483425986,1.1324471483425986,0.29308178202302654,1.0857118351015589,1.252103110229015,1.0857118351015589,0.06871025615654562,0.505615234375
poisson,cno,random_80pct,boundary_band_50pct,False,200,1.1527691331570589,1.152769133157059,0.2641736726844764,1.1159868035913798,1.2192192286285264,1.1159868035913798,0.054239998778100026,0.505615234375
poisson,cno,random_80pct,clustered_50pct,False,200,0.9262558569207742,0.9262558569207741,0.3255978029595646,0.8583202801619905,1.4171262697230984,0.8583202801619905,0.11592330533281714,0.5
poisson,cno,random_80pct,horizontal_lines_50pct,False,200,0.28371419219085753,0.28371419219085753,0.12589171598978363,0.2515405876274646,0.35675263883548713,0.2515405876274646,0.1906530771188569,0.5
poisson,cno,random_80pct,line_sensors_50pct,False,200,0.2710713430057321,0.2710713430057321,0.11079344745363214,0.24539314041535826,0.34932149857391365,0.24539314041535826,0.16345401270852739,0.505615234375
poisson,cno,random_80pct,random_50pct,False,200,0.10804419445256126,0.10804419445256126,0.06865603100882443,0.08327051877355697,0.11770005246883539,0.08327051877355697,0.39606854575323985,0.5
poisson,cno,random_80pct,random_65pct,False,200,0.035500484064659894,0.035500484064659894,0.026917182996432566,0.02308865145396073,0.03900422999100001,0.02308865145396073,0.571466072881108,0.6500244140625
poisson,cno,random_80pct,random_80pct,True,200,0.0053110590219602296,0.0053110590219602296,0.004724034779418573,0.002425551339570305,0.005416777509922466,0.002425551339570305,0.7934882882247811,0.79998779296875
poisson,cno,random_80pct,vertical_lines_50pct,False,200,0.28763184732873043,0.28763184732873043,0.12213257274717026,0.25756740168527,0.36525684928637475,0.25756740168527,0.17122577482386625,0.5
poisson,cno,vertical_lines_50pct,block_observed_50pct,False,200,0.7965751668896236,0.7965751668896235,0.02934888301057619,0.79586004824644,0.9099187412196237,0.79586004824644,0.0016427622228447321,0.505615234375
poisson,cno,vertical_lines_50pct,boundary_band_50pct,False,200,0.8146122545579744,0.8146122545579741,0.02773910049985186,0.8139465576951719,0.8837234472649509,0.8139465576951719,0.0014889038335547573,0.505615234375
poisson,cno,vertical_lines_50pct,clustered_50pct,False,200,0.3875964670614944,0.3875964670614944,0.02881685931355136,0.3862642329937318,0.601852657616579,0.3862642329937318,0.005113450936426378,0.5
poisson,cno,vertical_lines_50pct,horizontal_lines_50pct,False,200,0.05445533545611175,0.05445533545611175,0.02297287305344493,0.04859700515310104,0.06886597331702148,0.04859700515310104,0.18602990745725323,0.5
poisson,cno,vertical_lines_50pct,line_sensors_50pct,False,200,0.03101646047172146,0.03101646047172146,0.015228264684969526,0.026810260207505557,0.038106520354920986,0.026810260207505557,0.24900025761974784,0.505615234375
poisson,cno,vertical_lines_50pct,random_50pct,False,200,0.012831716116882805,0.012831716116882807,0.008959973740381027,0.009173471929962849,0.012966126240395828,0.009173471929962849,0.4959520162352101,0.5
poisson,cno,vertical_lines_50pct,random_65pct,False,200,0.1218474463493512,0.12184744634935119,0.09767810350341154,0.07283716817392454,0.12303879600914337,0.07283716817392454,0.6423464170304872,0.6500244140625
poisson,cno,vertical_lines_50pct,random_80pct,False,200,0.24775540133805676,0.24775540133805676,0.22084727788896374,0.11228355879744897,0.25083169048792536,0.11228355879744897,0.7945349373029046,0.79998779296875
poisson,cno,vertical_lines_50pct,vertical_lines_50pct,True,200,0.0051183386484694,0.0051183386484694,0.003095991328347941,0.004032649619326226,0.005741642986406145,0.004032649619326226,0.34895727192944703,0.5
poisson,deeponet,block_observed_50pct,block_observed_50pct,True,200,0.12754953867919672,0.12754953867919672,0.039810535915122826,0.11960409379115929,0.142174851653416,0.11960409379115929,0.07858289672445667,0.505615234375
poisson,deeponet,block_observed_50pct,boundary_band_50pct,False,200,0.06830158790225364,0.06830158790225363,0.03203196790849227,0.059677244427804865,0.06570561416464211,0.059677244427804865,0.21190089311677238,0.505615234375
poisson,deeponet,block_observed_50pct,clustered_50pct,False,200,1.6152494690973485,1.6152494690973487,1.2410693742230905,0.980403544747064,1.6754539093678167,0.980403544747064,0.6498783766379023,0.5
poisson,deeponet,block_observed_50pct,horizontal_lines_50pct,False,200,13.64509920767663,13.64509920767663,9.619311290745696,9.659966172989693,13.697709123987151,9.659966172989693,0.4968033263840067,0.5
poisson,deeponet,block_observed_50pct,line_sensors_50pct,False,200,11.444042711964274,11.444042711964274,8.115950283191896,8.056067897408694,11.463609113108086,8.056067897408694,0.5015148278055542,0.505615234375
poisson,deeponet,block_observed_50pct,random_50pct,False,200,7.256830793817191,7.256830793817191,5.1306831506183785,5.131816091881018,7.253652165418641,5.131816091881018,0.49973437007370464,0.5
poisson,deeponet,block_observed_50pct,random_65pct,False,200,6.5161251608115265,6.5161251608115265,5.252106102165336,3.8566462235760794,6.513706162858907,3.8566462235760794,0.6495294749084057,0.6500244140625
poisson,deeponet,block_observed_50pct,random_80pct,False,200,4.4550173477939055,4.4550173477939055,3.985152329283667,1.9912381813427638,4.447945513125858,1.9912381813427638,0.8002528465678546,0.79998779296875
poisson,deeponet,block_observed_50pct,vertical_lines_50pct,False,200,11.648041413140936,11.648041413140936,8.27505146592659,8.182022406413944,11.63041308628795,8.182022406413944,0.5066610430207744,0.5
poisson,deeponet,boundary_band_50pct,block_observed_50pct,False,200,1.1604247456415604,1.1604247456415604,0.3615966469519972,1.093417877340607,1.2809845246250504,1.093417877340607,0.09154866663190073,0.505615234375
poisson,deeponet,boundary_band_50pct,boundary_band_50pct,True,200,0.03707111372900555,0.037071113729005546,0.012399753650224818,0.0346060001532957,0.03812990503779175,0.0346060001532957,0.09840550352094148,0.505615234375
poisson,deeponet,boundary_band_50pct,clustered_50pct,False,200,7.491670596243863,7.491670596243863,6.072163123710846,4.081531065856825,6.968489491585445,4.081531065856825,0.7191438066197073,0.5
poisson,deeponet,boundary_band_50pct,horizontal_lines_50pct,False,200,6.226278474159608,6.226278474159608,4.413558689695168,4.381680419930042,6.241387673591675,4.381680419930042,0.5086508569282768,0.5
poisson,deeponet,boundary_band_50pct,line_sensors_50pct,False,200,5.957202544493538,5.957202544493537,4.255463909902649,4.1600591870530925,5.93955698306865,4.1600591870530925,0.5154893772298678,0.505615234375
poisson,deeponet,boundary_band_50pct,random_50pct,False,200,5.868752421903079,5.868752421903079,4.149578667483605,4.149871953507723,5.86538555023533,4.149871953507723,0.5001229019205768,0.5
poisson,deeponet,boundary_band_50pct,random_65pct,False,200,7.156968650317287,7.156968650317287,5.769637576190353,4.234497744319666,7.152026984912442,4.234497744319666,0.6499937522440965,0.6500244140625
poisson,deeponet,boundary_band_50pct,random_80pct,False,200,8.557059850346102,8.557059850346102,7.654527258378738,3.824711802511857,8.542356092743292,3.824711802511857,0.8002259934146778,0.79998779296875
poisson,deeponet,boundary_band_50pct,vertical_lines_50pct,False,200,5.951817773161834,5.951817773161833,4.226367585602788,4.180215703601,5.948284377050998,4.180215703601,0.5107549922917269,0.5
poisson,deeponet,clustered_50pct,block_observed_50pct,False,200,0.6145419668105263,0.6145419668105263,0.15469712703100075,0.5902652908456437,0.6688500904106278,0.5902652908456437,0.063685867286975,0.505615234375
poisson,deeponet,clustered_50pct,boundary_band_50pct,False,200,0.6525580227874567,0.6525580227874567,0.1622516361731765,0.6279184145923253,0.6785779511630115,0.6279184145923254,0.06250759153390027,0.505615234375
poisson,deeponet,clustered_50pct,clustered_50pct,True,200,0.22720106685427002,0.22720106685427,0.1404145746287572,0.1720731468624489,0.27288486660139016,0.1720731468624489,0.36933734418998126,0.5
poisson,deeponet,clustered_50pct,horizontal_lines_50pct,False,200,1.4413344656091622,1.4413344656091625,1.0177358098377831,1.0189117059110746,1.4453269798907074,1.0189117059110746,0.49818686539647966,0.5
poisson,deeponet,clustered_50pct,line_sensors_50pct,False,200,0.94320716735669,0.9432071673566899,0.6711054104546186,0.662107728062295,0.9431721986875707,0.662107728062295,0.5066830937737812,0.505615234375
poisson,deeponet,clustered_50pct,random_50pct,False,200,0.6038505094565356,0.6038505094565356,0.4267942718467216,0.42716679337409735,0.6037327590674932,0.42716679337409735,0.4993666129503441,0.5
poisson,deeponet,clustered_50pct,random_65pct,False,200,0.5189547188572166,0.5189547188572166,0.4183770837454898,0.3070300445499408,0.5186689245255849,0.3070300445499408,0.6499881037701273,0.6500244140625
poisson,deeponet,clustered_50pct,random_80pct,False,200,0.3805943919185846,0.3805943919185846,0.3404340209835036,0.17015410562415811,0.38026500081822884,0.17015410562415811,0.8002812118301887,0.79998779296875
poisson,deeponet,clustered_50pct,vertical_lines_50pct,False,200,0.2853537299418092,0.2853537299418092,0.201958259716168,0.20139360225317976,0.28587276183150606,0.20139360225317976,0.5001395647950617,0.5
poisson,deeponet,horizontal_lines_50pct,block_observed_50pct,False,200,0.8317189222007149,0.831718922200715,0.25030199718612967,0.7841576287841466,0.8937160418414279,0.7841576287841466,0.10609834654044525,0.505615234375
poisson,deeponet,horizontal_lines_50pct,boundary_band_50pct,False,200,0.8070331618009431,0.8070331618009431,0.189184415972875,0.7813871851934008,0.8465205587476055,0.7813871851934008,0.05810472386408227,0.505615234375
poisson,deeponet,horizontal_lines_50pct,clustered_50pct,False,200,0.6484360275734189,0.6484360275734189,0.403161082259787,0.4871802876227966,0.7560563860384021,0.4871802876227966,0.40198723808182013,0.5
poisson,deeponet,horizontal_lines_50pct,horizontal_lines_50pct,True,200,0.02557431075683263,0.025574310756832627,0.017961958834926125,0.018178650207108606,0.025849124911323185,0.018178650207108606,0.4924451195017584,0.5
poisson,deeponet,horizontal_lines_50pct,line_sensors_50pct,False,200,0.15810071199577302,0.15810071199577302,0.11104012803143769,0.1124027725066924,0.1598389364451009,0.1124027725066924,0.49510701104637644,0.505615234375
poisson,deeponet,horizontal_lines_50pct,random_50pct,False,200,0.19341719098551582,0.19341719098551582,0.13654263568199757,0.13698683066764894,0.19360503844335292,0.1369868306676489,0.4983989403041479,0.5
poisson,deeponet,horizontal_lines_50pct,random_65pct,False,200,0.09915469864393689,0.09915469864393689,0.07983516164370703,0.058802625159885054,0.09933403707271765,0.058802625159885054,0.6484642511194733,0.6500244140625
poisson,deeponet,horizontal_lines_50pct,random_80pct,False,200,0.09171520651200468,0.09171520651200468,0.08206852903535282,0.04094081856124771,0.09146311624226154,0.04094081856124771,0.8006415577075652,0.79998779296875
poisson,deeponet,horizontal_lines_50pct,vertical_lines_50pct,False,200,0.2884572345402869,0.2884572345402869,0.19716315462067477,0.2100139291974089,0.29660310620895125,0.2100139291974089,0.4646304457982857,0.5
poisson,deeponet,line_sensors_50pct,block_observed_50pct,False,200,0.7734711418362941,0.7734711418362941,0.1462681105898749,0.7578977367900228,0.8632391395507405,0.7578977367900228,0.03626858846650323,0.505615234375
poisson,deeponet,line_sensors_50pct,boundary_band_50pct,False,200,0.7707137680218265,0.7707137680218265,0.1529942038232846,0.7534927880869668,0.8153690764269118,0.7534927880869668,0.03958013334302781,0.505615234375
poisson,deeponet,line_sensors_50pct,clustered_50pct,False,200,0.4731072664264925,0.4731072664264924,0.1944023881077286,0.4268275409696679,0.655215753981757,0.4268275409696679,0.16367226738559879,0.5
poisson,deeponet,line_sensors_50pct,horizontal_lines_50pct,False,200,0.1129874256874514,0.1129874256874514,0.07999616832359413,0.07968559710982182,0.1130549452389991,0.07968559710982182,0.5003747897660347,0.5
poisson,deeponet,line_sensors_50pct,line_sensors_50pct,True,200,0.027260752249460115,0.02726075224946012,0.019032988022920694,0.019481711665104085,0.027698824619031157,0.019481711665104085,0.48399022148126064,0.505615234375
poisson,deeponet,line_sensors_50pct,random_50pct,False,200,0.3434615157297108,0.3434615157297108,0.24266194089651782,0.24305958094891372,0.34356295772084733,0.24305958094891372,0.4991777501423259,0.5
poisson,deeponet,line_sensors_50pct,random_65pct,False,200,0.2585504090097344,0.25855040900973436,0.20834543293684682,0.1530969295345333,0.25861547372873794,0.1530969295345333,0.6494096480977792,0.6500244140625
poisson,deeponet,line_sensors_50pct,random_80pct,False,200,0.1594517614283251,0.1594517614283251,0.1425532173139485,0.07143295351851414,0.15958072553788966,0.07143295351851414,0.7993322131746543,0.79998779296875
poisson,deeponet,line_sensors_50pct,vertical_lines_50pct,False,200,0.12935282943478038,0.1293528294347804,0.0917316996322789,0.09109491783477547,0.12925779057799508,0.09109491783477547,0.5022179426873583,0.5
poisson,deeponet,random_50pct,block_observed_50pct,False,200,0.8873739084089373,0.8873739084089372,0.30572194448331497,0.8253348821761928,0.943452758296237,0.8253348821761928,0.12611878226106998,0.505615234375
poisson,deeponet,random_50pct,boundary_band_50pct,False,200,0.9062530333828823,0.9062530333828823,0.2711001544031963,0.8607721279346818,0.9348365152531792,0.8607721279346818,0.09372046753712278,0.505615234375
poisson,deeponet,random_50pct,clustered_50pct,False,200,0.587810759534696,0.587810759534696,0.3528100018526914,0.45513677951157905,0.703022950113187,0.45513677951157905,0.3581145901514814,0.5
poisson,deeponet,random_50pct,horizontal_lines_50pct,False,200,0.15665682892812877,0.15665682892812877,0.10956168208950948,0.11169461060785664,0.15854011187883293,0.11169461060785664,0.4891436008812755,0.5
poisson,deeponet,random_50pct,line_sensors_50pct,False,200,0.13038469257377627,0.13038469257377625,0.09098848476262165,0.09321014610183558,0.13251713006700575,0.09321014610183558,0.486835535809191,0.505615234375
poisson,deeponet,random_50pct,random_50pct,True,200,0.02291969830595416,0.022919698305954164,0.0162096384102699,0.016203222905291106,0.02290546184467128,0.016203222905291106,0.5002531002348634,0.5
poisson,deeponet,random_50pct,random_65pct,False,200,0.05560879295249669,0.05560879295249668,0.04491273125831997,0.032788307335819694,0.05539727914243571,0.032788307335819694,0.6525093155187028,0.6500244140625
poisson,deeponet,random_50pct,random_80pct,False,200,0.18991341818844332,0.18991341818844332,0.16992678760815152,0.08480023290814956,0.18944832662147526,0.08480023290814956,0.8006230593040348,0.79998779296875
poisson,deeponet,random_50pct,vertical_lines_50pct,False,200,0.1501252664170328,0.1501252664170328,0.10512633955877806,0.10690168377565057,0.15158190834941745,0.10690168377565057,0.48969336586639256,0.5
poisson,deeponet,random_65pct,block_observed_50pct,False,200,0.8561873154954956,0.8561873154954956,0.22570292488576232,0.8223798779513553,0.9402916121623416,0.8223798779513553,0.07289644170305737,0.505615234375
poisson,deeponet,random_65pct,boundary_band_50pct,False,200,0.8695217230854523,0.8695217230854523,0.22492504909066866,0.8370038034300699,0.9082899634830325,0.8370038034300699,0.0693150817247754,0.505615234375
poisson,deeponet,random_65pct,clustered_50pct,False,200,0.4944846666955594,0.4944846666955594,0.22110666083512176,0.4353098052969522,0.6677544215277166,0.4353098052969522,0.19940789315859755,0.5
poisson,deeponet,random_65pct,horizontal_lines_50pct,False,200,0.17037966424306705,0.17037966424306705,0.11603083272968691,0.12446070206350818,0.17604395634791697,0.12446070206350818,0.4588175733753358,0.5
poisson,deeponet,random_65pct,line_sensors_50pct,False,200,0.14483512035395388,0.14483512035395388,0.09871568887046521,0.10581251215280192,0.14994864665880564,0.10581251215280192,0.4596596509210329,0.505615234375
poisson,deeponet,random_65pct,random_50pct,False,200,0.05707286805706585,0.05707286805706585,0.04026184671576197,0.04044953492763161,0.05715507312818535,0.04044953492763161,0.49748012814207426,0.5
poisson,deeponet,random_65pct,random_65pct,True,200,0.020277451334017295,0.020277451334017302,0.016343550308602996,0.012001983305040965,0.020274526216681833,0.012001983305040965,0.6497238888057878,0.6500244140625
poisson,deeponet,random_65pct,random_80pct,False,200,0.07933455175875871,0.07933455175875871,0.07096134472126048,0.03547123431979993,0.07925323991037395,0.03547123431979993,0.799980652178472,0.79998779296875
poisson,deeponet,random_65pct,vertical_lines_50pct,False,200,0.159256148559433,0.159256148559433,0.10830697788966466,0.11643175477940736,0.16443799421803562,0.11643175477940736,0.4563926250205736,0.5
poisson,deeponet,random_80pct,block_observed_50pct,False,200,0.9047335053002494,0.9047335053002495,0.20795080667948926,0.8781898983305544,1.0104207779056813,0.8781898983305544,0.05443348474314108,0.505615234375
poisson,deeponet,random_80pct,boundary_band_50pct,False,200,0.916338903150357,0.916338903150357,0.21682348223129558,0.8883604166850333,0.9675276744946117,0.8883604166850333,0.05744949493249323,0.505615234375
poisson,deeponet,random_80pct,clustered_50pct,False,200,0.6060851836253777,0.6060851836253777,0.2367906603485571,0.5529247805562152,0.8640974327596948,0.5529247805562152,0.1489534657522866,0.5
poisson,deeponet,random_80pct,horizontal_lines_50pct,False,200,0.25825038234768366,0.25825038234768366,0.17540714214465108,0.1891792037730648,0.26766209363186577,0.1891792037730648,0.4574733046999186,0.5
poisson,deeponet,random_80pct,line_sensors_50pct,False,200,0.2427056256069734,0.2427056256069734,0.1661032277204419,0.17670504082037197,0.2507312303833657,0.17670504082037197,0.46414714408595253,0.505615234375
poisson,deeponet,random_80pct,random_50pct,False,200,0.1491063172859471,0.1491063172859471,0.10512654883997037,0.10573703030528851,0.14943107844345158,0.10573703030528851,0.49695739245609005,0.5
poisson,deeponet,random_80pct,random_65pct,False,200,0.05231957190236889,0.05231957190236889,0.04209905516392275,0.0310629988141327,0.05246149549430261,0.0310629988141327,0.6474340053389718,0.6500244140625
poisson,deeponet,random_80pct,random_80pct,True,200,0.018764340439072498,0.018764340439072498,0.01678425463022939,0.008389289518005119,0.0187432781879241,0.008389289518005119,0.8002575507682882,0.79998779296875
poisson,deeponet,random_80pct,vertical_lines_50pct,False,200,0.264004569863599,0.264004569863599,0.1793688582218421,0.19330669545457194,0.2735060630078698,0.19330669545457194,0.4574931492433592,0.5
poisson,deeponet,vertical_lines_50pct,block_observed_50pct,False,200,0.7790270419171881,0.779027041917188,0.17716875912177726,0.7540177534564962,0.859513906975051,0.7540177534564962,0.05717886157263309,0.505615234375
poisson,deeponet,vertical_lines_50pct,boundary_band_50pct,False,200,0.7646752993430688,0.7646752993430688,0.14507721072553184,0.7487738063767365,0.810580791455045,0.7487738063767365,0.035846354339624256,0.505615234375
poisson,deeponet,vertical_lines_50pct,clustered_50pct,False,200,0.542435050021669,0.542435050021669,0.3155664393609245,0.4195985336842983,0.6466810202538271,0.4195985336842983,0.3723077324802249,0.5
poisson,deeponet,vertical_lines_50pct,horizontal_lines_50pct,False,200,0.23949077569276342,0.23949077569276342,0.16326147177564468,0.17482867062629912,0.2469196307404422,0.17482867062629912,0.4630934919385802,0.5
poisson,deeponet,vertical_lines_50pct,line_sensors_50pct,False,200,0.11076793219735759,0.11076793219735759,0.077995384375646,0.07854761995405685,0.11150213408996339,0.07854761995405685,0.5018520719982728,0.505615234375
poisson,deeponet,vertical_lines_50pct,random_50pct,False,200,0.1729748317742191,0.1729748317742191,0.1221308075455598,0.12248833057204436,0.1731204137513296,0.12248833057204436,0.49877907913215364,0.5
poisson,deeponet,vertical_lines_50pct,random_65pct,False,200,0.122381793588269,0.122381793588269,0.09861991035630929,0.07246374019241869,0.12242313453402552,0.07246374019241869,0.6495256695789723,0.6500244140625
poisson,deeponet,vertical_lines_50pct,random_80pct,False,200,0.0984859747274127,0.0984859747274127,0.08807054200894521,0.044077358388550134,0.09848975038742981,0.044077358388550134,0.799554846088306,0.79998779296875
poisson,deeponet,vertical_lines_50pct,vertical_lines_50pct,True,200,0.02680438823629313,0.02680438823629313,0.018862100618239834,0.019013584871158225,0.02705324139676354,0.019013584871158225,0.49480331048970844,0.5
poisson,fno,block_observed_50pct,block_observed_50pct,True,200,0.14123817258209273,0.14123817258209273,0.040003953734414434,0.1337590507469267,0.15734177714085854,0.1337590507469267,0.06337590180626085,0.505615234375
poisson,fno,block_observed_50pct,boundary_band_50pct,False,200,0.09580223196504915,0.09580223196504915,0.03311046024992341,0.08860524206327187,0.09765104580142218,0.08860524206327187,0.10028232053371451,0.505615234375
poisson,fno,block_observed_50pct,clustered_50pct,False,200,0.7137943447059522,0.7137943447059522,0.34444286699545223,0.613989730172604,0.9941882440480354,0.613989730172604,0.22671306258564683,0.5
poisson,fno,block_observed_50pct,horizontal_lines_50pct,False,200,0.8632874612985256,0.8632874612985256,0.5299260040686447,0.6802311165667809,0.9632224244517147,0.6802311165667809,0.3695605356586313,0.5
poisson,fno,block_observed_50pct,line_sensors_50pct,False,200,0.8580078368236818,0.8580078368236818,0.5338950829357274,0.6704378094718548,0.9528114393746288,0.6704378094718548,0.37709539356505584,0.505615234375
poisson,fno,block_observed_50pct,random_50pct,False,200,0.6733921739026008,0.6733921739026008,0.4362481836478438,0.5126023479027142,0.7243649345882021,0.5126023479027142,0.41819894056425344,0.5
poisson,fno,block_observed_50pct,random_65pct,False,200,0.34074341003283615,0.34074341003283615,0.25808053259834046,0.2220091103385409,0.37493709920584606,0.2220091103385409,0.5735751233979812,0.6500244140625
poisson,fno,block_observed_50pct,random_80pct,False,200,0.2937439546205814,0.29374395462058145,0.25264545626560786,0.14926571172188124,0.3334072698884059,0.14926571172188124,0.745271044568291,0.79998779296875
poisson,fno,block_observed_50pct,vertical_lines_50pct,False,200,0.9752580874787249,0.975258087478725,0.6092624933249252,0.7603570182191147,1.0766052543783626,0.7603570182191147,0.3815453947643452,0.5
poisson,fno,boundary_band_50pct,block_observed_50pct,False,200,1.108911643070044,1.108911643070044,0.536391518753061,0.9385940909894999,1.0999126897223843,0.9385940909894999,0.2350214661233881,0.505615234375
poisson,fno,boundary_band_50pct,boundary_band_50pct,True,200,0.07348753099351737,0.07348753099351736,0.03727269661004925,0.06278287575537038,0.06899970799807302,0.06278287575537038,0.2520533408415912,0.505615234375
poisson,fno,boundary_band_50pct,clustered_50pct,False,200,1.4493058164035464,1.4493058164035464,0.9197268438508637,1.090902254802552,1.7571984328991348,1.090902254802552,0.42001361433686374,0.5
poisson,fno,boundary_band_50pct,horizontal_lines_50pct,False,200,0.9872441046469049,0.9872441046469049,0.6882543679225017,0.7069993947502033,1.0061715354681073,0.7069993947502033,0.4891261459243396,0.5
poisson,fno,boundary_band_50pct,line_sensors_50pct,False,200,1.4194078487233035,1.4194078487233035,1.0063195617471186,1.0000859424439639,1.4268110451971558,1.0000859424439639,0.5045957177449196,0.505615234375
poisson,fno,boundary_band_50pct,random_50pct,False,200,1.0669710927757938,1.0669710927757938,0.7527425306208009,0.7559835420862343,1.0687431053510936,0.7559835420862343,0.5008184617448183,0.5
poisson,fno,boundary_band_50pct,random_65pct,False,200,1.0783429055161298,1.0783429055161298,0.8684909272581319,0.6389848403215971,1.0795418473331189,0.6389848403215971,0.651109481666212,0.6500244140625
poisson,fno,boundary_band_50pct,random_80pct,False,200,1.1073343397355189,1.1073343397355186,0.9902016770062149,0.49550952579530966,1.10702036027686,0.49550952579530966,0.8008219216016342,0.79998779296875
poisson,fno,boundary_band_50pct,vertical_lines_50pct,False,200,1.9749195306394443,1.9749195306394443,1.3945228739129443,1.3967772764284652,1.9802346370149817,1.3967772764284652,0.49888606708030453,0.5
poisson,fno,clustered_50pct,block_observed_50pct,False,200,0.4730472385811775,0.4730472385811775,0.05695576480336664,0.46835471739692325,0.5300336717587422,0.46835471739692325,0.013157111592983684,0.505615234375
poisson,fno,clustered_50pct,boundary_band_50pct,False,200,0.5426421012492706,0.5426421012492706,0.06255600142188378,0.5379099123443745,0.579852649510181,0.5379099123443745,0.012704093615613914,0.505615234375
poisson,fno,clustered_50pct,clustered_50pct,True,200,0.08230861006187368,0.08230861006187368,0.03512855698174411,0.07290146119630488,0.11608032417887804,0.07290146119630486,0.16869596677185744,0.5
poisson,fno,clustered_50pct,horizontal_lines_50pct,False,200,0.07958123171149714,0.07958123171149714,0.053597740597616295,0.05850705389336022,0.08306874588279321,0.05850705389336022,0.45970450285309156,0.5
poisson,fno,clustered_50pct,line_sensors_50pct,False,200,0.08129647538381735,0.08129647538381732,0.054587273790567555,0.05991861791735851,0.08540729073823929,0.05991861791735851,0.45681258912501077,0.505615234375
poisson,fno,clustered_50pct,random_50pct,False,200,0.08107700754175796,0.08107700754175795,0.05458030106260678,0.05965823551946878,0.08432929889339402,0.05965823551946878,0.4589796857820116,0.5
poisson,fno,clustered_50pct,random_65pct,False,200,0.07025385356411226,0.07025385356411226,0.0532367165325555,0.04559862605602895,0.07702430926459396,0.04559862605602895,0.5878344769736565,0.6500244140625
poisson,fno,clustered_50pct,random_80pct,False,200,0.1057385398838107,0.10573853988381067,0.09122176462623367,0.05327258163359189,0.11891453140423425,0.05327258163359189,0.7484524097981053,0.79998779296875
poisson,fno,clustered_50pct,vertical_lines_50pct,False,200,0.08596909302649376,0.08596909302649376,0.057575138213631576,0.0635043730220282,0.09016408561756963,0.0635043730220282,0.4535695442941544,0.5
poisson,fno,horizontal_lines_50pct,block_observed_50pct,False,200,2.9890270950466733,2.9890270950466733,1.0537006667419893,2.7851065731380715,3.255485845686708,2.7851065731380715,0.12337761642736393,0.505615234375
poisson,fno,horizontal_lines_50pct,boundary_band_50pct,False,200,3.0126104484261056,3.0126104484261056,0.9509835031062868,2.848911271440553,3.140072669475499,2.848911271440553,0.09878776007502976,0.505615234375
poisson,fno,horizontal_lines_50pct,clustered_50pct,False,200,2.14250540661725,2.14250540661725,0.9791997436646115,1.8840714697245116,3.034099725873511,1.8840714697245116,0.22292420205315883,0.5
poisson,fno,horizontal_lines_50pct,horizontal_lines_50pct,True,200,0.01801643298259908,0.01801643298259908,0.012475445423489025,0.012939201871852801,0.01840822002227703,0.012939201871852801,0.49011550906989687,0.5
poisson,fno,horizontal_lines_50pct,line_sensors_50pct,False,200,0.24623846127736534,0.24623846127736537,0.1657510851697671,0.18109291696167887,0.2581339960403167,0.18109291696167887,0.46132033604038575,0.505615234375
poisson,fno,horizontal_lines_50pct,random_50pct,False,200,0.05964423451675425,0.05964423451675424,0.03862343106366611,0.045428405558674924,0.06420937714761482,0.045428405558674924,0.4196614986475574,0.5
poisson,fno,horizontal_lines_50pct,random_65pct,False,200,0.1872338683239265,0.1872338683239265,0.16548370574294247,0.08648857505341775,0.14613751795258687,0.08648857505341775,0.7934484276341833,0.6500244140625
poisson,fno,horizontal_lines_50pct,random_80pct,False,200,0.5063001596396145,0.5063001596396145,0.48575781649582106,0.13688845530771818,0.30574837243367264,0.13688845530771818,0.9328242344824468,0.79998779296875
poisson,fno,horizontal_lines_50pct,vertical_lines_50pct,False,200,0.364972909222512,0.36497290922251197,0.2463975845366257,0.26574072349275046,0.37757455304119925,0.26574072349275046,0.46739186854934195,0.5
poisson,fno,line_sensors_50pct,block_observed_50pct,False,200,0.7254094472110701,0.7254094472110703,0.20613971962582395,0.6849654259964241,0.7787227512058378,0.6849654259964241,0.10727351214501143,0.505615234375
poisson,fno,line_sensors_50pct,boundary_band_50pct,False,200,0.766771494640572,0.766771494640572,0.2111056055155084,0.7259170016960169,0.7861817312631559,0.7259170016960169,0.10302817506940606,0.505615234375
poisson,fno,line_sensors_50pct,clustered_50pct,False,200,0.38104114889209967,0.38104114889209967,0.19725327755970481,0.3090483950812073,0.476612637758208,0.3090483950812073,0.27050392300919474,0.5
poisson,fno,line_sensors_50pct,horizontal_lines_50pct,False,200,0.016187365946108295,0.016187365946108295,0.010423743914235905,0.012235430972044253,0.01738867872275286,0.012235430972044253,0.4097829667635529,0.5
poisson,fno,line_sensors_50pct,line_sensors_50pct,True,200,0.011995932348174327,0.011995932348174327,0.007469391497846326,0.00933245388865356,0.013272749648199092,0.00933245388865356,0.37429784402997046,0.505615234375
poisson,fno,line_sensors_50pct,random_50pct,False,200,0.016539232140756567,0.016539232140756567,0.011660884385134735,0.011708580966208661,0.016552830546842458,0.011708580966208661,0.5021735361303707,0.5
poisson,fno,line_sensors_50pct,random_65pct,False,200,0.2096917468457214,0.20969174684572134,0.17365970076055107,0.11675217142419524,0.19721534043778788,0.11675217142419524,0.6773399914987684,0.6500244140625
poisson,fno,line_sensors_50pct,random_80pct,False,200,0.5331717226225253,0.5331717226225253,0.4833796395212292,0.22382764158863921,0.5001106364779563,0.22382764158863921,0.8193941669333752,0.79998779296875
poisson,fno,line_sensors_50pct,vertical_lines_50pct,False,200,0.01582946708707118,0.01582946708707118,0.010387640432275174,0.011818357045905647,0.016783414721870407,0.011818357045905647,0.42763038613533066,0.5
poisson,fno,random_50pct,block_observed_50pct,False,200,0.8142562235740993,0.8142562235740993,0.10002081161689311,0.8067958496647853,0.9240079190311029,0.8067958496647853,0.015553446267559327,0.505615234375
poisson,fno,random_50pct,boundary_band_50pct,False,200,0.8753744751327575,0.8753744751327575,0.08823260990051912,0.8700731557021021,0.9476650939732825,0.8700731557021021,0.010438102991397025,0.505615234375
poisson,fno,random_50pct,clustered_50pct,False,200,0.4702801867491342,0.4702801867491342,0.1273794829319698,0.4489459948025769,0.6968327773631873,0.4489459948025769,0.07031811620983895,0.5
poisson,fno,random_50pct,horizontal_lines_50pct,False,200,0.05062275754820958,0.05062275754820958,0.018737980404886487,0.046473112861202245,0.06582365865465449,0.046473112861202245,0.12848094154169587,0.5
poisson,fno,random_50pct,line_sensors_50pct,False,200,0.042367620090283,0.042367620090282984,0.017110588851682818,0.03827115832455957,0.05430347423865989,0.03827115832455957,0.16783549406586856,0.505615234375
poisson,fno,random_50pct,random_50pct,True,200,0.011040579018476942,0.011040579018476939,0.006360030774908899,0.008981359574218183,0.012694343884198695,0.008981359574218183,0.3463380186253458,0.5
poisson,fno,random_50pct,random_65pct,False,200,0.14596601404283807,0.14596601404283807,0.10483980717156767,0.09943625090691385,0.16796333229777644,0.09943625090691385,0.5259466546169437,0.6500244140625
poisson,fno,random_50pct,random_80pct,False,200,0.28697142852344387,0.28697142852344387,0.17503104954395318,0.2217938590018943,0.49542404228085574,0.2217938590018943,0.37619931503718723,0.79998779296875
poisson,fno,random_50pct,vertical_lines_50pct,False,200,0.0497323022458811,0.0497323022458811,0.02234181356482841,0.04360343829563442,0.06176942607029277,0.04360343829563442,0.19888937221021286,0.5
poisson,fno,random_65pct,block_observed_50pct,False,200,0.9573252907019726,0.9573252907019726,0.36375804473628626,0.8574780597756471,0.9820661738283063,0.8574780597756471,0.18605925280270427,0.505615234375
poisson,fno,random_65pct,boundary_band_50pct,False,200,0.9721267119149058,0.9721267119149057,0.339367351698585,0.8858014776807522,0.9632007375678646,0.8858014776807522,0.15819248451642315,0.505615234375
poisson,fno,random_65pct,clustered_50pct,False,200,0.6704133476372156,0.6704133476372156,0.3656764367377555,0.5272367717127167,0.820411375533316,0.5272367717127167,0.39150375236840906,0.5
poisson,fno,random_65pct,horizontal_lines_50pct,False,200,0.20580822661414064,0.2058082266141406,0.0972058631373689,0.1806866130279269,0.2556574747641373,0.1806866130279269,0.23073340115755944,0.5
poisson,fno,random_65pct,line_sensors_50pct,False,200,0.19177423112238187,0.19177423112238187,0.09310948765232029,0.1671212635788844,0.23736227212396105,0.1671212635788844,0.2426751898707397,0.505615234375
poisson,fno,random_65pct,random_50pct,False,200,0.16659222726894288,0.16659222726894288,0.10202791138411009,0.131142468849656,0.18534405019709133,0.131142468849656,0.39408455219674793,0.5
poisson,fno,random_65pct,random_65pct,True,200,0.01683947421292525,0.01683947421292525,0.013068594411084185,0.010503658256917759,0.01774443268307564,0.010503658256917759,0.6285379086305957,0.6500244140625
poisson,fno,random_65pct,random_80pct,False,200,0.19673090746232916,0.19673090746232916,0.16186447694208358,0.11157406700246357,0.2492967608385299,0.11157406700246357,0.6792662344082612,0.79998779296875
poisson,fno,random_65pct,vertical_lines_50pct,False,200,0.20277883619430515,0.20277883619430515,0.09430588019269115,0.17885521895764608,0.25279764775930363,0.17885521895764608,0.2205451691245181,0.5
poisson,fno,random_80pct,block_observed_50pct,False,200,2.3038278452909786,2.303827845290978,0.5823573919482654,2.2236299746768284,2.6009032629809616,2.2236299746768284,0.06457235120693658,0.505615234375
poisson,fno,random_80pct,boundary_band_50pct,False,200,2.35914020507681,2.35914020507681,0.6269882665286344,2.268834552148115,2.500003774632407,2.268834552148115,0.07092423825960602,0.505615234375
poisson,fno,random_80pct,clustered_50pct,False,200,2.0191606099375736,2.0191606099375736,0.3369996253768492,1.9887268673082799,3.2294323483864065,1.9887268673082799,0.029326326739177105,0.5
poisson,fno,random_80pct,horizontal_lines_50pct,False,200,1.1288442919759287,1.1288442919759285,0.21355492095574302,1.1052567034501604,1.5691516211266758,1.1052567034501604,0.032565523008724805,0.5
poisson,fno,random_80pct,line_sensors_50pct,False,200,1.0900103713395743,1.0900103713395746,0.20739657358271343,1.0669488236445042,1.5207732905194413,1.0669488236445042,0.032527403376026914,0.505615234375
poisson,fno,random_80pct,random_50pct,False,200,1.0490409437249844,1.0490409437249844,0.21427408408491233,1.0238113828445747,1.4470717950164962,1.0238113828445747,0.03709720905591868,0.5
poisson,fno,random_80pct,random_65pct,False,200,0.44081353023314374,0.44081353023314374,0.12405814597624035,0.42210922433171044,0.7130458489468459,0.42210922433171044,0.08178052020729698,0.6500244140625
poisson,fno,random_80pct,random_80pct,True,200,0.009190952234691204,0.009190952234691204,0.007297384306790906,0.005369309819381195,0.011996227751710463,0.005369309819381195,0.6714359393331504,0.79998779296875
poisson,fno,random_80pct,vertical_lines_50pct,False,200,1.124884239432628,1.124884239432628,0.21848138398560166,1.1006771616915438,1.562246877621204,1.1006771616915438,0.034392878262219886,0.5
poisson,fno,vertical_lines_50pct,block_observed_50pct,False,200,1.2116054513581256,1.2116054513581256,0.41187226208490096,1.1267987083854465,1.3016741362232778,1.1267987083854465,0.12117273517786235,0.505615234375
poisson,fno,vertical_lines_50pct,boundary_band_50pct,False,200,1.2570113866381356,1.2570113866381356,0.4241505822072761,1.1714398584280845,1.2814121437763322,1.1714398584280845,0.12020922357488424,0.505615234375
poisson,fno,vertical_lines_50pct,clustered_50pct,False,200,0.6522278118605785,0.6522278118605785,0.3118299825948522,0.5592936674040195,0.8802605060017519,0.5592936674040195,0.24388221760367934,0.5
poisson,fno,vertical_lines_50pct,horizontal_lines_50pct,False,200,0.17830412407555835,0.17830412407555835,0.11749076522751434,0.1327554508435712,0.18794469557436488,0.1327554508435712,0.4321029437940334,0.5
poisson,fno,vertical_lines_50pct,line_sensors_50pct,False,200,0.1205761511596331,0.1205761511596331,0.08150616472973138,0.08837869836800705,0.1257095110840168,0.08837869836800705,0.46241031466319044,0.505615234375
poisson,fno,vertical_lines_50pct,random_50pct,False,200,0.02976210937600887,0.02976210937600887,0.020224853871715923,0.02182535028397946,0.030846828479862407,0.02182535028397946,0.46044762690359203,0.5
poisson,fno,vertical_lines_50pct,random_65pct,False,200,0.10675745030930876,0.10675745030930875,0.08719010357574346,0.06138898169286294,0.10369845204256575,0.06138898169286294,0.6770345952444476,0.6500244140625
poisson,fno,vertical_lines_50pct,random_80pct,False,200,0.25461272269522484,0.25461272269522484,0.22969794781487834,0.10882356048522811,0.24305368030232435,0.10882356048522811,0.8250533744389162,0.79998779296875
poisson,fno,vertical_lines_50pct,vertical_lines_50pct,True,200,0.01532844786967134,0.01532844786967134,0.010295397046435707,0.011297953395837524,0.016049213085726682,0.011297953395837524,0.4487290747085938,0.5
poisson,gnot,block_observed_50pct,block_observed_50pct,True,200,0.2864773094957823,0.2864773094957824,0.08154063363658787,0.2724851643589515,0.3192846077750177,0.2724851643589515,0.07079755794051677,0.505615234375
poisson,gnot,block_observed_50pct,boundary_band_50pct,False,200,0.2596247196624769,0.2596247196624769,0.06648687746921966,0.24887723188333893,0.2738204253101526,0.24887723188333893,0.054759644522820596,0.505615234375
poisson,gnot,block_observed_50pct,clustered_50pct,False,200,0.5962488661260579,0.5962488661260579,0.357137217513876,0.4594504740803439,0.7826311002478482,0.4594504740803439,0.396441222093825,0.5
poisson,gnot,block_observed_50pct,horizontal_lines_50pct,False,200,0.29673624969395374,0.2967362496939538,0.2095190603931685,0.2098264354841889,0.2980079006014496,0.2098264354841889,0.4990385572131484,0.5
poisson,gnot,block_observed_50pct,line_sensors_50pct,False,200,0.2865012943135847,0.2865012943135847,0.2023414222253043,0.20253687522610142,0.28791954670797515,0.20253687522610142,0.49606464883036155,0.505615234375
poisson,gnot,block_observed_50pct,random_50pct,False,200,0.27036323989256633,0.2703632398925663,0.1912081362419136,0.19113345646778623,0.2701874501174254,0.19113345646778623,0.5013601877647892,0.5
poisson,gnot,block_observed_50pct,random_65pct,False,200,0.2706423153885443,0.2706423153885443,0.2182727261511731,0.1600044033443762,0.2702856770788701,0.1600044033443762,0.6514094783686841,0.6500244140625
poisson,gnot,block_observed_50pct,random_80pct,False,200,0.2697285809528789,0.2697285809528789,0.241387531816282,0.12034623969833462,0.2688850750159048,0.12034623969833462,0.8013659517483606,0.79998779296875
poisson,gnot,block_observed_50pct,vertical_lines_50pct,False,200,0.2887926658010862,0.2887926658010862,0.20430965925370334,0.20383375922175898,0.28982428901605195,0.20383375922175898,0.5012720574545969,0.5
poisson,gnot,boundary_band_50pct,block_observed_50pct,False,200,9.746254203406526,9.746254203406524,5.385389110253916,7.812046843813327,9.264827186788974,7.812046843813327,0.3539096606187722,0.505615234375
poisson,gnot,boundary_band_50pct,boundary_band_50pct,True,200,0.07352622713876626,0.07352622713876626,0.016813257623047036,0.07101625634046745,0.07851411376486656,0.07101625634046745,0.043414157055684015,0.505615234375
poisson,gnot,boundary_band_50pct,clustered_50pct,False,200,27.016236328503023,27.016236328503023,19.20883031261583,18.669175608113843,31.802061668187743,18.669175608113843,0.48704407215824197,0.5
poisson,gnot,boundary_band_50pct,horizontal_lines_50pct,False,200,6.575344991304359,6.575344991304359,4.645067973432979,4.6461432643397975,6.6147691772677675,4.6461432643397975,0.5030743687872591,0.5
poisson,gnot,boundary_band_50pct,line_sensors_50pct,False,200,6.733295081269749,6.733295081269749,4.806987684048736,4.708197107011475,6.738812274195936,4.708197107011475,0.5130884067927863,0.505615234375
poisson,gnot,boundary_band_50pct,random_50pct,False,200,6.0523294655245055,6.0523294655245055,4.2753762020026365,4.2837603189846725,6.056860636986187,4.2837603189846725,0.49934332377060286,0.5
poisson,gnot,boundary_band_50pct,random_65pct,False,200,6.067701077962244,6.067701077962244,4.889121333381496,3.5933639528568158,6.072071192708416,3.5933639528568158,0.6494716309594539,0.6500244140625
poisson,gnot,boundary_band_50pct,random_80pct,False,200,6.068153525975036,6.068153525975036,5.4260632210936475,2.7164116519082917,6.07417442754574,2.7164116519082917,0.7998667849102169,0.79998779296875
poisson,gnot,boundary_band_50pct,vertical_lines_50pct,False,200,6.917494673904371,6.917494673904371,4.885043802059135,4.890376174336424,6.967966491584342,4.890376174336424,0.5024937381516084,0.5
poisson,gnot,clustered_50pct,block_observed_50pct,False,200,0.37924390737959607,0.37924390737959596,0.05307288803491637,0.37475080948927003,0.42866000273200633,0.37475080948927003,0.018543842104066063,0.505615234375
poisson,gnot,clustered_50pct,boundary_band_50pct,False,200,0.34190315703431934,0.34190315703431934,0.0557626652101605,0.33607401174748774,0.36323660286035286,0.33607401174748774,0.025202462763501857,0.505615234375
poisson,gnot,clustered_50pct,clustered_50pct,True,200,0.03689583810541345,0.03689583810541345,0.01458350696642582,0.03330961799019844,0.052215253612097466,0.03330961799019844,0.1112692783815883,0.5
poisson,gnot,clustered_50pct,horizontal_lines_50pct,False,200,0.016886614177690152,0.016886614177690152,0.011917041469970689,0.011951797888820288,0.01699804810164689,0.011951797888820288,0.4990100992553057,0.5
poisson,gnot,clustered_50pct,line_sensors_50pct,False,200,0.016855252610093262,0.016855252610093262,0.011919310662210485,0.0119081363910407,0.01696193399124667,0.0119081363910407,0.5007637737273507,0.505615234375
poisson,gnot,clustered_50pct,random_50pct,False,200,0.016310797902121393,0.016310797902121393,0.011522098972160095,0.01154428604160992,0.016319002206912868,0.01154428604160992,0.49947544721858184,0.5
poisson,gnot,clustered_50pct,random_65pct,False,200,0.016266068628600153,0.016266068628600156,0.013108557570824192,0.009630125142396743,0.016268474237435066,0.009630125142396743,0.6499164849614223,0.6500244140625
poisson,gnot,clustered_50pct,random_80pct,False,200,0.01622224101149292,0.01622224101149292,0.014503704896057363,0.0072658396181323305,0.01623546501718017,0.0072658396181323305,0.7995557487904845,0.79998779296875
poisson,gnot,clustered_50pct,vertical_lines_50pct,False,200,0.01688339308674475,0.01688339308674475,0.011912160179379976,0.011950568326142172,0.016974404113527145,0.011950568326142172,0.49807801228001497,0.5
poisson,gnot,horizontal_lines_50pct,block_observed_50pct,False,200,26.94248173545439,26.94248173545439,0.1639355191370997,26.939841790426566,31.26574141572007,26.939841790426566,7.965094824401346e-05,0.505615234375
poisson,gnot,horizontal_lines_50pct,boundary_band_50pct,False,200,33.87167612694086,33.87167612694086,0.07768572703804559,33.871543447784084,37.27071073062856,33.871543447784084,4.185742873918011e-06,0.505615234375
poisson,gnot,horizontal_lines_50pct,clustered_50pct,False,200,6.171919556904378,6.171919556904378,0.5253898167723667,6.005139806341075,10.056014287591132,6.005139806341075,0.005769936402267142,0.5
poisson,gnot,horizontal_lines_50pct,horizontal_lines_50pct,True,200,0.007399999534644869,0.007399999534644869,0.005154372977755879,0.005304024540057708,0.007545743118239027,0.005304024540057708,0.48367000243465885,0.5
poisson,gnot,horizontal_lines_50pct,line_sensors_50pct,False,200,0.02383788489903961,0.023837884899039614,0.016568495516658684,0.01711179591423264,0.024359417677065193,0.01711179591423264,0.4819878803122216,0.505615234375
poisson,gnot,horizontal_lines_50pct,random_50pct,False,200,0.008781985116185925,0.008781985116185925,0.006205938167018015,0.006213316154023786,0.008783320857750937,0.006213316154023786,0.4997102332510376,0.5
poisson,gnot,horizontal_lines_50pct,random_65pct,False,200,0.007611264489348646,0.007611264489348646,0.006135343661264047,0.004504000423518187,0.0076071593711041705,0.004504000423518187,0.6501768388555877,0.6500244140625
poisson,gnot,horizontal_lines_50pct,random_80pct,False,200,0.006748032236168428,0.006748032236168428,0.006034084081903253,0.003020570384496445,0.006746381742779414,0.003020570384496445,0.7997468563186805,0.79998779296875
poisson,gnot,horizontal_lines_50pct,vertical_lines_50pct,False,200,0.045628574607717874,0.045628574607717874,0.031596081221122105,0.03273876139593114,0.046881894180325664,0.03273876139593114,0.495974240382547,0.5
poisson,gnot,line_sensors_50pct,block_observed_50pct,False,200,20.63948643875347,20.63948643875347,0.20661673897943786,20.635758842611153,24.60216781981203,20.635758842611153,0.0001227201063358957,0.505615234375
poisson,gnot,line_sensors_50pct,boundary_band_50pct,False,200,8.913435327736119,8.913435327736119,0.0852016905258434,8.912839844421349,9.824392352343645,8.912839844421349,7.451133952067825e-05,0.505615234375
poisson,gnot,line_sensors_50pct,clustered_50pct,False,200,6.390117188650863,6.390117188650863,0.2825133022990096,6.347485713667027,9.78714619434558,6.347485713667027,0.0009815892308266945,0.5
poisson,gnot,line_sensors_50pct,horizontal_lines_50pct,False,200,0.011688560543324815,0.011688560543324815,0.008169004007414153,0.008347962362749952,0.011885887816797084,0.008347962362749952,0.48719139351939494,0.5
poisson,gnot,line_sensors_50pct,line_sensors_50pct,True,200,0.010846314289562032,0.010846314289562032,0.007529996475370004,0.007797182623264427,0.011109070303445023,0.007797182623264427,0.47871814561781895,0.505615234375
poisson,gnot,line_sensors_50pct,random_50pct,False,200,0.008131665523410048,0.008131665523410048,0.005738160902586201,0.00576151874386107,0.008144505173870602,0.00576151874386107,0.4981087561602906,0.5
poisson,gnot,line_sensors_50pct,random_65pct,False,200,0.007857184786195705,0.007857184786195705,0.006327163667141759,0.004658337084677914,0.007868614261025204,0.004658337084677914,0.6484430825200651,0.6500244140625
poisson,gnot,line_sensors_50pct,random_80pct,False,200,0.0076729498180285564,0.0076729498180285564,0.006857104696952892,0.0034426717132356056,0.007690128104564719,0.0034426717132356056,0.7987710018174945,0.79998779296875
poisson,gnot,line_sensors_50pct,vertical_lines_50pct,False,200,0.011616661951837557,0.011616661951837557,0.008051643126292887,0.008359113072583978,0.011891707006043735,0.008359113072583978,0.47791540505221236,0.5
poisson,gnot,random_50pct,block_observed_50pct,False,200,71.17022296327085,71.17022296327085,0.2509396470125819,71.16819431865859,83.46291967100257,71.16819431865859,1.5152424762584497e-05,0.505615234375
poisson,gnot,random_50pct,boundary_band_50pct,False,200,85.56853843883074,85.56853843883074,0.20555473959334833,85.5682639857013,94.22068435068533,85.5682639857013,5.347554550209607e-06,0.505615234375
poisson,gnot,random_50pct,clustered_50pct,False,200,15.432025848759048,15.432025848759048,0.40315130663674315,15.3679014347029,24.761971713575907,15.3679014347029,0.0004086049508743432,0.5
poisson,gnot,random_50pct,horizontal_lines_50pct,False,200,0.024824235753090614,0.024824235753090614,0.01715490122367274,0.017887462768271068,0.025418407245833944,0.017887462768271068,0.4744881386628131,0.5
poisson,gnot,random_50pct,line_sensors_50pct,False,200,0.021655149665963838,0.021655149665963835,0.014914260888456243,0.01565730513898194,0.02228637159764986,0.01565730513898194,0.46567622578854934,0.505615234375
poisson,gnot,random_50pct,random_50pct,True,200,0.007139146845064518,0.007139146845064519,0.005047354466966592,0.0050486078176275265,0.007136844119710046,0.0050486078176275265,0.5003609378048302,0.5
poisson,gnot,random_50pct,random_65pct,False,200,0.00637113885125429,0.00637113885125429,0.005133027202520667,0.0037737948072815355,0.0063742649567074235,0.0037737948072815355,0.6492717755783668,0.6500244140625
poisson,gnot,random_50pct,random_80pct,False,200,0.005746796126469612,0.005746796126469614,0.005138215125640756,0.0025735554639386466,0.005747756695556219,0.0025735554639386466,0.7996623474648911,0.79998779296875
poisson,gnot,random_50pct,vertical_lines_50pct,False,200,0.024238596526674847,0.024238596526674847,0.016628460694218975,0.01757424908114705,0.025008542907129273,0.01757424908114705,0.46438100622326367,0.5
poisson,gnot,random_65pct,block_observed_50pct,False,200,2.509208881103602,2.5092088811036026,0.25725002275136155,2.491374075063597,2.892638851187444,2.491374075063597,0.010933056807490195,0.505615234375
poisson,gnot,random_65pct,boundary_band_50pct,False,200,3.0234984597398924,3.023498459739892,0.11868591820282864,3.020551811690945,3.3239555438073665,3.0205518116909444,0.001237301833628023,0.505615234375
poisson,gnot,random_65pct,clustered_50pct,False,200,0.4046086504240413,0.4046086504240412,0.13296122167503316,0.3721679601210964,0.6145865631815886,0.3721679601210964,0.0846616408811901,0.5
poisson,gnot,random_65pct,horizontal_lines_50pct,False,200,0.04961113198532339,0.0496111319853234,0.03434511853660935,0.03569177928338558,0.05071919003516209,0.03569177928338558,0.4724919798095606,0.5
poisson,gnot,random_65pct,line_sensors_50pct,False,200,0.047252646744706424,0.047252646744706424,0.032848706432956544,0.03391160717314405,0.04822536714614146,0.033911607173144044,0.47776340969418823,0.505615234375
poisson,gnot,random_65pct,random_50pct,False,200,0.013310431594352228,0.013310431594352228,0.009401743297650972,0.009421675396901856,0.013317709898662353,0.009421675396901856,0.4991449466001085,0.5
poisson,gnot,random_65pct,random_65pct,True,200,0.011680931724312796,0.011680931724312798,0.009412401239795011,0.006916988191385867,0.011684495932413094,0.006916988191385867,0.6496524171518874,0.6500244140625
poisson,gnot,random_65pct,random_80pct,False,200,0.010337463597841401,0.010337463597841401,0.009243544582158553,0.004627731171196395,0.010336598525149641,0.004627731171196395,0.7998115400742412,0.79998779296875
poisson,gnot,random_65pct,vertical_lines_50pct,False,200,0.05068067510787684,0.050680675107876834,0.035118810133686985,0.03642854975745809,0.05171781345216695,0.03642854975745809,0.4721896595921921,0.5
poisson,gnot,random_80pct,block_observed_50pct,False,200,0.8426307010894363,0.8426307010894363,0.2350585860090576,0.8022333716231788,0.9235612162021738,0.8022333716231788,0.07698832415761796,0.505615234375
poisson,gnot,random_80pct,boundary_band_50pct,False,200,0.9351530715027332,0.9351530715027333,0.25864754606120016,0.8910183407358457,0.9743061262852722,0.8910183407358457,0.07451431694069056,0.505615234375
poisson,gnot,random_80pct,clustered_50pct,False,200,0.43013762391037147,0.4301376239103715,0.21225837776178724,0.36606682044049293,0.6047984181980843,0.36606682044049293,0.24192485665063654,0.5
poisson,gnot,random_80pct,horizontal_lines_50pct,False,200,0.10258934940248882,0.10258934940248882,0.07136082960060514,0.0736038304309488,0.10445057883520835,0.0736038304309488,0.4807150379307127,0.5
poisson,gnot,random_80pct,line_sensors_50pct,False,200,0.09702833497168127,0.09702833497168128,0.0676735899132779,0.06944884439063072,0.09873074459429299,0.06944884439063072,0.48356360822264954,0.505615234375
poisson,gnot,random_80pct,random_50pct,False,200,0.06932559696396416,0.06932559696396415,0.048949516409527015,0.0490902632382768,0.06938658015955518,0.0490902632382768,0.4983711040213784,0.5
poisson,gnot,random_80pct,random_65pct,False,200,0.06872249820581028,0.06872249820581028,0.05534510387926365,0.04073790649155564,0.06879885649412149,0.04073790649155564,0.6484069845676546,0.6500244140625
poisson,gnot,random_80pct,random_80pct,True,200,0.06835779470502477,0.06835779470502476,0.061108747667915006,0.030633036862336527,0.06841208237988025,0.030633036862336527,0.7989810985190786,0.79998779296875
poisson,gnot,random_80pct,vertical_lines_50pct,False,200,0.09887164547034859,0.0988716454703486,0.06869352614501502,0.07101879271632086,0.10076435028798679,0.07101879271632086,0.48010342003429624,0.5
poisson,gnot,vertical_lines_50pct,block_observed_50pct,False,200,4.117579503034795,4.117579503034795,1.6766869216343323,3.6847928317327785,4.387483860038362,3.6847928317327785,0.1580543849769616,0.505615234375
poisson,gnot,vertical_lines_50pct,boundary_band_50pct,False,200,0.9230441003780107,0.9230441003780107,0.4783646060448152,0.7769603905124101,0.8489903291498316,0.7769603905124101,0.28488519427489706,0.505615234375
poisson,gnot,vertical_lines_50pct,clustered_50pct,False,200,6.426855931732639,6.426855931732639,1.4386709038460361,6.165305570714508,9.85065429622385,6.165305570714508,0.06695176666200534,0.5
poisson,gnot,vertical_lines_50pct,horizontal_lines_50pct,False,200,0.08400529201714704,0.08400529201714704,0.05816954727322449,0.060524335048742973,0.0861306719835534,0.060524335048742973,0.4762524283130687,0.5
poisson,gnot,vertical_lines_50pct,line_sensors_50pct,False,200,0.05543014697193631,0.05543014697193631,0.03827801073547244,0.0400484837189499,0.05702709816726284,0.0400484837189499,0.47403387414828374,0.505615234375
poisson,gnot,vertical_lines_50pct,random_50pct,False,200,0.0159736558255665,0.015973655825566504,0.011279768414582234,0.011309936003497898,0.015987235055753335,0.011309936003497898,0.49854707525101805,0.5
poisson,gnot,vertical_lines_50pct,random_65pct,False,200,0.013293796155955074,0.013293796155955074,0.010708676244978297,0.007876742849863783,0.013305303347375641,0.007876742849863783,0.6487405889287899,0.6500244140625
poisson,gnot,vertical_lines_50pct,random_80pct,False,200,0.011136096369044295,0.011136096369044297,0.009956461080451425,0.004987734256166719,0.011140829089201063,0.004987734256166719,0.7990463992671064,0.79998779296875
poisson,gnot,vertical_lines_50pct,vertical_lines_50pct,True,200,0.011075393621582007,0.011075393621582007,0.00768795231899148,0.007962579889166644,0.011325090204189592,0.007962579889166644,0.4809367595945072,0.5
poisson,pino,block_observed_50pct,block_observed_50pct,True,200,0.06521254046961712,0.06521254046961712,0.019352265317005103,0.06134497455635571,0.07173601087833928,0.06134497455635571,0.07194120361696518,0.505615234375
poisson,pino,block_observed_50pct,boundary_band_50pct,False,200,0.048108573660401825,0.04810857366040182,0.014503168594287835,0.04538616873688984,0.050232592920074454,0.04538616873688984,0.07951211118515052,0.505615234375
poisson,pino,block_observed_50pct,clustered_50pct,False,200,0.8319461185639986,0.8319461185639986,0.612553245701998,0.5415182482236824,0.8649098404535616,0.5415182482236824,0.5672225405099485,0.5
poisson,pino,block_observed_50pct,horizontal_lines_50pct,False,200,0.63033193788389,0.63033193788389,0.4445858605902281,0.44635642712023177,0.6345969177625079,0.44635642712023177,0.49791225460226873,0.5
poisson,pino,block_observed_50pct,line_sensors_50pct,False,200,0.6134053388924641,0.6134053388924641,0.43528595827901084,0.431710417534342,0.6147738238761302,0.431710417534342,0.5036290334255817,0.505615234375
poisson,pino,block_observed_50pct,random_50pct,False,200,0.7610432734588489,0.7610432734588489,0.5378013529641135,0.5384590179355129,0.7610761319600708,0.5384590179355129,0.4994007757391542,0.5
poisson,pino,block_observed_50pct,random_65pct,False,200,0.6948044377006545,0.6948044377006545,0.5599535873985423,0.4113259703789966,0.6947719202601246,0.4113259703789966,0.6495280703852737,0.6500244140625
poisson,pino,block_observed_50pct,random_80pct,False,200,0.6353817885424893,0.6353817885424893,0.5681044005549585,0.28452042412713896,0.6354853134815183,0.28452042412713896,0.7994869791027214,0.79998779296875
poisson,pino,block_observed_50pct,vertical_lines_50pct,False,200,0.8266336043304596,0.8266336043304596,0.5847254898288486,0.5835482455921216,0.8286391594429082,0.5835482455921216,0.5018750198634429,0.5
poisson,pino,boundary_band_50pct,block_observed_50pct,False,200,1.152823740431666,1.152823740431666,0.373929044578618,1.0773306067796993,1.2395728733310027,1.0773306067796993,0.10425894729864141,0.505615234375
poisson,pino,boundary_band_50pct,boundary_band_50pct,True,200,0.018813744836103225,0.018813744836103225,0.006595080284380785,0.01730150095889842,0.019063386666110647,0.01730150095889842,0.11182083981637393,0.505615234375
poisson,pino,boundary_band_50pct,clustered_50pct,False,200,0.8738376735818103,0.8738376735818103,0.5525912013500727,0.6599618954688418,1.0454750115116078,0.6599618954688418,0.41194143979865694,0.5
poisson,pino,boundary_band_50pct,horizontal_lines_50pct,False,200,1.180425620057559,1.180425620057559,0.8336048713928618,0.8345137249447877,1.184024824412881,0.8345137249447877,0.4973407361485621,0.5
poisson,pino,boundary_band_50pct,line_sensors_50pct,False,200,1.0561576692086145,1.0561576692086145,0.7449768685813031,0.7475447350603704,1.0625526491464206,0.7475447350603704,0.4962408821445992,0.505615234375
poisson,pino,boundary_band_50pct,random_50pct,False,200,0.8635114587923725,0.8635114587923725,0.6099284108888714,0.611244382429532,0.864008585254962,0.611244382429532,0.4990289799876665,0.5
poisson,pino,boundary_band_50pct,random_65pct,False,200,0.8209787772395275,0.8209787772395275,0.6615011774435351,0.48621421264169146,0.8212921983296098,0.48621421264169146,0.6493241255461869,0.6500244140625
poisson,pino,boundary_band_50pct,random_80pct,False,200,0.7560184878567762,0.7560184878567761,0.6759593693133853,0.3385656212776691,0.7561702425744994,0.3385656212776691,0.7994493895247502,0.79998779296875
poisson,pino,boundary_band_50pct,vertical_lines_50pct,False,200,0.9119078832956388,0.9119078832956388,0.6401237576423645,0.6486763215702056,0.9204811596706025,0.6486763215702056,0.49297896783748185,0.5
poisson,pino,clustered_50pct,block_observed_50pct,False,200,0.45497021551673833,0.4549702155167383,0.09696052483655845,0.44142703573498177,0.5006301377459814,0.44142703573498177,0.044660953622445265,0.505615234375
poisson,pino,clustered_50pct,boundary_band_50pct,False,200,0.45238909970075825,0.45238909970075825,0.09632258635873484,0.438816594322115,0.47191180306366964,0.438816594322115,0.0409685736847446,0.505615234375
poisson,pino,clustered_50pct,clustered_50pct,True,200,0.12844556096062185,0.12844556096062185,0.060203062343118806,0.11087061708270708,0.17123932478107629,0.11087061708270708,0.1898921373423937,0.5
poisson,pino,clustered_50pct,horizontal_lines_50pct,False,200,0.3712245672746955,0.3712245672746955,0.2586973417279378,0.2658061110319035,0.3762275215856612,0.2658061110319035,0.48338288187137984,0.5
poisson,pino,clustered_50pct,line_sensors_50pct,False,200,0.3654324421859821,0.3654324421859821,0.2562422777083448,0.26025256684197784,0.3697239876172869,0.26025256684197784,0.48992952270106144,0.505615234375
poisson,pino,clustered_50pct,random_50pct,False,200,0.38429442028470023,0.38429442028470023,0.27145018541897037,0.27201580096016864,0.3844721946013759,0.27201580096016864,0.49893616018591624,0.5
poisson,pino,clustered_50pct,random_65pct,False,200,0.24247466195862985,0.24247466195862985,0.1953260229128393,0.14366555566095635,0.24265743038328538,0.14366555566095635,0.6489249778243507,0.6500244140625
poisson,pino,clustered_50pct,random_80pct,False,200,0.11261556498342888,0.1126155649834289,0.10066154864762066,0.05048814848432906,0.11279127988055482,0.05048814848432906,0.7990084790408664,0.79998779296875
poisson,pino,clustered_50pct,vertical_lines_50pct,False,200,0.37680615662600714,0.37680615662600714,0.2624036351998535,0.27003312797012113,0.3820376121325675,0.27003312797012113,0.48271882696990115,0.5
poisson,pino,horizontal_lines_50pct,block_observed_50pct,False,200,1.7300525342581745,1.730052534258174,0.5963845115601396,1.5759905831293977,1.8214386433015528,1.5759905831293977,0.1108050819222637,0.505615234375
poisson,pino,horizontal_lines_50pct,boundary_band_50pct,False,200,2.2513873756938367,2.2513873756938367,0.42432480500854863,2.2078479679046707,2.4292222231228027,2.2078479679046707,0.03224818440532419,0.505615234375
poisson,pino,horizontal_lines_50pct,clustered_50pct,False,200,1.0519976917521345,1.0519976917521345,0.6958346731921863,0.7568506915340908,1.1889556871530922,0.7568506915340908,0.486873809643496,0.5
poisson,pino,horizontal_lines_50pct,horizontal_lines_50pct,True,200,0.014242748572267183,0.014242748572267181,0.009829914820527528,0.0102880244424275,0.014614821881036568,0.0102880244424275,0.46398293393249274,0.5
poisson,pino,horizontal_lines_50pct,line_sensors_50pct,False,200,0.16416677332217883,0.16416677332217888,0.11465899836108683,0.11697155245215639,0.1662470239679644,0.11697155245215639,0.4852727898538361,0.505615234375
poisson,pino,horizontal_lines_50pct,random_50pct,False,200,0.13508049040894277,0.13508049040894277,0.0953902709786905,0.09563428147121808,0.1351693809858865,0.09563428147121808,0.4994805922698844,0.5
poisson,pino,horizontal_lines_50pct,random_65pct,False,200,0.296371434688764,0.29637143468876403,0.23959336833131645,0.17443517986912183,0.2946666084391962,0.17443517986912183,0.6535644860327737,0.6500244140625
poisson,pino,horizontal_lines_50pct,random_80pct,False,200,0.5206363595623776,0.5206363595623776,0.4660124805834027,0.23213288419633732,0.5184958887740799,0.23213288419633732,0.8011990943458378,0.79998779296875
poisson,pino,horizontal_lines_50pct,vertical_lines_50pct,False,200,0.22631473072758182,0.22631473072758182,0.15443139687880228,0.16434456097195682,0.23291510499373594,0.16434456097195682,0.4628252384250249,0.5
poisson,pino,line_sensors_50pct,block_observed_50pct,False,200,0.7731991175363134,0.7731991175363134,0.19301993912345644,0.7435051491163739,0.8463390216482419,0.7435051491163739,0.06783599194009811,0.505615234375
poisson,pino,line_sensors_50pct,boundary_band_50pct,False,200,0.8437712589043664,0.8437712589043664,0.16374104182383292,0.823880169654424,0.8945206672445549,0.823880169654424,0.042608110336867504,0.505615234375
poisson,pino,line_sensors_50pct,clustered_50pct,False,200,0.5206489210954824,0.5206489210954824,0.2802250856659872,0.42143003424971676,0.6532260582812188,0.42143003424971676,0.30750834353615525,0.5
poisson,pino,line_sensors_50pct,horizontal_lines_50pct,False,200,0.04011911966668449,0.04011911966668449,0.027200943374439634,0.02940855248217473,0.041698256937042925,0.02940855248217473,0.4462088205182225,0.5
poisson,pino,line_sensors_50pct,line_sensors_50pct,True,200,0.034279408554645646,0.034279408554645646,0.023695155612884683,0.02471741950594868,0.03513000944935587,0.024717419505948683,0.47102958560806435,0.505615234375
poisson,pino,line_sensors_50pct,random_50pct,False,200,0.0548631658063847,0.054863165806384694,0.03853991414835744,0.03904529074275115,0.05517962305404588,0.03904529074275115,0.49355987573350996,0.5
poisson,pino,line_sensors_50pct,random_65pct,False,200,0.2354947261443437,0.2354947261443437,0.19001734051561542,0.13910273359076525,0.23498043538773256,0.13910273359076525,0.6510794255824595,0.6500244140625
poisson,pino,line_sensors_50pct,random_80pct,False,200,0.4856738391921849,0.4856738391921849,0.43436553995796523,0.2172515576298618,0.4851854373569467,0.2172515576298618,0.7998429053550878,0.79998779296875
poisson,pino,line_sensors_50pct,vertical_lines_50pct,False,200,0.04094845268949301,0.040948452689492994,0.027914933159863205,0.029882959365684254,0.042250948082947784,0.029882959365684254,0.44655390742616746,0.5
poisson,pino,random_50pct,block_observed_50pct,False,200,0.9520503389748428,0.9520503389748428,0.2397598047179856,0.9149898445321335,1.0433487238527157,0.9149898445321335,0.06813236162719373,0.505615234375
poisson,pino,random_50pct,boundary_band_50pct,False,200,1.05173458299156,1.0517345829915599,0.21421803645913393,1.0266607023182803,1.1147279188287615,1.0266607023182803,0.04425046254479529,0.505615234375
poisson,pino,random_50pct,clustered_50pct,False,200,0.6576116429397971,0.657611642939797,0.4312613946664672,0.4640747926222174,0.7214390061034496,0.4640747926222174,0.4644410628924465,0.5
poisson,pino,random_50pct,horizontal_lines_50pct,False,200,0.15928872604184316,0.15928872604184316,0.1131939948971248,0.11149433185986934,0.15918595906387015,0.11149433185986934,0.4975483983024396,0.5
poisson,pino,random_50pct,line_sensors_50pct,False,200,0.13667950738588877,0.13667950738588877,0.09834368042308338,0.0945325150809428,0.1348869334487907,0.0945325150809428,0.5204233731093234,0.505615234375
poisson,pino,random_50pct,random_50pct,True,200,0.03830299201737303,0.03830299201737303,0.027017903724672977,0.027148647411716006,0.03836933676710347,0.027148647411716006,0.49739423703248525,0.5
poisson,pino,random_50pct,random_65pct,False,200,0.27753168483306695,0.27753168483306695,0.2238842358958815,0.16400465221542496,0.2770789125738869,0.16400465221542496,0.650880325804342,0.6500244140625
poisson,pino,random_50pct,random_80pct,False,200,0.5518495238384981,0.5518495238384981,0.4935320545799089,0.24688938514387945,0.5514199601844867,0.24688938514387945,0.7998242808102717,0.79998779296875
poisson,pino,random_50pct,vertical_lines_50pct,False,200,0.1487980808345851,0.14879808083458507,0.10585970773279564,0.10404712288961368,0.1480091049776352,0.10404712288961368,0.5034683994222323,0.5
poisson,pino,random_65pct,block_observed_50pct,False,200,0.8953214465911907,0.8953214465911907,0.20438651774381394,0.8685103477511552,0.9906620387847344,0.8685103477511552,0.05516044957628306,0.505615234375
poisson,pino,random_65pct,boundary_band_50pct,False,200,1.018117505989724,1.018117505989724,0.22128953610856622,0.9910843323957387,1.0765973612975863,0.9910843323957387,0.05035002120600043,0.505615234375
poisson,pino,random_65pct,clustered_50pct,False,200,0.569196428392697,0.569196428392697,0.28309497098529013,0.4807354446141764,0.7425921527608176,0.4807354446141764,0.25835540098670895,0.5
poisson,pino,random_65pct,horizontal_lines_50pct,False,200,0.23672656380121104,0.23672656380121104,0.15802703389856704,0.17594382301989445,0.2485198795318217,0.17594382301989445,0.438856333811699,0.5
poisson,pino,random_65pct,line_sensors_50pct,False,200,0.23098114923333943,0.23098114923333943,0.15610472884410678,0.17005498862504578,0.2408360475027202,0.17005498862504578,0.4524901834067291,0.505615234375
poisson,pino,random_65pct,random_50pct,False,200,0.2367602798335518,0.2367602798335518,0.1670048233129546,0.16781927632155547,0.237169991862785,0.16781927632155547,0.4974267815389365,0.5
poisson,pino,random_65pct,random_65pct,True,200,0.0301359020316265,0.0301359020316265,0.024292485070104605,0.017832029287559014,0.030120826669157826,0.017832029287559014,0.6501233318167172,0.6500244140625
poisson,pino,random_65pct,random_80pct,False,200,0.23901074346466536,0.23901074346466536,0.21382251792731338,0.10679088640614459,0.23856397049570202,0.10679088640614459,0.8004069795003125,0.79998779296875
poisson,pino,random_65pct,vertical_lines_50pct,False,200,0.2381033441109097,0.2381033441109097,0.158464503973868,0.177398363460602,0.2503066575801486,0.177398363460602,0.43656360985689524,0.5
poisson,pino,random_80pct,block_observed_50pct,False,200,0.9703879703908931,0.9703879703908931,0.21925001844643457,0.9411485014036438,1.080104965835008,0.9411485014036438,0.05101922504229612,0.505615234375
poisson,pino,random_80pct,boundary_band_50pct,False,200,1.0097886371710572,1.0097886371710572,0.21570745674910832,0.9829569321113033,1.0694445131620511,0.9829569321113033,0.04628983316784705,0.505615234375
poisson,pino,random_80pct,clustered_50pct,False,200,0.7111673509196792,0.7111673509196792,0.3417095409924162,0.612882581729399,0.9612167356686929,0.612882581729399,0.2505514185310337,0.5
poisson,pino,random_80pct,horizontal_lines_50pct,False,200,0.37732874520114157,0.37732874520114157,0.25883543202206555,0.2740493187437109,0.38821690165615474,0.2740493187437109,0.4675634227977958,0.5
poisson,pino,random_80pct,line_sensors_50pct,False,200,0.3731197211383038,0.3731197211383038,0.2583059157804518,0.2688700821790585,0.38207353426896445,0.2688700821790585,0.4768295083668789,0.505615234375
poisson,pino,random_80pct,random_50pct,False,200,0.35714520400864636,0.3571452040086464,0.2521220268098325,0.2529497210012139,0.35751573685545646,0.2529497210012139,0.49830421959805987,0.5
poisson,pino,random_80pct,random_65pct,False,200,0.17570453838309974,0.17570453838309974,0.14143168555529487,0.10425088878981172,0.1760684755672105,0.10425088878981172,0.6478403536820132,0.6500244140625
poisson,pino,random_80pct,random_80pct,True,200,0.014920224068657712,0.014920224068657712,0.013345730319917854,0.0066703536734752135,0.014901398884717181,0.0066703536734752135,0.8004953923405821,0.79998779296875
poisson,pino,random_80pct,vertical_lines_50pct,False,200,0.3801461207523893,0.3801461207523893,0.26085221628812877,0.27605048536156895,0.390675767931209,0.27605048536156895,0.4674986626853263,0.5
poisson,pino,vertical_lines_50pct,block_observed_50pct,False,200,1.6816861201697408,1.6816861201697413,0.48616527684871874,1.5922333632148307,1.8338461007547957,1.5922333632148307,0.08269671839230701,0.505615234375
poisson,pino,vertical_lines_50pct,boundary_band_50pct,False,200,2.0165080004608056,2.016508000460805,0.4169711239747883,1.968815473827272,2.158875374936629,1.968815473827272,0.040425657176960714,0.505615234375
poisson,pino,vertical_lines_50pct,clustered_50pct,False,200,1.307654434579158,1.307654434579158,0.8329333395066973,0.9589010133669116,1.523896445241865,0.9589010133669116,0.4496098917470958,0.5
poisson,pino,vertical_lines_50pct,horizontal_lines_50pct,False,200,0.24669421239892855,0.24669421239892855,0.16426622572502084,0.182760156757637,0.25957769471399195,0.182760156757637,0.430284599911239,0.5
poisson,pino,vertical_lines_50pct,line_sensors_50pct,False,200,0.16157945116952077,0.16157945116952077,0.11115896923509139,0.11670220794047964,0.1660414698477139,0.11670220794047964,0.4695799373947921,0.505615234375
poisson,pino,vertical_lines_50pct,random_50pct,False,200,0.14351357455437175,0.14351357455437175,0.10139533221707371,0.10155215010369142,0.14353962912004498,0.10155215010369144,0.5006630013283712,0.5
poisson,pino,vertical_lines_50pct,random_65pct,False,200,0.29212490822835163,0.29212490822835163,0.23622017435072318,0.17185208008872,0.29034583088091204,0.17185208008872,0.6539058154092288,0.6500244140625
poisson,pino,vertical_lines_50pct,random_80pct,False,200,0.5187935098929605,0.5187935098929605,0.46432290638063334,0.2313909760493858,0.5167899204895015,0.2313909760493858,0.8010147457436749,0.79998779296875
poisson,pino,vertical_lines_50pct,vertical_lines_50pct,True,200,0.01739408701349395,0.01739408701349395,0.012098020272196908,0.01247899935380721,0.017703669608083422,0.01247899935380721,0.47720327329242523,0.5
poisson,transolver,block_observed_50pct,block_observed_50pct,True,200,0.1526293047592149,0.1526293047592149,0.011041236754488948,0.15201702455407498,0.17822905151753907,0.15201702455407498,0.005180505264941667,0.505615234375
poisson,transolver,block_observed_50pct,boundary_band_50pct,False,200,0.10065886660571388,0.10065886660571387,0.008334900200748159,0.10020290923901858,0.1106602878052818,0.10020290923901858,0.0060766090832175094,0.505615234375
poisson,transolver,block_observed_50pct,clustered_50pct,False,200,0.9303604374682785,0.9303604374682785,0.1336541689896275,0.9140450061609718,1.6000062023379371,0.9140450061609718,0.02615188433308497,0.5
poisson,transolver,block_observed_50pct,horizontal_lines_50pct,False,200,1.0448927572264473,1.0448927572264475,0.3277912837866284,0.9783571688951824,1.3897798208647218,0.9783571688951824,0.10285265431945784,0.5
poisson,transolver,block_observed_50pct,line_sensors_50pct,False,200,0.9947558379114502,0.9947558379114503,0.2790706912801447,0.9448157084158849,1.3499616876939833,0.9448157084158849,0.07951276651090179,0.505615234375
poisson,transolver,block_observed_50pct,random_50pct,False,200,1.248080832598535,1.2480808325985353,0.3686692912900639,1.1770788055709311,1.6639199550188204,1.1770788055709311,0.07962658107026586,0.5
poisson,transolver,block_observed_50pct,random_65pct,False,200,1.3206060617635285,1.3206060617635285,0.4572094487680323,1.2142206631003811,2.051437267802997,1.2142206631003811,0.10787787702524902,0.6500244140625
poisson,transolver,block_observed_50pct,random_80pct,False,200,1.3520208796655502,1.3520208796655502,0.6089953267961288,1.1740523367117752,2.6226553876339493,1.1740523367117752,0.18645657436789514,0.79998779296875
poisson,transolver,block_observed_50pct,vertical_lines_50pct,False,200,0.990011565972858,0.990011565972858,0.2389118037437635,0.9543266292772009,1.3581490138649044,0.9543266292772009,0.059150527818406594,0.5
poisson,transolver,boundary_band_50pct,block_observed_50pct,False,200,0.9818417206576621,0.9818417206576621,0.08126585358010928,0.9761734597319095,1.1610337276608973,0.9761734597319095,0.00856209690472018,0.505615234375
poisson,transolver,boundary_band_50pct,boundary_band_50pct,True,200,0.04326924350887488,0.04326924350887488,0.0036528822377176417,0.043061473709727745,0.04750040083055405,0.04306147370972774,0.00565540367960452,0.505615234375
poisson,transolver,boundary_band_50pct,clustered_50pct,False,200,1.6543943636088967,1.6543943636088967,0.36128020937582933,1.587267695078294,2.603749058676635,1.587267695078294,0.05088003031886121,0.5
poisson,transolver,boundary_band_50pct,horizontal_lines_50pct,False,200,1.1166281481904476,1.1166281481904476,0.4251955263057537,1.0081178053795201,1.4342917301448335,1.0081178053795201,0.1358078216512928,0.5
poisson,transolver,boundary_band_50pct,line_sensors_50pct,False,200,1.0859809564787661,1.0859809564787661,0.46241633196622617,0.9584008528935566,1.3690124949289535,0.9584008528935566,0.18487808466392844,0.505615234375
poisson,transolver,boundary_band_50pct,random_50pct,False,200,1.4848694886841867,1.4848694886841869,0.5580944592623678,1.343221085418534,1.8980803214086217,1.343221085418534,0.1391284850692761,0.5
poisson,transolver,boundary_band_50pct,random_65pct,False,200,1.7005218930915424,1.7005218930915422,0.825130363447012,1.4376060688706338,2.4273328540232866,1.4376060688706338,0.21612557260786391,0.6500244140625
poisson,transolver,boundary_band_50pct,random_80pct,False,200,1.7229199331584253,1.7229199331584255,1.142807176210932,1.2410717811424992,2.7717052911601097,1.2410717811424992,0.4175697889229857,0.79998779296875
poisson,transolver,boundary_band_50pct,vertical_lines_50pct,False,200,1.139219701404572,1.139219701404572,0.41480389725506617,1.0384843791219118,1.474048372047401,1.0384843791219118,0.12886631554532038,0.5
poisson,transolver,clustered_50pct,block_observed_50pct,False,200,0.6883733210774543,0.6883733210774543,0.007279678032966947,0.6883191333248416,0.7829756861927933,0.6883191333248416,0.00012239599285877149,0.505615234375
poisson,transolver,clustered_50pct,boundary_band_50pct,False,200,0.6792000512843773,0.6792000512843773,0.007135406627139778,0.6791503551259015,0.7352743696377363,0.6791503551259015,0.0001224758023441434,0.505615234375
poisson,transolver,clustered_50pct,clustered_50pct,True,200,0.06512273214628625,0.06512273214628625,0.003423623815519032,0.0649971076825521,0.10483650786844084,0.0649971076825521,0.002210823691282903,0.5
poisson,transolver,clustered_50pct,horizontal_lines_50pct,False,200,0.12905849183035487,0.12905849183035487,0.015891369870408786,0.1277549999351467,0.18056474252100038,0.1277549999351467,0.01932761331368143,0.5
poisson,transolver,clustered_50pct,line_sensors_50pct,False,200,0.07610457788634674,0.07610457788634674,0.010897768185255105,0.07518761474677288,0.10691275573276993,0.07518761474677288,0.021812485121422816,0.505615234375
poisson,transolver,clustered_50pct,random_50pct,False,200,0.07468740338422404,0.07468740338422403,0.02366575009118228,0.0696079377336668,0.09836839902417953,0.0696079377336668,0.11076141391934069,0.5
poisson,transolver,clustered_50pct,random_65pct,False,200,0.07837936211377237,0.07837936211377237,0.05473779753128203,0.05209247864974723,0.08800974483952129,0.05209247864974723,0.5201235892712683,0.6500244140625
poisson,transolver,clustered_50pct,random_80pct,False,200,0.1142129100037898,0.11421291000378982,0.09784538101554154,0.05288490898254205,0.11818543499972535,0.05288490898254205,0.7751618573305143,0.79998779296875
poisson,transolver,clustered_50pct,vertical_lines_50pct,False,200,0.12497565310011703,0.12497565310011705,0.013876922289754668,0.12402508793377884,0.17574816851182487,0.12402508793377884,0.013121176887199533,0.5
poisson,transolver,horizontal_lines_50pct,block_observed_50pct,False,200,0.9980962440536928,0.9980962440536928,0.033724434516959584,0.9966700844503427,1.1559512038881772,0.9966700844503427,0.002180402353793796,0.505615234375
poisson,transolver,horizontal_lines_50pct,boundary_band_50pct,False,200,1.0218552381214105,1.0218552381214108,0.03178693572644524,1.0207594390140953,1.1158356152995408,1.0207594390140953,0.0018956779393866899,0.505615234375
poisson,transolver,horizontal_lines_50pct,clustered_50pct,False,200,0.6229970243207749,0.6229970243207749,0.08170585407431297,0.6151919147002172,0.9662983880956578,0.6151919147002172,0.024885383003588838,0.5
poisson,transolver,horizontal_lines_50pct,horizontal_lines_50pct,True,200,0.004921160990601485,0.004921160990601485,0.0009063099933610878,0.004770177095963588,0.006812808068855278,0.004770177095963588,0.03561110073168164,0.5
poisson,transolver,horizontal_lines_50pct,line_sensors_50pct,False,200,0.3187705242443454,0.3187705242443454,0.0823301574754828,0.3060901903955411,0.4355315062152409,0.30609019039554103,0.0825832052165212,0.505615234375
poisson,transolver,horizontal_lines_50pct,random_50pct,False,200,1.7372722168962023,1.737272216896202,0.5994079520509671,1.6156602681127055,2.283460951129544,1.6156602681127055,0.12573018986107967,0.5
poisson,transolver,horizontal_lines_50pct,random_65pct,False,200,1.878375363717618,1.878375363717618,0.7235221676975153,1.722969535455922,2.9103752174282573,1.722969535455922,0.14489189940195382,0.6500244140625
poisson,transolver,horizontal_lines_50pct,random_80pct,False,200,1.4375861950099085,1.4375861950099085,0.64612349754052,1.2753904675754903,2.849641731879676,1.2753904675754903,0.1942922719733484,0.79998779296875
poisson,transolver,horizontal_lines_50pct,vertical_lines_50pct,False,200,0.7287640102821197,0.7287640102821197,0.20253106971341603,0.6891937420795874,0.978311078549187,0.6891937420795874,0.10046907383584748,0.5
poisson,transolver,line_sensors_50pct,block_observed_50pct,False,200,0.8014985379934835,0.8014985379934834,0.030341722989341537,0.8007286455440108,0.92230029093934,0.8007286455440108,0.0018836131678866641,0.505615234375
poisson,transolver,line_sensors_50pct,boundary_band_50pct,False,200,0.8252973533013298,0.8252973533013298,0.026814172418686232,0.8247588222700324,0.8992076089127659,0.8247588222700324,0.0012471325193953839,0.505615234375
poisson,transolver,line_sensors_50pct,clustered_50pct,False,200,0.5523241455067381,0.5523241455067381,0.06038063350570586,0.5477451486015044,0.9033990508582764,0.5477451486015044,0.012102211410005215,0.5
poisson,transolver,line_sensors_50pct,horizontal_lines_50pct,False,200,0.04699329727905337,0.04699329727905337,0.019141157045960384,0.04232846725174982,0.0601956915795037,0.04232846725174982,0.16717153786003447,0.5
poisson,transolver,line_sensors_50pct,line_sensors_50pct,True,200,0.049425755145604953,0.049425755145604953,0.023528388546160604,0.042858969359923754,0.060996292963672,0.042858969359923754,0.26246888074438907,0.505615234375
poisson,transolver,line_sensors_50pct,random_50pct,False,200,0.150174253112671,0.150174253112671,0.05570037796775943,0.13759986821631615,0.1944605524742048,0.13759986821631615,0.17702284185209308,0.5
poisson,transolver,line_sensors_50pct,random_65pct,False,200,0.16981093870153363,0.16981093870153363,0.05858295793206196,0.15789443439220524,0.2666916317202178,0.15789443439220524,0.13641415329244172,0.6500244140625
poisson,transolver,line_sensors_50pct,random_80pct,False,200,0.2078573683243445,0.2078573683243445,0.1448773750248087,0.14048376989586378,0.3138178266149638,0.14048376989586378,0.5160181368362392,0.79998779296875
poisson,transolver,line_sensors_50pct,vertical_lines_50pct,False,200,0.05492163300091791,0.0549216330009179,0.02279328340835071,0.049202213570200035,0.06992945061016773,0.049202213570200035,0.19498010854064157,0.5
poisson,transolver,random_50pct,block_observed_50pct,False,200,1.9763683968184038,1.9763683968184038,0.14469385546538924,1.9690566177580973,2.288897904443125,1.9690566177580973,0.005153062565337285,0.505615234375
poisson,transolver,random_50pct,boundary_band_50pct,False,200,2.1749947832409986,2.1749947832409986,0.11630240372996101,2.1716085519150443,2.3914525524747745,2.1716085519150443,0.0024767020861310354,0.505615234375
poisson,transolver,random_50pct,clustered_50pct,False,200,0.6615604836524653,0.6615604836524653,0.11648214418208128,0.647283073959275,1.0625431645034618,0.647283073959275,0.040049172558944975,0.5
poisson,transolver,random_50pct,horizontal_lines_50pct,False,200,0.292518620820097,0.292518620820097,0.03239389053275187,0.29007886637165486,0.4117885485455863,0.29007886637165486,0.015592906829042552,0.5
poisson,transolver,random_50pct,line_sensors_50pct,False,200,0.28670162177181213,0.28670162177181213,0.03193235826341125,0.28420875551902636,0.4045171147172561,0.28420875551902636,0.018209957463026148,0.505615234375
poisson,transolver,random_50pct,random_50pct,True,200,0.0010705922508548872,0.001070592250854887,0.0003598322927415115,0.001003556316843843,0.00141853338420203,0.001003556316843843,0.12551517060537026,0.5
poisson,transolver,random_50pct,random_65pct,False,200,0.08247436729336856,0.08247436729336854,0.0488554724334376,0.06510113441555103,0.10995719842540802,0.06510113441555103,0.33601295674207327,0.6500244140625
poisson,transolver,random_50pct,random_80pct,False,200,0.3065438382229685,0.3065438382229685,0.20743246797019027,0.21968201492296544,0.49094079592345424,0.21968201492296544,0.45779578535851373,0.79998779296875
poisson,transolver,random_50pct,vertical_lines_50pct,False,200,0.35926199331451064,0.3592619933145106,0.06794664809235135,0.3505066336117278,0.49759450078601647,0.3505066336117278,0.049912374711197645,0.5
poisson,transolver,random_65pct,block_observed_50pct,False,200,2.552839929555098,2.5528399295550983,0.08295451550421283,2.549750643189503,2.9819094544979006,2.549750643189503,0.0017715143554004114,0.505615234375
poisson,transolver,random_65pct,boundary_band_50pct,False,200,2.601628607809241,2.601628607809241,0.04704771138308343,2.601129904815801,2.865931322680316,2.601129904815801,0.00029965954161416695,0.505615234375
poisson,transolver,random_65pct,clustered_50pct,False,200,1.4941366264963298,1.4941366264963298,0.5203765275393257,1.3744814089336537,2.188289649720401,1.3744814089336537,0.14819162396384464,0.5
poisson,transolver,random_65pct,horizontal_lines_50pct,False,200,0.5804166426873573,0.5804166426873574,0.10856455601663863,0.5627639187476009,0.7993619340859369,0.5627639187476009,0.055842148910783526,0.5
poisson,transolver,random_65pct,line_sensors_50pct,False,200,0.5707886176578407,0.5707886176578407,0.0631662377317935,0.5660841283736793,0.8070267666103824,0.5660841283736792,0.01577774606808727,0.505615234375
poisson,transolver,random_65pct,random_50pct,False,200,0.058072178791358536,0.058072178791358536,0.02111810719640272,0.05393888610633713,0.076230805785749,0.05393888610633713,0.13996946932655793,0.5
poisson,transolver,random_65pct,random_65pct,True,200,0.0012590083047963924,0.0012590083047963924,0.0003807002998487593,0.001193978083733243,0.002016725611522467,0.001193978083733243,0.09849711430392233,0.6500244140625
poisson,transolver,random_65pct,random_80pct,False,200,0.07133614147208987,0.07133614147208987,0.05967779340315477,0.03849309747587094,0.08597441686072084,0.03849309747587094,0.69788147410615,0.79998779296875
poisson,transolver,random_65pct,vertical_lines_50pct,False,200,0.6054497443534931,0.6054497443534931,0.1000953269383527,0.5926950419349529,0.8418928274687433,0.5926950419349529,0.044534292598387405,0.5
poisson,transolver,random_80pct,block_observed_50pct,False,200,1.0210242829875573,1.0210242829875575,0.1663240855244533,0.9990099814332345,1.1473409253993323,0.9990099814332345,0.037621379422490775,0.505615234375
poisson,transolver,random_80pct,boundary_band_50pct,False,200,1.0247916420405692,1.0247916420405694,0.12640647927547558,1.0157623936695188,1.1054410780588935,1.0157623936695188,0.016315162240189973,0.505615234375
poisson,transolver,random_80pct,clustered_50pct,False,200,0.5836303289819774,0.5836303289819774,0.18363320956343251,0.5468064301222916,0.8584580825500171,0.5468064301222916,0.10653257997648052,0.5
poisson,transolver,random_80pct,horizontal_lines_50pct,False,200,0.9690523566278355,0.9690523566278355,0.6087841090448142,0.747396318839728,1.0610936002894535,0.747396318839728,0.3922428622015044,0.5
poisson,transolver,random_80pct,line_sensors_50pct,False,200,0.5736148794282578,0.5736148794282578,0.2986576391748104,0.4817581450498411,0.6850028166143661,0.4817581450498411,0.27218978668414184,0.505615234375
poisson,transolver,random_80pct,random_50pct,False,200,0.5710565755300376,0.5710565755300376,0.38750498342711653,0.4185060352476374,0.5915039503725014,0.4185060352476374,0.453033581833948,0.5
poisson,transolver,random_80pct,random_65pct,False,200,0.0829856098116884,0.0829856098116884,0.06283686646389114,0.05389454457792587,0.09102566456858292,0.05389454457792587,0.5724086380302564,0.6500244140625
poisson,transolver,random_80pct,random_80pct,True,200,0.0005839734805643648,0.0005839734805643648,0.000363983563364524,0.0004298648342373056,0.0009614283826148841,0.0004298648342373057,0.11545714832896914,0.79998779296875
poisson,transolver,random_80pct,vertical_lines_50pct,False,200,0.4563542406445783,0.45635424064457825,0.1785875582256194,0.4160367604587529,0.5896787215420387,0.4160367604587529,0.157918795913745,0.5
poisson,transolver,vertical_lines_50pct,block_observed_50pct,False,200,1.0480353983903725,1.0480353983903725,0.07566047054034185,1.0446033752648036,1.210927492817964,1.0446033752648036,0.005981985535148654,0.505615234375
poisson,transolver,vertical_lines_50pct,boundary_band_50pct,False,200,1.08538977266111,1.0853897726611101,0.061841172181415924,1.0832264253828432,1.1857967964903646,1.0832264253828432,0.003949734958382753,0.505615234375
poisson,transolver,vertical_lines_50pct,clustered_50pct,False,200,0.8283676044118212,0.8283676044118212,0.12002310058893027,0.81746684706078,1.3097870905886007,0.81746684706078,0.02649343282353852,0.5
poisson,transolver,vertical_lines_50pct,horizontal_lines_50pct,False,200,0.652013844967028,0.6520138449670282,0.06447385373892706,0.6479434546820076,0.9198041041081194,0.6479434546820076,0.012768438516763599,0.5
poisson,transolver,vertical_lines_50pct,line_sensors_50pct,False,200,0.34321492807186466,0.3432149280718646,0.04484700973247582,0.3397873798851104,0.48371210037636053,0.3397873798851104,0.019576244348098112,0.505615234375
poisson,transolver,vertical_lines_50pct,random_50pct,False,200,0.4956260680874988,0.49562606808749876,0.049753712681049465,0.49273989191230827,0.6964732500442274,0.49273989191230827,0.010556161422704725,0.5
poisson,transolver,vertical_lines_50pct,random_65pct,False,200,0.40256742138919605,0.402567421389196,0.06178092559690396,0.39650922083026285,0.6697574632209067,0.39650922083026285,0.02556525878544984,0.6500244140625
poisson,transolver,vertical_lines_50pct,random_80pct,False,200,0.3512116418594273,0.3512116418594273,0.10079778940370429,0.3329554822575944,0.7436718597301879,0.3329554822575944,0.08933793033806488,0.79998779296875
poisson,transolver,vertical_lines_50pct,vertical_lines_50pct,True,200,0.06337649042220467,0.06337649042220467,0.02507909069232493,0.056847678485355886,0.08052148647829498,0.056847678485355886,0.1495613562717124,0.5
poisson,ufno_2d,block_observed_50pct,block_observed_50pct,True,200,0.06780625318973413,0.06780625318973411,0.02151412313403422,0.06354038223042305,0.075338087181936,0.06354038223042305,0.07814126212504206,0.505615234375
poisson,ufno_2d,block_observed_50pct,boundary_band_50pct,False,200,0.04741449619583307,0.047414496195833086,0.018793063659746777,0.043183275448814396,0.04745386228465924,0.043183275448814396,0.14607912436298676,0.505615234375
poisson,ufno_2d,block_observed_50pct,clustered_50pct,False,200,0.3576182073809353,0.3576182073809353,0.11224492320457256,0.33509483004396784,0.5263108163757989,0.33509483004396784,0.0846554991596326,0.5
poisson,ufno_2d,block_observed_50pct,horizontal_lines_50pct,False,200,0.33098295391501,0.33098295391501,0.21990336497470026,0.2466326960170847,0.34967932946429586,0.2466326960170847,0.4402741477361063,0.5
poisson,ufno_2d,block_observed_50pct,line_sensors_50pct,False,200,0.3185759514366191,0.3185759514366191,0.21863365810403804,0.2313764857599906,0.3296026711538314,0.2313764857599906,0.4700100115144572,0.505615234375
poisson,ufno_2d,block_observed_50pct,random_50pct,False,200,0.30747972847702215,0.30747972847702215,0.21530460402054355,0.21949973373220819,0.31023356214857606,0.21949973373220819,0.48995252083615953,0.5
poisson,ufno_2d,block_observed_50pct,random_65pct,False,200,0.251841790799348,0.251841790799348,0.20098646740024828,0.15173255524465032,0.2562914107093168,0.15173255524465032,0.6373856058496408,0.6500244140625
poisson,ufno_2d,block_observed_50pct,random_80pct,False,200,0.3398154016480179,0.3398154016480179,0.30331530728660827,0.15318816867533555,0.3423394531840631,0.15318816867533555,0.7985245116706408,0.79998779296875
poisson,ufno_2d,block_observed_50pct,vertical_lines_50pct,False,200,0.3437096196192572,0.3437096196192572,0.23144792786047286,0.25363434837934096,0.35978542101360866,0.25363434837934096,0.4545517661336348,0.5
poisson,ufno_2d,boundary_band_50pct,block_observed_50pct,False,200,1.0095193183764473,1.0095193183764473,0.36356164918475486,0.9270141046851366,1.0672271706941145,0.9270141046851366,0.14137161609746401,0.505615234375
poisson,ufno_2d,boundary_band_50pct,boundary_band_50pct,True,200,0.0441637455958157,0.0441637455958157,0.016259490677720867,0.04053451748613626,0.04469878877668965,0.04053451748613626,0.1112369712967963,0.505615234375
poisson,ufno_2d,boundary_band_50pct,clustered_50pct,False,200,1.1908132147754795,1.1908132147754795,0.7928813138423527,0.8561897023459016,1.4331320273076875,0.8561897023459015,0.5167841748703148,0.5
poisson,ufno_2d,boundary_band_50pct,horizontal_lines_50pct,False,200,4.105933735394015,4.105933735394015,2.8560792420998053,2.9458305491882766,4.179264351918352,2.9458305491882766,0.4878392646169771,0.5
poisson,ufno_2d,boundary_band_50pct,line_sensors_50pct,False,200,3.825222290373274,3.825222290373274,2.681698424022023,2.724686054089036,3.8838805330478454,2.724686054089036,0.4961345997563006,0.505615234375
poisson,ufno_2d,boundary_band_50pct,random_50pct,False,200,2.568748972306572,2.568748972306572,1.8112310239380676,1.8214624696197705,2.5741337108739386,1.8214624696197705,0.49770935396629623,0.5
poisson,ufno_2d,boundary_band_50pct,random_65pct,False,200,2.4303807648128983,2.430380764812898,1.955194576001275,1.443537375000589,2.4372346233200313,1.443537375000589,0.6479468445617306,0.6500244140625
poisson,ufno_2d,boundary_band_50pct,random_80pct,False,200,1.9696925698479537,1.9696925698479537,1.7599270989464395,0.8844393241596581,1.9721189769688312,0.8844393241596581,0.7988646132230822,0.79998779296875
poisson,ufno_2d,boundary_band_50pct,vertical_lines_50pct,False,200,4.0560623865690255,4.0560623865690255,2.8293004946601434,2.9023472654632405,4.118745699397134,2.9023472654632405,0.4901853720923974,0.5
poisson,ufno_2d,clustered_50pct,block_observed_50pct,False,200,0.38287886999044696,0.382878869990447,0.037634132212468745,0.3806532957928128,0.43392103490321715,0.3806532957928128,0.009377278679731576,0.505615234375
poisson,ufno_2d,clustered_50pct,boundary_band_50pct,False,200,0.3878640280887924,0.38786402808879233,0.036747356893721723,0.3855800843216057,0.41654073387396645,0.3855800843216057,0.008559590046770054,0.505615234375
poisson,ufno_2d,clustered_50pct,clustered_50pct,True,200,0.05313101158955705,0.05313101158955705,0.01661816420140662,0.049593035013805034,0.07886055819893469,0.049593035013805034,0.0739579057654059,0.5
poisson,ufno_2d,clustered_50pct,horizontal_lines_50pct,False,200,0.06685123420676736,0.06685123420676736,0.04566163149862432,0.04871021705316898,0.06912427235850266,0.04871021705316898,0.46822308436060556,0.5
poisson,ufno_2d,clustered_50pct,line_sensors_50pct,False,200,0.053117215843737416,0.05311721584373743,0.03684457898458346,0.0381822851536116,0.054384340119381175,0.0381822851536116,0.4828950980643751,0.505615234375
poisson,ufno_2d,clustered_50pct,random_50pct,False,200,0.06175241039816417,0.06175241039816417,0.04344532664019748,0.04387779811035696,0.062018989678850875,0.04387779811035696,0.49477804579028706,0.5
poisson,ufno_2d,clustered_50pct,random_65pct,False,200,0.049373377359643304,0.049373377359643304,0.03967691682863305,0.029379778899801957,0.04963189387159838,0.029379778899801957,0.645926738770077,0.6500244140625
poisson,ufno_2d,clustered_50pct,random_80pct,False,200,0.038755754008560225,0.038755754008560225,0.03453972619243988,0.017575086654257662,0.03926909919965897,0.017575086654257662,0.7948956060724766,0.79998779296875
poisson,ufno_2d,clustered_50pct,vertical_lines_50pct,False,200,0.07145400259301957,0.07145400259301957,0.04896539461812774,0.05191826943432355,0.07363745177670583,0.05191826943432355,0.4673907752603641,0.5
poisson,ufno_2d,horizontal_lines_50pct,block_observed_50pct,False,200,0.7334015075024852,0.7334015075024855,0.12091463291203439,0.7206932887802384,0.8233722400338975,0.7206932887802384,0.030102520264737576,0.505615234375
poisson,ufno_2d,horizontal_lines_50pct,boundary_band_50pct,False,200,0.76911134188104,0.7691113418810399,0.10807025057493141,0.7594642676311422,0.8250476343916481,0.7594642676311422,0.023407486752096394,0.505615234375
poisson,ufno_2d,horizontal_lines_50pct,clustered_50pct,False,200,0.48595522543042835,0.4859552254304284,0.22558005255346975,0.41566706869517916,0.6404597078344877,0.41566706869517916,0.2145336582412975,0.5
poisson,ufno_2d,horizontal_lines_50pct,horizontal_lines_50pct,True,200,0.081514092345174,0.081514092345174,0.05821648038851687,0.05701481114880723,0.0809123548234072,0.05701481114880723,0.5136138644489558,0.5
poisson,ufno_2d,horizontal_lines_50pct,line_sensors_50pct,False,200,0.23530293055959567,0.23530293055959567,0.1767749539091001,0.15481259223729477,0.22051441745004008,0.15481259223729477,0.5672396121351027,0.505615234375
poisson,ufno_2d,horizontal_lines_50pct,random_50pct,False,200,0.4995709749942939,0.4995709749942939,0.3506140361473084,0.35585521203571174,0.5029744726014901,0.35585521203571174,0.4931633190995697,0.5
poisson,ufno_2d,horizontal_lines_50pct,random_65pct,False,200,0.4565314839706664,0.4565314839706664,0.3655035391948093,0.2735352428567569,0.46206997819061213,0.2735352428567569,0.6413095839206273,0.6500244140625
poisson,ufno_2d,horizontal_lines_50pct,random_80pct,False,200,0.4179871994749845,0.4179871994749845,0.37170603580338996,0.19115848851920839,0.42705434122157676,0.19115848851920839,0.7907840081326932,0.79998779296875
poisson,ufno_2d,horizontal_lines_50pct,vertical_lines_50pct,False,200,0.5723717892586765,0.5723717892586765,0.39244944260973386,0.4161561773106318,0.5898446447803011,0.4161561773106318,0.471379266128903,0.5
poisson,ufno_2d,line_sensors_50pct,block_observed_50pct,False,200,1.0066453086239155,1.0066453086239155,0.3167740257082941,0.9421227224798548,1.0901602564130768,0.9421227224798548,0.10888007772748624,0.505615234375
poisson,ufno_2d,line_sensors_50pct,boundary_band_50pct,False,200,1.0523271355588448,1.0523271355588448,0.2868990682756174,1.001174790202071,1.095776891114127,1.001174790202071,0.08728639142404454,0.505615234375
poisson,ufno_2d,line_sensors_50pct,clustered_50pct,False,200,0.7749780962931445,0.7749780962931445,0.4399030018087021,0.6084729890611054,0.9582032008208569,0.6084729890611054,0.3347991311481865,0.5
poisson,ufno_2d,line_sensors_50pct,horizontal_lines_50pct,False,200,0.17534800108013207,0.17534800108013207,0.1205153984355048,0.12599896976920005,0.17860771361653704,0.12599896976920005,0.4799395345780046,0.5
poisson,ufno_2d,line_sensors_50pct,line_sensors_50pct,True,200,0.1647116445845925,0.1647116445845925,0.11126398982854997,0.120524273172331,0.17138934080207208,0.120524273172331,0.4567697679109644,0.505615234375
poisson,ufno_2d,line_sensors_50pct,random_50pct,False,200,0.20030147802022874,0.20030147802022874,0.1413402092725176,0.14190486633256194,0.20053091462341768,0.14190486633256194,0.49787562149096265,0.5
poisson,ufno_2d,line_sensors_50pct,random_65pct,False,200,0.26361259761702033,0.26361259761702033,0.21406575312864143,0.15382875386586473,0.25984089180419434,0.15382875386586473,0.6608395721794453,0.6500244140625
poisson,ufno_2d,line_sensors_50pct,random_80pct,False,200,0.4771643114634262,0.4771643114634263,0.4290626470894402,0.20877616346885602,0.4665291149907987,0.20877616346885602,0.8083714095776615,0.79998779296875
poisson,ufno_2d,line_sensors_50pct,vertical_lines_50pct,False,200,0.1679805116250985,0.1679805116250985,0.11312161105602891,0.12283910313714118,0.17432529957600307,0.12283910313714118,0.4572682941433692,0.5
poisson,ufno_2d,random_50pct,block_observed_50pct,False,200,3.2763349135229585,3.276334913522959,1.809499546886123,2.7025185211666045,3.160731058834218,2.7025185211666045,0.30266165736418643,0.505615234375
poisson,ufno_2d,random_50pct,boundary_band_50pct,False,200,3.1091316711627552,3.1091316711627552,1.5142563147000363,2.6941060401829406,2.969467800965427,2.6941060401829406,0.2336407090443754,0.505615234375
poisson,ufno_2d,random_50pct,clustered_50pct,False,200,2.6862646214400923,2.6862646214400923,1.843449253934546,1.925397645660558,3.1012626471693694,1.925397645660558,0.48561510014875714,0.5
poisson,ufno_2d,random_50pct,horizontal_lines_50pct,False,200,0.19889214954221,0.19889214954220996,0.13829188626519154,0.13950314944650083,0.1976938928937495,0.13950314944650083,0.4911588731969811,0.5
poisson,ufno_2d,random_50pct,line_sensors_50pct,False,200,0.18768767242975926,0.18768767242975926,0.12754579479881453,0.13652545842459435,0.19424447831059585,0.13652545842459435,0.4775724094920135,0.505615234375
poisson,ufno_2d,random_50pct,random_50pct,True,200,0.18368408458468802,0.18368408458468802,0.12888412898658153,0.13087602748315455,0.18498593123573923,0.13087602748315455,0.49295725791624023,0.5
poisson,ufno_2d,random_50pct,random_65pct,False,200,0.12184732282677885,0.12184732282677885,0.09654253592584496,0.07428498935254284,0.12548093333145952,0.07428498935254284,0.6290619785187711,0.6500244140625
poisson,ufno_2d,random_50pct,random_80pct,False,200,1.0030413091116623,1.0030413091116623,0.9202824818727434,0.3989184176072477,0.8913249494746366,0.3989184176072477,0.8425896070654262,0.79998779296875
poisson,ufno_2d,random_50pct,vertical_lines_50pct,False,200,0.20710595464791492,0.20710595464791492,0.1437775226429062,0.14681939738511626,0.20824781083913652,0.14681939738511626,0.49434586169848815,0.5
poisson,ufno_2d,random_65pct,block_observed_50pct,False,200,3.974976045584248,3.9749760455842487,0.2702086290183815,3.9649979863267206,4.622333001718368,3.9649979863267206,0.0042185711480837015,0.505615234375
poisson,ufno_2d,random_65pct,boundary_band_50pct,False,200,3.9238609038848544,3.923860903884854,0.22603546810967107,3.9170019264349043,4.309498390063161,3.9170019264349043,0.0032086196467999164,0.505615234375
poisson,ufno_2d,random_65pct,clustered_50pct,False,200,3.2983920202724994,3.2983920202724994,0.4819406851712227,3.260029543715397,5.2695853624552,3.260029543715397,0.019444607012670635,0.5
poisson,ufno_2d,random_65pct,horizontal_lines_50pct,False,200,0.48177095102940776,0.4817709510294077,0.28337828234213136,0.38378050106003164,0.5439516814452826,0.38378050106003164,0.32456912850602754,0.5
poisson,ufno_2d,random_65pct,line_sensors_50pct,False,200,0.46924621610431855,0.46924621610431855,0.2722911963516875,0.3798066475710794,0.5400194099794847,0.3798066475710794,0.3233197198001011,0.505615234375
poisson,ufno_2d,random_65pct,random_50pct,False,200,0.3328874437581344,0.3328874437581344,0.24496568003328847,0.22539654906971887,0.3185854461091352,0.2253965490697189,0.5407481591941526,0.5
poisson,ufno_2d,random_65pct,random_65pct,True,200,0.33921534471098874,0.33921534471098874,0.2723307278926014,0.20224154516997178,0.34165864152294523,0.20224154516997178,0.6448728430892425,0.6500244140625
poisson,ufno_2d,random_65pct,random_80pct,False,200,0.14269452234865668,0.14269452234865668,0.1314032387438138,0.05528779733794069,0.1235676304389609,0.05528779733794069,0.8552950866702013,0.79998779296875
poisson,ufno_2d,random_65pct,vertical_lines_50pct,False,200,0.5563645093102929,0.556364509310293,0.30663853648745276,0.4608697324954585,0.6527499433637357,0.4608697324954585,0.28221338999741985,0.5
poisson,ufno_2d,random_80pct,block_observed_50pct,False,200,1.4300670532647046,1.4300670532647046,0.11455983470631319,1.4247524245914747,1.6619523082230885,1.4247524245914747,0.0056889571536909295,0.505615234375
poisson,ufno_2d,random_80pct,boundary_band_50pct,False,200,1.5089153204101373,1.508915320410137,0.1029162381161883,1.5049869217532683,1.6558775686098683,1.5049869217532683,0.004033526891264612,0.505615234375
poisson,ufno_2d,random_80pct,clustered_50pct,False,200,0.9365019038090372,0.9365019038090372,0.2703452858444995,0.8902591807034343,1.413055076056937,0.8902591807034343,0.08347430107417003,0.5
poisson,ufno_2d,random_80pct,horizontal_lines_50pct,False,200,0.27457903267795325,0.27457903267795325,0.15725198606327184,0.22253956740211223,0.31533079984624374,0.22253956740211223,0.3296526602114901,0.5
poisson,ufno_2d,random_80pct,line_sensors_50pct,False,200,0.2627813925406632,0.2627813925406632,0.1511410005829151,0.21295609559474626,0.30271095608632986,0.21295609559474626,0.33477201111348925,0.505615234375
poisson,ufno_2d,random_80pct,random_50pct,False,200,0.1881655440809264,0.18816554408092634,0.13102164079282702,0.1349266822484035,0.1907019745298989,0.1349266822484035,0.49277362642875555,0.5
poisson,ufno_2d,random_80pct,random_65pct,False,200,0.12263787756681294,0.12263787756681294,0.09816624515914654,0.07346835672815058,0.12410276939250135,0.07346835672815058,0.6444686476344988,0.6500244140625
poisson,ufno_2d,random_80pct,random_80pct,True,200,0.05537478580554365,0.05537478580554365,0.04888892675897737,0.025994945710440014,0.05807557318178489,0.025994945710440014,0.7793477044313517,0.79998779296875
poisson,ufno_2d,random_80pct,vertical_lines_50pct,False,200,0.26906783920289906,0.26906783920289906,0.15462400459521677,0.2177819712125715,0.30866032393942217,0.2177819712125715,0.32924160882876014,0.5
poisson,ufno_2d,vertical_lines_50pct,block_observed_50pct,False,200,0.898955366421451,0.8989553664214509,0.17892785072830247,0.8755630287868255,1.0100549373785388,0.8755630287868255,0.04035053058624424,0.505615234375
poisson,ufno_2d,vertical_lines_50pct,boundary_band_50pct,False,200,0.9297114357147138,0.929711435714714,0.12317913892712727,0.9195906631240905,1.0046939530136805,0.9195906631240905,0.018381886495870307,0.505615234375
poisson,ufno_2d,vertical_lines_50pct,clustered_50pct,False,200,0.7441558760326541,0.7441558760326541,0.35162486342642363,0.6371300148568028,1.0072176049671389,0.6371300148568028,0.21128514403991086,0.5
poisson,ufno_2d,vertical_lines_50pct,horizontal_lines_50pct,False,200,0.6126035774293008,0.6126035774293008,0.4043276267860955,0.45950868612744983,0.6518980377823174,0.45950868612744983,0.42807955603365466,0.5
poisson,ufno_2d,vertical_lines_50pct,line_sensors_50pct,False,200,0.35390191363589574,0.3539019136358958,0.2593674075350971,0.240307588858191,0.34232037774840635,0.240307588858191,0.5341978039163452,0.505615234375
poisson,ufno_2d,vertical_lines_50pct,random_50pct,False,200,0.6186410502106825,0.6186410502106825,0.43395563202467463,0.4408969565400863,0.6231707912199174,0.4408969565400863,0.4915487495045419,0.5
poisson,ufno_2d,vertical_lines_50pct,random_65pct,False,200,0.6011213647792899,0.6011213647792899,0.4829401565542384,0.35791799620041315,0.6046094432139353,0.35791799620041315,0.6448154633462557,0.6500244140625
poisson,ufno_2d,vertical_lines_50pct,random_80pct,False,200,0.6230598074441265,0.6230598074441265,0.5564515176999545,0.28026944719041924,0.6261285032981935,0.28026944719041924,0.7970464358241677,0.79998779296875
poisson,ufno_2d,vertical_lines_50pct,vertical_lines_50pct,True,200,0.058829576513141385,0.058829576513141385,0.039205326168862985,0.0436104371443202,0.06192396185331293,0.0436104371443202,0.4318685388081011,0.5
