pde,method,train_view,test_view,matched,n,raw_mean,projected_mean,projected_over_raw,hidden_common_mean
darcy,cno,block_observed_50pct,block_observed_50pct,True,200,0.1480030470773312,0.14616770345476865,0.9875992848876713,0.14616770345476865
darcy,cno,block_observed_50pct,boundary_band_50pct,False,200,0.13647502738972983,0.13483327765098466,0.9879703285637976,0.13483327765098466
darcy,cno,block_observed_50pct,clustered_50pct,False,200,0.2600148280599132,0.24267892079953193,0.9333272360282979,0.24267892079953193
darcy,cno,block_observed_50pct,horizontal_lines_50pct,False,200,0.3751189607520478,0.2666560579320963,0.7108573168295668,0.2666560579320963
darcy,cno,block_observed_50pct,line_sensors_50pct,False,200,0.39010955752559634,0.27870015845114243,0.7144150997450402,0.27870015845114243
darcy,cno,block_observed_50pct,random_50pct,False,200,0.4848227220189053,0.3435441959286561,0.7085975560263857,0.3435441959286561
darcy,cno,block_observed_50pct,random_65pct,False,200,0.5729685409522048,0.3409679288852851,0.5950901393619925,0.3409679288852851
darcy,cno,block_observed_50pct,random_80pct,False,200,0.6264167861359992,0.2826974781060443,0.4512929480224191,0.2826974781060443
darcy,cno,block_observed_50pct,vertical_lines_50pct,False,200,0.3700841645167578,0.26896089028573633,0.7267560086958477,0.26896089028573633
darcy,cno,boundary_band_50pct,block_observed_50pct,False,200,0.35325462297895216,0.3371078996349846,0.9542915441337915,0.3371078996349846
darcy,cno,boundary_band_50pct,boundary_band_50pct,True,200,0.08338391649961813,0.07829603429448204,0.9389824510682537,0.07829603429448204
darcy,cno,boundary_band_50pct,clustered_50pct,False,200,0.7178107039760843,0.630263271671516,0.8780354878805413,0.630263271671516
darcy,cno,boundary_band_50pct,horizontal_lines_50pct,False,200,0.7595868259721064,0.5534179819706199,0.7285776464887538,0.5534179819706199
darcy,cno,boundary_band_50pct,line_sensors_50pct,False,200,0.7049693028072831,0.5177413080631702,0.7344168121951613,0.5177413080631702
darcy,cno,boundary_band_50pct,random_50pct,False,200,0.6851361084315313,0.49208484107556333,0.7182293197217171,0.49208484107556333
darcy,cno,boundary_band_50pct,random_65pct,False,200,0.6880472717393143,0.41832779653321905,0.6079928134526693,0.41832779653321905
darcy,cno,boundary_band_50pct,random_80pct,False,200,0.8001385866944716,0.37002020418853554,0.4624451443057647,0.37002020418853554
darcy,cno,boundary_band_50pct,vertical_lines_50pct,False,200,0.7119219109139329,0.5276313589596581,0.7411365640963473,0.5276313589596581
darcy,cno,clustered_50pct,block_observed_50pct,False,200,0.2872888031292429,0.28397500305324397,0.9884652654753547,0.28397500305324397
darcy,cno,clustered_50pct,boundary_band_50pct,False,200,0.3617576285935181,0.35859847379371024,0.991267206134421,0.35859847379371024
darcy,cno,clustered_50pct,clustered_50pct,True,200,0.10784200044504681,0.10597426067752233,0.9826807759517014,0.10597426067752233
darcy,cno,clustered_50pct,horizontal_lines_50pct,False,200,0.0692087882332151,0.053701470445699916,0.7759342681270525,0.053701470445699916
darcy,cno,clustered_50pct,line_sensors_50pct,False,200,0.07330607844963027,0.056147513730336905,0.7659325790959711,0.056147513730336905
darcy,cno,clustered_50pct,random_50pct,False,200,0.06830002847467566,0.048923703448618,0.716305754788345,0.048923703448618
darcy,cno,clustered_50pct,random_65pct,False,200,0.0840408286461518,0.05046849274408767,0.6005235021727574,0.05046849274408767
darcy,cno,clustered_50pct,random_80pct,False,200,0.10140401084553456,0.04618106029044743,0.45541650577109366,0.04618106029044743
darcy,cno,clustered_50pct,vertical_lines_50pct,False,200,0.07779166758446145,0.06005254819272751,0.7719663308094806,0.06005254819272751
darcy,cno,horizontal_lines_50pct,block_observed_50pct,False,200,0.5467988919062189,0.5402070856572324,0.9879447337100364,0.5402070856572324
darcy,cno,horizontal_lines_50pct,boundary_band_50pct,False,200,0.5891264079750864,0.5830432001793965,0.9896741892515075,0.5830432001793965
darcy,cno,horizontal_lines_50pct,clustered_50pct,False,200,0.38125119324304485,0.37640802159129316,0.9872966387054317,0.37640802159129316
darcy,cno,horizontal_lines_50pct,horizontal_lines_50pct,True,200,0.01317007193588853,0.00942923788979944,0.7159594826589145,0.00942923788979944
darcy,cno,horizontal_lines_50pct,line_sensors_50pct,False,200,0.123251926426063,0.10034396094695536,0.814137059408562,0.10034396094695536
darcy,cno,horizontal_lines_50pct,random_50pct,False,200,0.05964730840860537,0.0433683266308296,0.7270793567706538,0.0433683266308296
darcy,cno,horizontal_lines_50pct,random_65pct,False,200,0.9304475944028034,0.5511071205663604,0.5923032354337826,0.5511071205663604
darcy,cno,horizontal_lines_50pct,random_80pct,False,200,0.9577329606643814,0.43054977323598753,0.4495509614050604,0.43054977323598753
darcy,cno,horizontal_lines_50pct,vertical_lines_50pct,False,200,0.19231615156665124,0.1545634497472937,0.8036945856506829,0.1545634497472937
darcy,cno,line_sensors_50pct,block_observed_50pct,False,200,0.5749125379137652,0.5396919401860208,0.9387374680407,0.5396919401860208
darcy,cno,line_sensors_50pct,boundary_band_50pct,False,200,0.6127184825563294,0.5805682560216617,0.9475285511210084,0.5805682560216617
darcy,cno,line_sensors_50pct,clustered_50pct,False,200,0.37771490496108084,0.34927591520518597,0.9247077904992254,0.34927591520518597
darcy,cno,line_sensors_50pct,horizontal_lines_50pct,False,200,0.011493035315058124,0.008950686377588236,0.7787922104320941,0.008950686377588236
darcy,cno,line_sensors_50pct,line_sensors_50pct,True,200,0.00990218471459904,0.007791328832697837,0.7868292762920172,0.007791328832697837
darcy,cno,line_sensors_50pct,random_50pct,False,200,0.01082732748553309,0.007897607147409237,0.7294142675523214,0.007897607147409237
darcy,cno,line_sensors_50pct,random_65pct,False,200,0.8201816810335868,0.49130785458681964,0.5990231993083254,0.49130785458681964
darcy,cno,line_sensors_50pct,random_80pct,False,200,2.0340232271740892,0.9193418169693072,0.4519819659319072,0.9193418169693072
darcy,cno,line_sensors_50pct,vertical_lines_50pct,False,200,0.013875795323696509,0.010715135209450525,0.7722177330730485,0.010715135209450525
darcy,cno,random_50pct,block_observed_50pct,False,200,0.7278687029694253,0.7112710001464642,0.9771968450419026,0.7112710001464642
darcy,cno,random_50pct,boundary_band_50pct,False,200,0.8005002573243714,0.789959928285215,0.9868328224223352,0.789959928285215
darcy,cno,random_50pct,clustered_50pct,False,200,0.560909688550145,0.5294025628436597,0.9438285229340114,0.5294025628436597
darcy,cno,random_50pct,horizontal_lines_50pct,False,200,0.09854425612414638,0.08499320943847845,0.8624877063499644,0.08499320943847845
darcy,cno,random_50pct,line_sensors_50pct,False,200,0.08254125450677838,0.07507780943505445,0.9095792144628596,0.07507780943505445
darcy,cno,random_50pct,random_50pct,True,200,0.008159741165436612,0.005855838817137856,0.7176500698260226,0.005855838817137856
darcy,cno,random_50pct,random_65pct,False,200,1.7683663774706695,1.062572872342046,0.6008782376092593,1.062572872342046
darcy,cno,random_50pct,random_80pct,False,200,3.6341314504195843,1.619881624593154,0.44574106542187075,1.619881624593154
darcy,cno,random_50pct,vertical_lines_50pct,False,200,0.09445307846498062,0.08175437497665682,0.8655554303290182,0.08175437497665682
darcy,cno,random_65pct,block_observed_50pct,False,200,0.822188290042445,0.8019738522802917,0.9754138583497587,0.8019738522802917
darcy,cno,random_65pct,boundary_band_50pct,False,200,0.8928063857714552,0.879769669871814,0.9853980481015753,0.879769669871814
darcy,cno,random_65pct,clustered_50pct,False,200,0.6539089411123105,0.6136106955140074,0.9383733069473632,0.6136106955140074
darcy,cno,random_65pct,horizontal_lines_50pct,False,200,0.24459470724158647,0.20589844854538797,0.8417943743239785,0.20589844854538797
darcy,cno,random_65pct,line_sensors_50pct,False,200,0.22613959749167062,0.19208718573708058,0.8494186240167678,0.19208718573708058
darcy,cno,random_65pct,random_50pct,False,200,0.12865903804845907,0.09278430881671133,0.7211643287878803,0.09278430881671133
darcy,cno,random_65pct,random_65pct,True,200,0.00687968430790399,0.004137971362094147,0.6014769249426285,0.004137971362094147
darcy,cno,random_65pct,random_80pct,False,200,0.15169123192461298,0.06954274191708305,0.45844931862405985,0.06954274191708305
darcy,cno,random_65pct,vertical_lines_50pct,False,200,0.23883426694514884,0.20017547251658474,0.8381354781161174,0.20017547251658474
darcy,cno,random_80pct,block_observed_50pct,False,200,0.7842870393085724,0.7390816069429195,0.9423611125774741,0.7390816069429195
darcy,cno,random_80pct,boundary_band_50pct,False,200,0.8323647593183136,0.7999412608771741,0.9610465266841745,0.7999412608771741
darcy,cno,random_80pct,clustered_50pct,False,200,0.6941154648810784,0.6330855171514034,0.9120752226142502,0.6330855171514034
darcy,cno,random_80pct,horizontal_lines_50pct,False,200,0.3382564090147727,0.2736208865163763,0.8089156013727633,0.2736208865163763
darcy,cno,random_80pct,line_sensors_50pct,False,200,0.31691190792457197,0.2563226014302384,0.8088134116160937,0.2563226014302384
darcy,cno,random_80pct,random_50pct,False,200,0.22818009837986794,0.1638402451580906,0.7180303905616425,0.1638402451580906
darcy,cno,random_80pct,random_65pct,False,200,0.09952519994254344,0.059958761577237105,0.6024480394096339,0.059958761577237105
darcy,cno,random_80pct,random_80pct,True,200,0.007617894040810328,0.003452715825368267,0.45323757548628174,0.003452715825368267
darcy,cno,random_80pct,vertical_lines_50pct,False,200,0.32901364868014116,0.26420950379094177,0.8030350863887706,0.26420950379094177
darcy,cno,vertical_lines_50pct,block_observed_50pct,False,200,0.475880181059232,0.46769827631180944,0.9828067965990704,0.46769827631180944
darcy,cno,vertical_lines_50pct,boundary_band_50pct,False,200,0.512043625856435,0.5066156629324133,0.9893994131555822,0.5066156629324133
darcy,cno,vertical_lines_50pct,clustered_50pct,False,200,0.35667727123034004,0.34145050376279956,0.9573093978906575,0.34145050376279956
darcy,cno,vertical_lines_50pct,horizontal_lines_50pct,False,200,0.08304431269973818,0.07375276976022783,0.8881134344129549,0.07375276976022783
darcy,cno,vertical_lines_50pct,line_sensors_50pct,False,200,0.05177285563117937,0.04471938625145449,0.8637612452754674,0.04471938625145449
darcy,cno,vertical_lines_50pct,random_50pct,False,200,0.023261193812839843,0.016890237866127727,0.7261122538261368,0.016890237866127727
darcy,cno,vertical_lines_50pct,random_65pct,False,200,0.05458651415549144,0.03180409253408766,0.5826364446627363,0.03180409253408766
darcy,cno,vertical_lines_50pct,random_80pct,False,200,0.08362544259822771,0.037419893332071796,0.4474701976987186,0.037419893332071796
darcy,cno,vertical_lines_50pct,vertical_lines_50pct,True,200,0.015308101347481387,0.011781635773898458,0.7696340327559217,0.011781635773898458
darcy,deeponet,block_observed_50pct,block_observed_50pct,True,200,0.09965559565183613,0.08684065085713286,0.8714076744925144,0.08684065085713286
darcy,deeponet,block_observed_50pct,boundary_band_50pct,False,200,0.07726875917187685,0.06783089214627688,0.8778566250221989,0.06783089214627688
darcy,deeponet,block_observed_50pct,clustered_50pct,False,200,1.8672834560300096,1.3339820278420391,0.7143971760335676,1.3339820278420391
darcy,deeponet,block_observed_50pct,horizontal_lines_50pct,False,200,12.215774450445174,8.607407095449942,0.7046141143459198,8.607407095449942
darcy,deeponet,block_observed_50pct,line_sensors_50pct,False,200,13.564473353946521,9.665228954060401,0.7125399344198164,9.665228954060401
darcy,deeponet,block_observed_50pct,random_50pct,False,200,8.561807205789252,6.053426011864753,0.7070266669601714,6.053426011864753
darcy,deeponet,block_observed_50pct,random_65pct,False,200,7.518005286657675,4.45004535074459,0.5919183588021888,4.45004535074459
darcy,deeponet,block_observed_50pct,random_80pct,False,200,4.917894299248795,2.2029658888011916,0.4479490112542055,2.2029658888011916
darcy,deeponet,block_observed_50pct,vertical_lines_50pct,False,200,14.259511771787045,10.08662520346254,0.7073611891410819,10.08662520346254
darcy,deeponet,boundary_band_50pct,block_observed_50pct,False,200,2.1194968473424542,1.769617788648891,0.8349235295479389,1.769617788648891
darcy,deeponet,boundary_band_50pct,boundary_band_50pct,True,200,0.04647859425769229,0.03969783823330311,0.8541101310681971,0.039697838233303105
darcy,deeponet,boundary_band_50pct,clustered_50pct,False,200,3.699602336991491,1.854541756398511,0.5012813776916955,1.854541756398511
darcy,deeponet,boundary_band_50pct,horizontal_lines_50pct,False,200,3.223579523547623,2.2616938308318963,0.7016094420226526,2.2616938308318963
darcy,deeponet,boundary_band_50pct,line_sensors_50pct,False,200,2.6044139726328224,1.8120017145719438,0.695742586859253,1.8120017145719438
darcy,deeponet,boundary_band_50pct,random_50pct,False,200,2.5293795845954303,1.78891326678298,0.7072537778346595,1.78891326678298
darcy,deeponet,boundary_band_50pct,random_65pct,False,200,3.4037753821448593,2.0149921166004514,0.591987393519111,2.0149921166004514
darcy,deeponet,boundary_band_50pct,random_80pct,False,200,4.442776939512851,1.9908418480170311,0.4481075406489632,1.990841848017031
darcy,deeponet,boundary_band_50pct,vertical_lines_50pct,False,200,2.931222491571532,2.0643005632060314,0.7042456071286786,2.0643005632060314
darcy,deeponet,clustered_50pct,block_observed_50pct,False,200,0.2902551461876546,0.24023907853724658,0.8276824087106045,0.24023907853724658
darcy,deeponet,clustered_50pct,boundary_band_50pct,False,200,0.3142670370106306,0.24621189291731355,0.7834480359738939,0.24621189291731355
darcy,deeponet,clustered_50pct,clustered_50pct,True,200,0.13774439522011592,0.11387063378595705,0.8266807052583989,0.11387063378595705
darcy,deeponet,clustered_50pct,horizontal_lines_50pct,False,200,2.878420179756077,2.044932190266771,0.7104356079243659,2.044932190266771
darcy,deeponet,clustered_50pct,line_sensors_50pct,False,200,0.5810502796117976,0.40957893731814105,0.7048941403001865,0.40957893731814105
darcy,deeponet,clustered_50pct,random_50pct,False,200,0.24391354389443531,0.17252730772410058,0.7073297569681888,0.17252730772410058
darcy,deeponet,clustered_50pct,random_65pct,False,200,0.21619205005312994,0.12791472324508274,0.5916717252722625,0.12791472324508274
darcy,deeponet,clustered_50pct,random_80pct,False,200,0.22528560088447716,0.10078916886693352,0.4473839804729313,0.10078916886693352
darcy,deeponet,clustered_50pct,vertical_lines_50pct,False,200,1.589197204119346,1.1265096742739733,0.7088545533266457,1.1265096742739733
darcy,deeponet,horizontal_lines_50pct,block_observed_50pct,False,200,0.802118557825981,0.5894320195667436,0.7348440125413735,0.5894320195667436
darcy,deeponet,horizontal_lines_50pct,boundary_band_50pct,False,200,0.6922450099224345,0.6105656026578578,0.8820079508067109,0.6105656026578578
darcy,deeponet,horizontal_lines_50pct,clustered_50pct,False,200,0.7964452954367096,0.5600174383975504,0.7031461440053829,0.5600174383975504
darcy,deeponet,horizontal_lines_50pct,horizontal_lines_50pct,True,200,0.042671044654827454,0.03057199184778995,0.7164575438705901,0.03057199184778995
darcy,deeponet,horizontal_lines_50pct,line_sensors_50pct,False,200,0.3585861828231117,0.2520718673099923,0.7029603464513237,0.2520718673099923
darcy,deeponet,horizontal_lines_50pct,random_50pct,False,200,0.2630781405737105,0.1858468773515491,0.7064322293986931,0.1858468773515491
darcy,deeponet,horizontal_lines_50pct,random_65pct,False,200,0.3438377055207073,0.20316900334164,0.5908863399200538,0.20316900334164
darcy,deeponet,horizontal_lines_50pct,random_80pct,False,200,0.40150075529254,0.17957377424052345,0.44725637965408827,0.17957377424052345
darcy,deeponet,horizontal_lines_50pct,vertical_lines_50pct,False,200,0.6930970466217711,0.4858492022979425,0.7009829354576294,0.4858492022979425
darcy,deeponet,line_sensors_50pct,block_observed_50pct,False,200,0.42962962831196494,0.4038155795802687,0.9399155760436708,0.4038155795802687
darcy,deeponet,line_sensors_50pct,boundary_band_50pct,False,200,0.4335052649308513,0.39588678739354805,0.913222559030964,0.39588678739354805
darcy,deeponet,line_sensors_50pct,clustered_50pct,False,200,0.4223296162699201,0.3704823660456444,0.8772351068291194,0.3704823660456443
darcy,deeponet,line_sensors_50pct,horizontal_lines_50pct,False,200,0.16414906320462336,0.11370368967807742,0.6926855838119391,0.11370368967807742
darcy,deeponet,line_sensors_50pct,line_sensors_50pct,True,200,0.04380304592454069,0.031274759284291284,0.7139859483326381,0.031274759284291284
darcy,deeponet,line_sensors_50pct,random_50pct,False,200,0.5297216649127442,0.374834091418927,0.7076057413673457,0.374834091418927
darcy,deeponet,line_sensors_50pct,random_65pct,False,200,0.41262185145955466,0.24409476240407402,0.5915701302309732,0.24409476240407402
darcy,deeponet,line_sensors_50pct,random_80pct,False,200,0.25126374822450026,0.11231941644764526,0.4470179930106336,0.11231941644764526
darcy,deeponet,line_sensors_50pct,vertical_lines_50pct,False,200,0.17278328139302634,0.11976833853263338,0.6931708760652541,0.11976833853263338
darcy,deeponet,random_50pct,block_observed_50pct,False,200,0.7051201345928891,0.5806412578516704,0.8234642997209428,0.5806412578516704
darcy,deeponet,random_50pct,boundary_band_50pct,False,200,0.7358890922205429,0.6083448282352947,0.8266800454938341,0.6083448282352947
darcy,deeponet,random_50pct,clustered_50pct,False,200,0.5788260702376953,0.42343535476567545,0.7315416090221912,0.42343535476567545
darcy,deeponet,random_50pct,horizontal_lines_50pct,False,200,0.1362178294072541,0.09664631688361293,0.709498288910968,0.09664631688361293
darcy,deeponet,random_50pct,line_sensors_50pct,False,200,0.11422651984421037,0.08156627527541616,0.7140747646576434,0.08156627527541616
darcy,deeponet,random_50pct,random_50pct,True,200,0.03908440604028267,0.027632139229446063,0.706986290157941,0.02763213922944606
darcy,deeponet,random_50pct,random_65pct,False,200,0.1397840894844595,0.08278542505893802,0.5922378245210925,0.08278542505893802
darcy,deeponet,random_50pct,random_80pct,False,200,0.20045653911997682,0.08989208884928263,0.44843679953728327,0.08989208884928263
darcy,deeponet,random_50pct,vertical_lines_50pct,False,200,0.15705925498943438,0.11124602303177852,0.7083060660084133,0.11124602303177852
darcy,deeponet,random_65pct,block_observed_50pct,False,200,0.6410152817259513,0.5590602485730486,0.872148082129592,0.5590602485730486
darcy,deeponet,random_65pct,boundary_band_50pct,False,200,0.669766591502292,0.5720229190570182,0.8540630815490006,0.5720229190570182
darcy,deeponet,random_65pct,clustered_50pct,False,200,0.5523000282010335,0.44969183331460066,0.8142165677219844,0.44969183331460066
darcy,deeponet,random_65pct,horizontal_lines_50pct,False,200,0.24284915587100595,0.17581108566513992,0.7239518088278858,0.17581108566513992
darcy,deeponet,random_65pct,line_sensors_50pct,False,200,0.2184968667832212,0.15826512802370668,0.7243359154469128,0.15826512802370668
darcy,deeponet,random_65pct,random_50pct,False,200,0.1274279700758607,0.09031126257531424,0.7087240149988259,0.09031126257531424
darcy,deeponet,random_65pct,random_65pct,True,200,0.03192023725254887,0.018852453834048225,0.5906113317670543,0.018852453834048225
darcy,deeponet,random_65pct,random_80pct,False,200,0.07617547033154798,0.03412751516532327,0.44801187333384146,0.03412751516532327
darcy,deeponet,random_65pct,vertical_lines_50pct,False,200,0.2406333853195303,0.173298650244957,0.7201770860466373,0.173298650244957
darcy,deeponet,random_80pct,block_observed_50pct,False,200,0.6748212591398604,0.602791624289583,0.8932611652719897,0.602791624289583
darcy,deeponet,random_80pct,boundary_band_50pct,False,200,0.7080996431168768,0.615504626569635,0.8692344821137576,0.615504626569635
darcy,deeponet,random_80pct,clustered_50pct,False,200,0.5774300153794032,0.49995569278882057,0.8658290692774643,0.49995569278882057
darcy,deeponet,random_80pct,horizontal_lines_50pct,False,200,0.38342629680987067,0.2770492622618959,0.7225619749270252,0.2770492622618959
darcy,deeponet,random_80pct,line_sensors_50pct,False,200,0.36575546283649535,0.2635435742976435,0.7205458320535219,0.2635435742976435
darcy,deeponet,random_80pct,random_50pct,False,200,0.3154333275786979,0.22338003773376924,0.7081687894188601,0.22338003773376924
darcy,deeponet,random_80pct,random_65pct,False,200,0.14658244958410563,0.08688578537776465,0.5927434397793413,0.08688578537776465
darcy,deeponet,random_80pct,random_80pct,True,200,0.040910057738934164,0.01829724067172349,0.44725531282518766,0.01829724067172349
darcy,deeponet,random_80pct,vertical_lines_50pct,False,200,0.3774278496033098,0.2711027978123216,0.7182903913880769,0.2711027978123216
darcy,deeponet,vertical_lines_50pct,block_observed_50pct,False,200,0.44030602260854784,0.3266690079527737,0.74191355825082,0.3266690079527737
darcy,deeponet,vertical_lines_50pct,boundary_band_50pct,False,200,0.3203120301836598,0.28837151298691216,0.9002831171266542,0.28837151298691216
darcy,deeponet,vertical_lines_50pct,clustered_50pct,False,200,0.47861528915108714,0.36141111914020985,0.7551182073210394,0.36141111914020985
darcy,deeponet,vertical_lines_50pct,horizontal_lines_50pct,False,200,0.7998519956997211,0.5712913726681217,0.7142463552501965,0.5712913726681217
darcy,deeponet,vertical_lines_50pct,line_sensors_50pct,False,200,0.4521178400576727,0.321802002703495,0.7117657703187416,0.321802002703495
darcy,deeponet,vertical_lines_50pct,random_50pct,False,200,0.3327991473807746,0.2357558246387926,0.7084027302781845,0.2357558246387926
darcy,deeponet,vertical_lines_50pct,random_65pct,False,200,0.18439140052311762,0.10944296642740035,0.5935361742299865,0.10944296642740035
darcy,deeponet,vertical_lines_50pct,random_80pct,False,200,0.15086721427675662,0.06726204840607315,0.4458360865779961,0.06726204840607315
darcy,deeponet,vertical_lines_50pct,vertical_lines_50pct,True,200,0.05128633827014936,0.03624435977709387,0.7067059376744292,0.03624435977709387
darcy,fno,block_observed_50pct,block_observed_50pct,True,200,0.08095206756639273,0.06821730506321566,0.8426876189081561,0.06821730506321566
darcy,fno,block_observed_50pct,boundary_band_50pct,False,200,0.06675872794809166,0.05811714698446489,0.8705550385809322,0.05811714698446489
darcy,fno,block_observed_50pct,clustered_50pct,False,200,0.6016766658990508,0.44428657447079895,0.7384141676940839,0.44428657447079895
darcy,fno,block_observed_50pct,horizontal_lines_50pct,False,200,1.0452912978790005,0.7341712595812964,0.7023604435156042,0.7341712595812964
darcy,fno,block_observed_50pct,line_sensors_50pct,False,200,0.7581561867692754,0.5368746684927583,0.7081320153575978,0.5368746684927584
darcy,fno,block_observed_50pct,random_50pct,False,200,0.4808160873277727,0.33944675432167304,0.7059804429760519,0.33944675432167304
darcy,fno,block_observed_50pct,random_65pct,False,200,0.4242566054706127,0.2503008931221276,0.5899752411502887,0.2503008931221276
darcy,fno,block_observed_50pct,random_80pct,False,200,0.3749889805123911,0.16716230229071857,0.4457792387987115,0.16716230229071857
darcy,fno,block_observed_50pct,vertical_lines_50pct,False,200,0.7956459782703098,0.5608281468726417,0.7048714656886106,0.5608281468726417
darcy,fno,boundary_band_50pct,block_observed_50pct,False,200,0.6859538153159268,0.48467628290171455,0.7065727634716767,0.48467628290171455
darcy,fno,boundary_band_50pct,boundary_band_50pct,True,200,0.3531610891678487,0.2960132243722166,0.8381818763491491,0.2960132243722166
darcy,fno,boundary_band_50pct,clustered_50pct,False,200,1.466065225867444,1.0313495200096807,0.7034813334443902,1.0313495200096807
darcy,fno,boundary_band_50pct,horizontal_lines_50pct,False,200,0.878382582494397,0.6223248647999029,0.7084895320130878,0.6223248647999029
darcy,fno,boundary_band_50pct,line_sensors_50pct,False,200,0.8785910403128225,0.6215956195923195,0.7074914164512766,0.6215956195923195
darcy,fno,boundary_band_50pct,random_50pct,False,200,0.8803202930009235,0.6228734755789687,0.707553240032279,0.6228734755789687
darcy,fno,boundary_band_50pct,random_65pct,False,200,0.8509317690963887,0.5037618309794007,0.5920120146816819,0.5037618309794007
darcy,fno,boundary_band_50pct,random_80pct,False,200,0.8250930096405198,0.3696760078027341,0.4480416189246303,0.3696760078027341
darcy,fno,boundary_band_50pct,vertical_lines_50pct,False,200,0.8778740848882982,0.6191135064486344,0.7052418075735898,0.6191135064486344
darcy,fno,clustered_50pct,block_observed_50pct,False,200,0.25824011599845653,0.23052013133756266,0.8926581001804555,0.23052013133756266
darcy,fno,clustered_50pct,boundary_band_50pct,False,200,0.34586508117274234,0.30690797685359544,0.8873632915267045,0.30690797685359544
darcy,fno,clustered_50pct,clustered_50pct,True,200,0.14186673673036176,0.1204405700877098,0.8489697646082076,0.1204405700877098
darcy,fno,clustered_50pct,horizontal_lines_50pct,False,200,0.19899848750522472,0.14245721721120255,0.7158708540810509,0.14245721721120255
darcy,fno,clustered_50pct,line_sensors_50pct,False,200,0.19876980347053178,0.14118969829702435,0.7103176429811994,0.14118969829702435
darcy,fno,clustered_50pct,random_50pct,False,200,0.19958157127748447,0.14076029906808069,0.7052770361867593,0.14076029906808069
darcy,fno,clustered_50pct,random_65pct,False,200,0.26021666339449395,0.15373589035075672,0.5907995604327992,0.15373589035075672
darcy,fno,clustered_50pct,random_80pct,False,200,0.35453874829523135,0.15876661223075586,0.4478117356542022,0.15876661223075586
darcy,fno,clustered_50pct,vertical_lines_50pct,False,200,0.19233538172235642,0.13720933417152018,0.7133858208656958,0.13720933417152018
darcy,fno,horizontal_lines_50pct,block_observed_50pct,False,200,4.281451803198614,2.659304238881207,0.6211220775379224,2.659304238881207
darcy,fno,horizontal_lines_50pct,boundary_band_50pct,False,200,4.387232297126548,2.7544474252062123,0.6278325920900653,2.7544474252062123
darcy,fno,horizontal_lines_50pct,clustered_50pct,False,200,2.977219424670923,2.261425616534647,0.7595764013210433,2.2614256165346465
darcy,fno,horizontal_lines_50pct,horizontal_lines_50pct,True,200,0.025778742298728854,0.019119075105816608,0.7416605078813083,0.019119075105816608
darcy,fno,horizontal_lines_50pct,line_sensors_50pct,False,200,0.9935950361688193,0.7159285277986512,0.7205435833890474,0.7159285277986512
darcy,fno,horizontal_lines_50pct,random_50pct,False,200,0.1505117581128069,0.10784682858843282,0.7165342425114908,0.10784682858843282
darcy,fno,horizontal_lines_50pct,random_65pct,False,200,0.33574607292113046,0.20740928245693432,0.6177563914668824,0.20740928245693432
darcy,fno,horizontal_lines_50pct,random_80pct,False,200,0.4838405659198763,0.2353158340970901,0.4863499480447827,0.2353158340970901
darcy,fno,horizontal_lines_50pct,vertical_lines_50pct,False,200,1.4424102345051117,1.0432476457480695,0.7232669463871392,1.0432476457480695
darcy,fno,line_sensors_50pct,block_observed_50pct,False,200,0.5640012147327187,0.5322339868487984,0.9436752491765912,0.5322339868487984
darcy,fno,line_sensors_50pct,boundary_band_50pct,False,200,0.6145275342133847,0.5945483155211647,0.9674884889937535,0.5945483155211647
darcy,fno,line_sensors_50pct,clustered_50pct,False,200,0.5929585282742197,0.5001329734253862,0.8434535462049964,0.5001329734253862
darcy,fno,line_sensors_50pct,horizontal_lines_50pct,False,200,0.028053232604597623,0.022232996008643348,0.7925288440733778,0.022232996008643348
darcy,fno,line_sensors_50pct,line_sensors_50pct,True,200,0.025631980203617438,0.019067528417251463,0.7438960340083466,0.019067528417251463
darcy,fno,line_sensors_50pct,random_50pct,False,200,0.020777277458842187,0.014791883152754823,0.7119259576744903,0.014791883152754823
darcy,fno,line_sensors_50pct,random_65pct,False,200,0.1647381623200317,0.09547249572649535,0.5795408567264695,0.09547249572649534
darcy,fno,line_sensors_50pct,random_80pct,False,200,0.22385789235986592,0.10247428984094822,0.4577649184519893,0.10247428984094822
darcy,fno,line_sensors_50pct,vertical_lines_50pct,False,200,0.027052437475098293,0.021149861283040864,0.7818098203723514,0.021149861283040864
darcy,fno,random_50pct,block_observed_50pct,False,200,1.806595844874461,1.2998122180069402,0.7194814610554268,1.2998122180069402
darcy,fno,random_50pct,boundary_band_50pct,False,200,1.728871816595006,1.2712685800536523,0.7353168510534238,1.2712685800536523
darcy,fno,random_50pct,clustered_50pct,False,200,1.871574552400246,1.6023932073422154,0.8561738592177306,1.6023932073422154
darcy,fno,random_50pct,horizontal_lines_50pct,False,200,0.15681811592044778,0.11301147106200672,0.7206531617771526,0.11301147106200672
darcy,fno,random_50pct,line_sensors_50pct,False,200,0.13867465229699974,0.09969654916871493,0.7189240969228801,0.09969654916871493
darcy,fno,random_50pct,random_50pct,True,200,0.020457553684596907,0.014342439870615606,0.701082841660313,0.014342439870615606
darcy,fno,random_50pct,random_65pct,False,200,0.3917792435157004,0.22790561834842696,0.5817194813673014,0.22790561834842696
darcy,fno,random_50pct,random_80pct,False,200,1.2303940759674201,0.5463040688729515,0.44400739530821437,0.5463040688729515
darcy,fno,random_50pct,vertical_lines_50pct,False,200,0.20301473176659487,0.14205588447643963,0.6997319024107109,0.14205588447643963
darcy,fno,random_65pct,block_observed_50pct,False,200,1.113804084320319,1.0796897384263249,0.9693713226821108,1.0796897384263249
darcy,fno,random_65pct,boundary_band_50pct,False,200,1.1663368466998874,1.1384065797364529,0.9760530012899256,1.1384065797364529
darcy,fno,random_65pct,clustered_50pct,False,200,1.0675284149670103,0.993066939487614,0.9302487180337047,0.993066939487614
darcy,fno,random_65pct,horizontal_lines_50pct,False,200,0.2810186922138054,0.22601193827155008,0.8042594479786245,0.22601193827155008
darcy,fno,random_65pct,line_sensors_50pct,False,200,0.2671084628227948,0.2145194217103757,0.803117278439404,0.2145194217103757
darcy,fno,random_65pct,random_50pct,False,200,0.19734909061301753,0.1417114581698838,0.7180750503064961,0.1417114581698838
darcy,fno,random_65pct,random_65pct,True,200,0.016785892985357133,0.010155225823755418,0.6049857360948353,0.010155225823755418
darcy,fno,random_65pct,random_80pct,False,200,0.19585494209691404,0.09324893509204771,0.4761122394649901,0.09324893509204771
darcy,fno,random_65pct,vertical_lines_50pct,False,200,0.2834505788251811,0.22774433780921227,0.803471062762141,0.22774433780921227
darcy,fno,random_80pct,block_observed_50pct,False,200,1.0916544654012852,1.0398111219865427,0.9525093836393687,1.0398111219865427
darcy,fno,random_80pct,boundary_band_50pct,False,200,1.1291444247066247,1.077387379304605,0.9541625993366905,1.077387379304605
darcy,fno,random_80pct,clustered_50pct,False,200,1.0097899746278174,0.9517008761683585,0.9424740788490508,0.9517008761683587
darcy,fno,random_80pct,horizontal_lines_50pct,False,200,0.5439023905476135,0.42616969081613126,0.783540756985925,0.42616969081613126
darcy,fno,random_80pct,line_sensors_50pct,False,200,0.5321637015227395,0.41293935889540223,0.7759630311383746,0.41293935889540223
darcy,fno,random_80pct,random_50pct,False,200,0.5139055726470718,0.38000424234733315,0.7394437082866655,0.38000424234733315
darcy,fno,random_80pct,random_65pct,False,200,0.247808056127297,0.1523871143730834,0.614940114355295,0.1523871143730834
darcy,fno,random_80pct,random_80pct,True,200,0.011715252167154426,0.005724971372475067,0.4886767515364232,0.005724971372475067
darcy,fno,random_80pct,vertical_lines_50pct,False,200,0.5453477370453402,0.4301683067509659,0.7887963541970318,0.4301683067509659
darcy,fno,vertical_lines_50pct,block_observed_50pct,False,200,2.1733452585506057,1.9189111629445974,0.8829297394857137,1.9189111629445974
darcy,fno,vertical_lines_50pct,boundary_band_50pct,False,200,2.206654413795057,2.00169256478061,0.9071164711007247,2.00169256478061
darcy,fno,vertical_lines_50pct,clustered_50pct,False,200,2.515529671142687,2.1095120648765895,0.8385955805157874,2.1095120648765895
darcy,fno,vertical_lines_50pct,horizontal_lines_50pct,False,200,0.4780796369599913,0.34696904332467254,0.7257557454882964,0.34696904332467254
darcy,fno,vertical_lines_50pct,line_sensors_50pct,False,200,0.3582045237962301,0.2612867215907824,0.7294344549914709,0.2612867215907824
darcy,fno,vertical_lines_50pct,random_50pct,False,200,0.07228270803232849,0.051514167007510867,0.7126762182799117,0.051514167007510867
darcy,fno,vertical_lines_50pct,random_65pct,False,200,0.8794431038968799,0.6022062175199087,0.6847585873963724,0.6022062175199087
darcy,fno,vertical_lines_50pct,random_80pct,False,200,0.9505428160308065,0.6784421648532369,0.7137418256299242,0.6784421648532369
darcy,fno,vertical_lines_50pct,vertical_lines_50pct,True,200,0.023131549056231684,0.01709894058442663,0.7392043024381949,0.01709894058442663
darcy,gnot,block_observed_50pct,block_observed_50pct,True,200,0.10910789178123297,0.10252752058726029,0.9396893195666666,0.10252752058726028
darcy,gnot,block_observed_50pct,boundary_band_50pct,False,200,0.08164222226389402,0.07752295722815487,0.9495449177948102,0.07752295722815487
darcy,gnot,block_observed_50pct,clustered_50pct,False,200,0.4143593112915166,0.30320929222704307,0.7317545037951965,0.30320929222704307
darcy,gnot,block_observed_50pct,horizontal_lines_50pct,False,200,0.27878599622803735,0.19641238805645433,0.7045274537240234,0.19641238805645433
darcy,gnot,block_observed_50pct,line_sensors_50pct,False,200,0.2812829958580918,0.19820127892262662,0.7046329918308315,0.19820127892262662
darcy,gnot,block_observed_50pct,random_50pct,False,200,0.26928355130185655,0.19031033877809342,0.7067284201282789,0.19031033877809342
darcy,gnot,block_observed_50pct,random_65pct,False,200,0.26886052033192054,0.15883958922540897,0.5907880749070719,0.15883958922540897
darcy,gnot,block_observed_50pct,random_80pct,False,200,0.26895041367114453,0.12020577366627365,0.4469439999198277,0.12020577366627365
darcy,gnot,block_observed_50pct,vertical_lines_50pct,False,200,0.27469829441378,0.1946920575359935,0.708748694459411,0.1946920575359935
darcy,gnot,boundary_band_50pct,block_observed_50pct,False,200,0.5134113696138797,0.379596201078145,0.739360722306612,0.379596201078145
darcy,gnot,boundary_band_50pct,boundary_band_50pct,True,200,0.0927507429201296,0.08151549406917198,0.8788662117711271,0.08151549406917198
darcy,gnot,boundary_band_50pct,clustered_50pct,False,200,0.6879894792743814,0.45938382671875305,0.6677192610608851,0.45938382671875305
darcy,gnot,boundary_band_50pct,horizontal_lines_50pct,False,200,0.49173091808654606,0.3456689266561823,0.7029635801654912,0.3456689266561823
darcy,gnot,boundary_band_50pct,line_sensors_50pct,False,200,0.4835560788014931,0.33942860389354496,0.7019425848907287,0.33942860389354496
darcy,gnot,boundary_band_50pct,random_50pct,False,200,0.4847747648640886,0.3427489494741279,0.7070272099873453,0.3427489494741279
darcy,gnot,boundary_band_50pct,random_65pct,False,200,0.48505932959611975,0.2871022938609727,0.5918910870140892,0.2871022938609727
darcy,gnot,boundary_band_50pct,random_80pct,False,200,0.4847504240029464,0.21723456915337652,0.4481369347952466,0.21723456915337652
darcy,gnot,boundary_band_50pct,vertical_lines_50pct,False,200,0.4911428428431085,0.3442125595634677,0.7008400195163254,0.3442125595634677
darcy,gnot,clustered_50pct,block_observed_50pct,False,200,0.23144690814691532,0.21545776163954466,0.9309165690076048,0.21545776163954466
darcy,gnot,clustered_50pct,boundary_band_50pct,False,200,0.2393833485244813,0.21554365224733274,0.9004120527844045,0.21554365224733274
darcy,gnot,clustered_50pct,clustered_50pct,True,200,0.09587889986559012,0.07591759032248613,0.7918070652553671,0.07591759032248613
darcy,gnot,clustered_50pct,horizontal_lines_50pct,False,200,0.06020001982724323,0.04262591601448712,0.7080714613850835,0.04262591601448712
darcy,gnot,clustered_50pct,line_sensors_50pct,False,200,0.0603905937541216,0.042445220529453515,0.7028448950554765,0.042445220529453515
darcy,gnot,clustered_50pct,random_50pct,False,200,0.05809200236496024,0.04107254642364927,0.7070258340487724,0.04107254642364927
darcy,gnot,clustered_50pct,random_65pct,False,200,0.05794466018342135,0.034290377492477424,0.5917780410469696,0.034290377492477424
darcy,gnot,clustered_50pct,random_80pct,False,200,0.05785358506895635,0.025892406850371433,0.4475506024304281,0.025892406850371433
darcy,gnot,clustered_50pct,vertical_lines_50pct,False,200,0.060150300419058486,0.042401318222845104,0.704922800508746,0.042401318222845104
darcy,gnot,horizontal_lines_50pct,block_observed_50pct,False,200,0.34626379593264495,0.3245113876515104,0.9371796632028899,0.3245113876515104
darcy,gnot,horizontal_lines_50pct,boundary_band_50pct,False,200,0.3536981998521873,0.3354481759804353,0.9484022709774073,0.3354481759804353
darcy,gnot,horizontal_lines_50pct,clustered_50pct,False,200,0.3145645479466524,0.2734091459858641,0.8691670684778885,0.2734091459858641
darcy,gnot,horizontal_lines_50pct,horizontal_lines_50pct,True,200,0.08390065299283148,0.0595647273254873,0.7099435487179885,0.0595647273254873
darcy,gnot,horizontal_lines_50pct,line_sensors_50pct,False,200,0.08999840216250707,0.06415660396493046,0.7128638111717256,0.06415660396493046
darcy,gnot,horizontal_lines_50pct,random_50pct,False,200,0.08318093902658288,0.0588937503619742,0.7080197825508197,0.0588937503619742
darcy,gnot,horizontal_lines_50pct,random_65pct,False,200,0.08300457324060527,0.0491591692457665,0.5922465151801801,0.0491591692457665
darcy,gnot,horizontal_lines_50pct,random_80pct,False,200,0.08270803469777598,0.0370651947978536,0.44814503129343836,0.0370651947978536
darcy,gnot,horizontal_lines_50pct,vertical_lines_50pct,False,200,0.09644737805790754,0.06919158698331167,0.7174024672995118,0.06919158698331167
darcy,gnot,line_sensors_50pct,block_observed_50pct,False,200,0.7360747195934071,0.4971251612558084,0.675373230492701,0.4971251612558084
darcy,gnot,line_sensors_50pct,boundary_band_50pct,False,200,0.39599672909742234,0.34840641019348767,0.8798214343527403,0.34840641019348767
darcy,gnot,line_sensors_50pct,clustered_50pct,False,200,0.8404780231364154,0.8260736231954016,0.9828616578369761,0.8260736231954016
darcy,gnot,line_sensors_50pct,horizontal_lines_50pct,False,200,0.017579526186119025,0.012611564543442888,0.7174007086380468,0.012611564543442888
darcy,gnot,line_sensors_50pct,line_sensors_50pct,True,200,0.01696970134313781,0.012162009700546343,0.7166896726479163,0.012162009700546343
darcy,gnot,line_sensors_50pct,random_50pct,False,200,0.014899528306760737,0.01052995994924931,0.7067310945992356,0.01052995994924931
darcy,gnot,line_sensors_50pct,random_65pct,False,200,0.014474080664126367,0.008550269367274061,0.5907297026791954,0.008550269367274061
darcy,gnot,line_sensors_50pct,random_80pct,False,200,0.014201883967615143,0.006360362235726257,0.44785341509830146,0.006360362235726257
darcy,gnot,line_sensors_50pct,vertical_lines_50pct,False,200,0.017448147318653382,0.012449952278842998,0.713540071130249,0.012449952278842998
darcy,gnot,random_50pct,block_observed_50pct,False,200,2.4694383664323687,0.6357963961063338,0.2574659909511641,0.6357963961063338
darcy,gnot,random_50pct,boundary_band_50pct,False,200,0.33286248232465004,0.27036256510413076,0.8122350203482489,0.27036256510413076
darcy,gnot,random_50pct,clustered_50pct,False,200,0.5381258962963187,0.46026900054863257,0.8553184370357559,0.46026900054863257
darcy,gnot,random_50pct,horizontal_lines_50pct,False,200,0.02824175275739113,0.020657302236506386,0.7314454741517478,0.020657302236506386
darcy,gnot,random_50pct,line_sensors_50pct,False,200,0.027007122700226413,0.019683030266466305,0.7288088584979581,0.019683030266466305
darcy,gnot,random_50pct,random_50pct,True,200,0.013240027851768858,0.009362197370026575,0.7071131174981472,0.009362197370026575
darcy,gnot,random_50pct,random_65pct,False,200,0.012438908370031327,0.007356082421435512,0.5913768477592689,0.007356082421435512
darcy,gnot,random_50pct,random_80pct,False,200,0.011803735486794389,0.005271695237101553,0.4466124510329245,0.005271695237101553
darcy,gnot,random_50pct,vertical_lines_50pct,False,200,0.027770420241107697,0.020133345803567102,0.7249924786433131,0.020133345803567102
darcy,gnot,random_65pct,block_observed_50pct,False,200,0.32174291884796474,0.3016374635246591,0.9375108070900351,0.3016374635246591
darcy,gnot,random_65pct,boundary_band_50pct,False,200,0.2839549632699007,0.27199002753569346,0.957863262552539,0.27199002753569346
darcy,gnot,random_65pct,clustered_50pct,False,200,0.37228034525937354,0.29200993460614627,0.7843818195738977,0.29200993460614627
darcy,gnot,random_65pct,horizontal_lines_50pct,False,200,0.03787825388270344,0.0275676471303226,0.7277961443442083,0.0275676471303226
darcy,gnot,random_65pct,line_sensors_50pct,False,200,0.036447892067121,0.02653741066653916,0.72809178148544,0.02653741066653916
darcy,gnot,random_65pct,random_50pct,False,200,0.015649574603301894,0.011067686668812436,0.7072196496943292,0.011067686668812436
darcy,gnot,random_65pct,random_65pct,True,200,0.014129208127419812,0.008360656985811189,0.5917286312448113,0.008360656985811189
darcy,gnot,random_65pct,random_80pct,False,200,0.01305401950920385,0.005838211585291643,0.44723478321564947,0.005838211585291643
darcy,gnot,random_65pct,vertical_lines_50pct,False,200,0.038417272400750206,0.02770761931579995,0.721228176398564,0.02770761931579995
darcy,gnot,random_80pct,block_observed_50pct,False,200,26.178545876194303,24.890396662969714,0.9507937064450941,24.890396662969714
darcy,gnot,random_80pct,boundary_band_50pct,False,200,2.3192240466844156,2.2569479460170725,0.9731478721271567,2.2569479460170725
darcy,gnot,random_80pct,clustered_50pct,False,200,8.2573735851329,7.510493919440068,0.9095499727616102,7.510493919440068
darcy,gnot,random_80pct,horizontal_lines_50pct,False,200,0.09736474709969296,0.07013297224341417,0.7203117589532088,0.07013297224341417
darcy,gnot,random_80pct,line_sensors_50pct,False,200,0.09677575827728337,0.0695023949596016,0.7181798024300909,0.0695023949596016
darcy,gnot,random_80pct,random_50pct,False,200,0.030862399102488475,0.021801924176792706,0.7064235059754246,0.021801924176792706
darcy,gnot,random_80pct,random_65pct,False,200,0.027078835220758123,0.01599359384360193,0.5906307901804263,0.01599359384360193
darcy,gnot,random_80pct,random_80pct,True,200,0.02425107045618827,0.010838375298442803,0.44692358294135087,0.010838375298442803
darcy,gnot,random_80pct,vertical_lines_50pct,False,200,0.09906202678218086,0.07121878185657887,0.7189312006827384,0.07121878185657887
darcy,gnot,vertical_lines_50pct,block_observed_50pct,False,200,0.332598055958834,0.3101891220469385,0.9326245793972137,0.3101891220469385
darcy,gnot,vertical_lines_50pct,boundary_band_50pct,False,200,0.3384026803097686,0.3180435686355763,0.9398376169610835,0.3180435686355763
darcy,gnot,vertical_lines_50pct,clustered_50pct,False,200,0.2584317340562848,0.22744501159088273,0.8800970686570043,0.22744501159088273
darcy,gnot,vertical_lines_50pct,horizontal_lines_50pct,False,200,0.05928202648462185,0.042866601791437475,0.7230960939325742,0.042866601791437475
darcy,gnot,vertical_lines_50pct,line_sensors_50pct,False,200,0.05250074293076737,0.03751526466208099,0.7145663578809217,0.03751526466208099
darcy,gnot,vertical_lines_50pct,random_50pct,False,200,0.04466940152688216,0.03163497175807504,0.7082022744145572,0.03163497175807504
darcy,gnot,vertical_lines_50pct,random_65pct,False,200,0.04428358426366601,0.026238578587906063,0.5925125308665317,0.026238578587906063
darcy,gnot,vertical_lines_50pct,random_80pct,False,200,0.043992709476551865,0.019731766593358287,0.4485235582926605,0.019731766593358287
darcy,gnot,vertical_lines_50pct,vertical_lines_50pct,True,200,0.046216153593685416,0.03290841988887104,0.7120544945862255,0.03290841988887105
darcy,pino,block_observed_50pct,block_observed_50pct,True,200,0.04027497176306546,0.03682648778981078,0.9143765017752999,0.03682648778981078
darcy,pino,block_observed_50pct,boundary_band_50pct,False,200,0.028333854180327377,0.02620012860966977,0.9246934230310578,0.02620012860966977
darcy,pino,block_observed_50pct,clustered_50pct,False,200,0.39640611465656156,0.32846610915026153,0.828610097083992,0.32846610915026153
darcy,pino,block_observed_50pct,horizontal_lines_50pct,False,200,0.29732497180932965,0.21522484331515113,0.7238707263820807,0.21522484331515113
darcy,pino,block_observed_50pct,line_sensors_50pct,False,200,0.28842388676688874,0.20756282989500835,0.7196450759391011,0.20756282989500835
darcy,pino,block_observed_50pct,random_50pct,False,200,0.3756548417115509,0.26609354423987264,0.708345839567787,0.26609354423987264
darcy,pino,block_observed_50pct,random_65pct,False,200,0.30536947379502893,0.18125910090796588,0.5935730859255146,0.18125910090796588
darcy,pino,block_observed_50pct,random_80pct,False,200,0.2411165874253579,0.10855800942416259,0.45023036607868683,0.10855800942416259
darcy,pino,block_observed_50pct,vertical_lines_50pct,False,200,0.31480273724806207,0.22623284077573674,0.7186495351133718,0.22623284077573674
darcy,pino,boundary_band_50pct,block_observed_50pct,False,200,0.3649156969664037,0.279092372301518,0.7648132832367935,0.279092372301518
darcy,pino,boundary_band_50pct,boundary_band_50pct,True,200,0.016225526968025494,0.015019752117385099,0.9256865522447111,0.015019752117385099
darcy,pino,boundary_band_50pct,clustered_50pct,False,200,0.8585359060762644,0.6174664701066644,0.7192086734364427,0.6174664701066643
darcy,pino,boundary_band_50pct,horizontal_lines_50pct,False,200,0.465890748002553,0.3330193512480306,0.7148013835342482,0.3330193512480306
darcy,pino,boundary_band_50pct,line_sensors_50pct,False,200,0.45485135867263077,0.3233194601456345,0.7108244352378346,0.3233194601456345
darcy,pino,boundary_band_50pct,random_50pct,False,200,0.5091983033776315,0.3603497547687157,0.7076805880507289,0.3603497547687157
darcy,pino,boundary_band_50pct,random_65pct,False,200,0.4679702043617839,0.2769850212823686,0.5918860190257622,0.2769850212823686
darcy,pino,boundary_band_50pct,random_80pct,False,200,0.43870994302410354,0.1964497299765965,0.44778955458003644,0.1964497299765965
darcy,pino,boundary_band_50pct,vertical_lines_50pct,False,200,0.4562780453768616,0.32511632111629823,0.712539918171538,0.3251163211162983
darcy,pino,clustered_50pct,block_observed_50pct,False,200,0.2939124123445861,0.25109484908380997,0.8543186287397201,0.25109484908380997
darcy,pino,clustered_50pct,boundary_band_50pct,False,200,0.34233985396590677,0.2917683078871057,0.8522767784908928,0.2917683078871057
darcy,pino,clustered_50pct,clustered_50pct,True,200,0.1413298439033881,0.124000155624896,0.8773812536696882,0.124000155624896
darcy,pino,clustered_50pct,horizontal_lines_50pct,False,200,0.1460822042434544,0.10529664428460148,0.7208040488567558,0.10529664428460148
darcy,pino,clustered_50pct,line_sensors_50pct,False,200,0.14973165379153314,0.10743755888897705,0.7175340428588274,0.10743755888897705
darcy,pino,clustered_50pct,random_50pct,False,200,0.18367574090087327,0.1299004229531999,0.7072268897137863,0.1299004229531999
darcy,pino,clustered_50pct,random_65pct,False,200,0.12747833099922637,0.07549251794524549,0.5921988258985257,0.07549251794524549
darcy,pino,clustered_50pct,random_80pct,False,200,0.16148869226496607,0.07222148428427214,0.4472231663488436,0.07222148428427214
darcy,pino,clustered_50pct,vertical_lines_50pct,False,200,0.14904327082038826,0.10734041162052488,0.7201962962144101,0.10734041162052488
darcy,pino,horizontal_lines_50pct,block_observed_50pct,False,200,1.0854698244472394,0.6899064918323577,0.635583298857417,0.6899064918323577
darcy,pino,horizontal_lines_50pct,boundary_band_50pct,False,200,1.1020114287335463,0.8042086412796955,0.7297643384732482,0.8042086412796955
darcy,pino,horizontal_lines_50pct,clustered_50pct,False,200,1.0544948349292103,0.7993438637822402,0.7580348782228993,0.7993438637822402
darcy,pino,horizontal_lines_50pct,horizontal_lines_50pct,True,200,0.016213444110840126,0.011819199543911389,0.7289752543081951,0.011819199543911389
darcy,pino,horizontal_lines_50pct,line_sensors_50pct,False,200,0.17014750931028533,0.12276778589518646,0.72153736715184,0.12276778589518646
darcy,pino,horizontal_lines_50pct,random_50pct,False,200,0.10434597211106823,0.07391280842636036,0.70834366608503,0.07391280842636036
darcy,pino,horizontal_lines_50pct,random_65pct,False,200,0.2874912935819737,0.16830004916114683,0.5854092034030891,0.16830004916114683
darcy,pino,horizontal_lines_50pct,random_80pct,False,200,0.5332305302924263,0.23690230584365823,0.444277460470502,0.23690230584365823
darcy,pino,horizontal_lines_50pct,vertical_lines_50pct,False,200,0.23744849146189104,0.1704457631907658,0.7178220511799767,0.1704457631907658
darcy,pino,line_sensors_50pct,block_observed_50pct,False,200,0.44129190998121987,0.4002876180286716,0.9070812516044237,0.4002876180286716
darcy,pino,line_sensors_50pct,boundary_band_50pct,False,200,0.49186363514895076,0.47020814569276864,0.9559725746961875,0.47020814569276864
darcy,pino,line_sensors_50pct,clustered_50pct,False,200,0.4545033240815971,0.35215728113860273,0.7748178340613848,0.35215728113860273
darcy,pino,line_sensors_50pct,horizontal_lines_50pct,False,200,0.023806381788996793,0.01768612190946201,0.7429151588939256,0.01768612190946201
darcy,pino,line_sensors_50pct,line_sensors_50pct,True,200,0.022376301981239112,0.01637547813629083,0.731822360550035,0.01637547813629083
darcy,pino,line_sensors_50pct,random_50pct,False,200,0.04135319517602161,0.029476068144169445,0.7127881659132583,0.029476068144169445
darcy,pino,line_sensors_50pct,random_65pct,False,200,0.26352658600795703,0.15546345357680763,0.5899346093760479,0.15546345357680763
darcy,pino,line_sensors_50pct,random_80pct,False,200,0.5296005795526835,0.2368176956908125,0.4471628333391097,0.2368176956908125
darcy,pino,line_sensors_50pct,vertical_lines_50pct,False,200,0.02358570653416483,0.017456474123976294,0.7401293702476074,0.017456474123976294
darcy,pino,random_50pct,block_observed_50pct,False,200,1.34160669979493,1.038699216142854,0.7742203555644314,1.038699216142854
darcy,pino,random_50pct,boundary_band_50pct,False,200,1.498820828094651,1.245026984527222,0.8306709922826067,1.245026984527222
darcy,pino,random_50pct,clustered_50pct,False,200,0.922393217306492,0.7724392325143605,0.8374294368403785,0.7724392325143605
darcy,pino,random_50pct,horizontal_lines_50pct,False,200,0.08241098123794688,0.06281358531470835,0.7621992163076595,0.06281358531470835
darcy,pino,random_50pct,line_sensors_50pct,False,200,0.07401490900967617,0.055037074797449695,0.7435944397398982,0.055037074797449695
darcy,pino,random_50pct,random_50pct,True,200,0.019749208112389255,0.013990235650402659,0.7083947655413169,0.013990235650402659
darcy,pino,random_50pct,random_65pct,False,200,0.29036137274317264,0.17209492163046772,0.5926922028388648,0.17209492163046772
darcy,pino,random_50pct,random_80pct,False,200,0.5729299912078869,0.25717511193355647,0.44887702839811855,0.25717511193355647
darcy,pino,random_50pct,vertical_lines_50pct,False,200,0.07806984770114604,0.05833557880521869,0.747222910290913,0.05833557880521869
darcy,pino,random_65pct,block_observed_50pct,False,200,0.705264703541663,0.5942883872399289,0.8426458665172966,0.5942883872399289
darcy,pino,random_65pct,boundary_band_50pct,False,200,0.7278160701398844,0.6285768004035809,0.8636478723020915,0.6285768004035809
darcy,pino,random_65pct,clustered_50pct,False,200,0.5718454399198639,0.4612808535166171,0.8066530242529504,0.4612808535166171
darcy,pino,random_65pct,horizontal_lines_50pct,False,200,0.2518115943733182,0.18580095811335962,0.7378570417925402,0.18580095811335962
darcy,pino,random_65pct,line_sensors_50pct,False,200,0.24469032937880805,0.1794294174197592,0.733291821852029,0.1794294174197592
darcy,pino,random_65pct,random_50pct,False,200,0.2290387110065863,0.1623011364069061,0.7086187993881914,0.1623011364069061
darcy,pino,random_65pct,random_65pct,True,200,0.01829098509540976,0.010816852273790757,0.5913761460833138,0.010816852273790757
darcy,pino,random_65pct,random_80pct,False,200,0.2376388158802258,0.1064398770279929,0.4479061075680519,0.1064398770279929
darcy,pino,random_65pct,vertical_lines_50pct,False,200,0.251689805231605,0.1849525974254068,0.7348434206749589,0.1849525974254068
darcy,pino,random_80pct,block_observed_50pct,False,200,0.6746145521985266,0.5991967247536223,0.888206047143332,0.5991967247536223
darcy,pino,random_80pct,boundary_band_50pct,False,200,0.7285280080262511,0.6740980056004138,0.9252877009172227,0.6740980056004138
darcy,pino,random_80pct,clustered_50pct,False,200,0.6170620641835789,0.5260777574827968,0.8525524222248837,0.5260777574827968
darcy,pino,random_80pct,horizontal_lines_50pct,False,200,0.3700905785688655,0.27106403572009574,0.7324261989275602,0.27106403572009574
darcy,pino,random_80pct,line_sensors_50pct,False,200,0.363976943517938,0.264712150562446,0.7272772500475709,0.264712150562446
darcy,pino,random_80pct,random_50pct,False,200,0.3637711715019572,0.25767750575600606,0.7083505399619598,0.25767750575600606
darcy,pino,random_80pct,random_65pct,False,200,0.17786891706829294,0.10552361753941147,0.5932662056906524,0.10552361753941147
darcy,pino,random_80pct,random_80pct,True,200,0.016283080163925517,0.007295908330075302,0.44806684341203956,0.007295908330075302
darcy,pino,random_80pct,vertical_lines_50pct,False,200,0.36558772113444965,0.26595046589925403,0.72746006095059,0.26595046589925403
darcy,pino,vertical_lines_50pct,block_observed_50pct,False,200,2.2019332048437046,1.083717468810374,0.49216636836506455,1.083717468810374
darcy,pino,vertical_lines_50pct,boundary_band_50pct,False,200,2.7268269220284953,1.5094379031739373,0.5535510490159975,1.5094379031739373
darcy,pino,vertical_lines_50pct,clustered_50pct,False,200,37.79987231988734,25.533330372433912,0.6754872121353772,25.533330372433912
darcy,pino,vertical_lines_50pct,horizontal_lines_50pct,False,200,0.2546957770764135,0.1839302109573697,0.7221565000749391,0.1839302109573697
darcy,pino,vertical_lines_50pct,line_sensors_50pct,False,200,0.26939153625546153,0.19096476515470506,0.7088744056666091,0.19096476515470506
darcy,pino,vertical_lines_50pct,random_50pct,False,200,0.49564747203661313,0.34598843817291447,0.6980534708494519,0.34598843817291447
darcy,pino,vertical_lines_50pct,random_65pct,False,200,0.5268131155013762,0.3066859903116128,0.5821532936205185,0.3066859903116128
darcy,pino,vertical_lines_50pct,random_80pct,False,200,0.6319639271692806,0.278912712699899,0.44134277402385375,0.278912712699899
darcy,pino,vertical_lines_50pct,vertical_lines_50pct,True,200,0.01842913286210115,0.013393310162528873,0.7267466278932598,0.013393310162528873
darcy,transolver,block_observed_50pct,block_observed_50pct,True,200,0.07521269522368669,0.07482646007462629,0.994864761222667,0.07482646007462629
darcy,transolver,block_observed_50pct,boundary_band_50pct,False,200,0.06127165880754919,0.060906459667270256,0.9940396727069851,0.060906459667270256
darcy,transolver,block_observed_50pct,clustered_50pct,False,200,0.542577164590633,0.5181369206735105,0.9549552662512762,0.5181369206735105
darcy,transolver,block_observed_50pct,horizontal_lines_50pct,False,200,0.8181895840202345,0.7211277889105508,0.8813700430739251,0.7211277889105508
darcy,transolver,block_observed_50pct,line_sensors_50pct,False,200,0.5733447859140857,0.5446269378640938,0.949911730680158,0.5446269378640938
darcy,transolver,block_observed_50pct,random_50pct,False,200,0.6908893803664303,0.6751582806547544,0.9772306534754773,0.6751582806547544
darcy,transolver,block_observed_50pct,random_65pct,False,200,0.6097339578910821,0.5813250145947123,0.9534076412692689,0.5813250145947123
darcy,transolver,block_observed_50pct,random_80pct,False,200,0.5523197817317359,0.48354732429472075,0.8754843485391979,0.48354732429472075
darcy,transolver,block_observed_50pct,vertical_lines_50pct,False,200,0.6593878012841095,0.6211796981174358,0.9420551865044119,0.6211796981174358
darcy,transolver,boundary_band_50pct,block_observed_50pct,False,200,0.4787166386884813,0.4255347495095995,0.8889073725856242,0.4255347495095995
darcy,transolver,boundary_band_50pct,boundary_band_50pct,True,200,0.14595871071171942,0.14275582657087318,0.9780562316203779,0.14275582657087318
darcy,transolver,boundary_band_50pct,clustered_50pct,False,200,0.7311221998374491,0.6481765235150335,0.8865501877239442,0.6481765235150335
darcy,transolver,boundary_band_50pct,horizontal_lines_50pct,False,200,0.4882855786408617,0.39822144807623966,0.8155502957607007,0.39822144807623966
darcy,transolver,boundary_band_50pct,line_sensors_50pct,False,200,0.5403529650600905,0.4393591988962254,0.8130966744068223,0.4393591988962254
darcy,transolver,boundary_band_50pct,random_50pct,False,200,0.5276026482366591,0.40543127684088764,0.7684405644966156,0.40543127684088764
darcy,transolver,boundary_band_50pct,random_65pct,False,200,0.4897954048068017,0.32054568984410936,0.6544481362999875,0.32054568984410936
darcy,transolver,boundary_band_50pct,random_80pct,False,200,0.5016562541434814,0.24566694808579367,0.4897117220341265,0.24566694808579367
darcy,transolver,boundary_band_50pct,vertical_lines_50pct,False,200,0.5857711460349847,0.47200750927606727,0.8057882544591519,0.47200750927606727
darcy,transolver,clustered_50pct,block_observed_50pct,False,200,0.18613669998393909,0.18561773978115892,0.9972119404565304,0.18561773978115892
darcy,transolver,clustered_50pct,boundary_band_50pct,False,200,0.18385726698692637,0.18295095101971565,0.9950705458529677,0.18295095101971565
darcy,transolver,clustered_50pct,clustered_50pct,True,200,0.06059130051188319,0.059979707942409345,0.9899062643596188,0.059979707942409345
darcy,transolver,clustered_50pct,horizontal_lines_50pct,False,200,0.040255947619002835,0.03838113898462613,0.9534277853270134,0.03838113898462613
darcy,transolver,clustered_50pct,line_sensors_50pct,False,200,0.03709377791154255,0.03552775859003456,0.957782156208449,0.03552775859003456
darcy,transolver,clustered_50pct,random_50pct,False,200,0.024459993995989558,0.022720065210467245,0.928866344537632,0.022720065210467245
darcy,transolver,clustered_50pct,random_65pct,False,200,0.0390425135598233,0.030047234210530828,0.769602965354437,0.030047234210530828
darcy,transolver,clustered_50pct,random_80pct,False,200,0.05964356959076623,0.03344817048086998,0.5608009498822534,0.03344817048086998
darcy,transolver,clustered_50pct,vertical_lines_50pct,False,200,0.03978574091008588,0.03811744481292819,0.9580679897119933,0.03811744481292819
darcy,transolver,horizontal_lines_50pct,block_observed_50pct,False,200,0.4302249294421783,0.4296511171579543,0.9986662505007136,0.4296511171579543
darcy,transolver,horizontal_lines_50pct,boundary_band_50pct,False,200,0.456259373206101,0.45591298543117564,0.9992408095147913,0.45591298543117564
darcy,transolver,horizontal_lines_50pct,clustered_50pct,False,200,0.32885623957102195,0.3238731284655013,0.9848471444178135,0.3238731284655013
darcy,transolver,horizontal_lines_50pct,horizontal_lines_50pct,True,200,0.0025769866778638504,0.002455901417550824,0.9530128497158558,0.002455901417550824
darcy,transolver,horizontal_lines_50pct,line_sensors_50pct,False,200,0.0969425460618092,0.09520352039125647,0.9820612750417763,0.09520352039125647
darcy,transolver,horizontal_lines_50pct,random_50pct,False,200,0.18948826360796145,0.1852892978619467,0.9778404969993174,0.1852892978619467
darcy,transolver,horizontal_lines_50pct,random_65pct,False,200,0.17231090656731024,0.1652733060325805,0.9591575444936759,0.1652733060325805
darcy,transolver,horizontal_lines_50pct,random_80pct,False,200,0.15324577454505076,0.12470197097537404,0.8137383973266715,0.12470197097537404
darcy,transolver,horizontal_lines_50pct,vertical_lines_50pct,False,200,0.29067437311398964,0.2712238498488881,0.9330848362835416,0.2712238498488881
darcy,transolver,line_sensors_50pct,block_observed_50pct,False,200,0.704433000838171,0.7036940028478094,0.9989509321830716,0.7036940028478094
darcy,transolver,line_sensors_50pct,boundary_band_50pct,False,200,0.7538606982724732,0.7532574069068105,0.9991997309754374,0.7532574069068105
darcy,transolver,line_sensors_50pct,clustered_50pct,False,200,0.36910954318130124,0.3673735806277561,0.995296890623355,0.3673735806277561
darcy,transolver,line_sensors_50pct,horizontal_lines_50pct,False,200,0.013100731247040549,0.01286067635745451,0.9816762221085737,0.01286067635745451
darcy,transolver,line_sensors_50pct,line_sensors_50pct,True,200,0.004918782589884332,0.0047893094817942185,0.9736778144339251,0.0047893094817942185
darcy,transolver,line_sensors_50pct,random_50pct,False,200,0.08576427155133942,0.08504855669161829,0.9916548599227278,0.08504855669161829
darcy,transolver,line_sensors_50pct,random_65pct,False,200,0.0739483228207011,0.06465466351243628,0.8743222435105296,0.06465466351243628
darcy,transolver,line_sensors_50pct,random_80pct,False,200,0.14833819730885064,0.10873539425734945,0.7330235652719619,0.10873539425734945
darcy,transolver,line_sensors_50pct,vertical_lines_50pct,False,200,0.012098451365908178,0.011327227127474535,0.9362543010581627,0.011327227127474535
darcy,transolver,random_50pct,block_observed_50pct,False,200,1.527240787558155,1.5136424040587593,0.9910961103120237,1.5136424040587593
darcy,transolver,random_50pct,boundary_band_50pct,False,200,1.5537047549921943,1.5474005516310854,0.9959424701888483,1.5474005516310854
darcy,transolver,random_50pct,clustered_50pct,False,200,1.312019445755754,1.2784491362699477,0.974413253100476,1.2784491362699477
darcy,transolver,random_50pct,horizontal_lines_50pct,False,200,0.5191413363870143,0.5160360842471079,0.9940184841347492,0.5160360842471079
darcy,transolver,random_50pct,line_sensors_50pct,False,200,0.5271573826963438,0.5265940298548465,0.9989313384200068,0.5265940298548465
darcy,transolver,random_50pct,random_50pct,True,200,0.0019169835484075968,0.0017740300272330084,0.9254278831483258,0.0017740300272330084
darcy,transolver,random_50pct,random_65pct,False,200,0.05367740766113585,0.03077494046532498,0.5733313475122797,0.03077494046532498
darcy,transolver,random_50pct,random_80pct,False,200,0.13299794263705178,0.07825631193762611,0.5884024247742368,0.07825631193762611
darcy,transolver,random_50pct,vertical_lines_50pct,False,200,0.6002188524610856,0.598714285626324,0.9974933029367664,0.598714285626324
darcy,transolver,random_65pct,block_observed_50pct,False,200,0.8302390515475325,0.8296961158288955,0.9993460489269625,0.8296961158288955
darcy,transolver,random_65pct,boundary_band_50pct,False,200,0.8660126596202465,0.8657507728219328,0.9996975947228894,0.8657507728219328
darcy,transolver,random_65pct,clustered_50pct,False,200,0.7670452129314878,0.757421838023919,0.9874539665389603,0.757421838023919
darcy,transolver,random_65pct,horizontal_lines_50pct,False,200,0.2603423882092223,0.2595081463225211,0.9967955971655651,0.2595081463225211
darcy,transolver,random_65pct,line_sensors_50pct,False,200,0.28109198088711873,0.28050718831051275,0.997919568623906,0.28050718831051275
darcy,transolver,random_65pct,random_50pct,False,200,0.02989928240446013,0.02569689560399349,0.8594485732594117,0.02569689560399349
darcy,transolver,random_65pct,random_65pct,True,200,0.0008624556467520591,0.0006714537985601992,0.7785371932908574,0.0006714537985601992
darcy,transolver,random_65pct,random_80pct,False,200,0.051112976990041165,0.02732829944829317,0.5346646009998167,0.02732829944829317
darcy,transolver,random_65pct,vertical_lines_50pct,False,200,0.2974461038347352,0.2953418498726761,0.992925595814063,0.2953418498726761
darcy,transolver,random_80pct,block_observed_50pct,False,200,1.5916808399892433,1.5755783224010806,0.9898833251091522,1.5755783224010806
darcy,transolver,random_80pct,boundary_band_50pct,False,200,1.6226828239227948,1.6139820976437702,0.9946380610241558,1.6139820976437702
darcy,transolver,random_80pct,clustered_50pct,False,200,1.1207208578432302,1.051893945911772,0.938586926932089,1.051893945911772
darcy,transolver,random_80pct,horizontal_lines_50pct,False,200,0.862718348571305,0.8077098604933586,0.9362381846067809,0.8077098604933586
darcy,transolver,random_80pct,line_sensors_50pct,False,200,1.3595205810248918,1.2248768186923464,0.9009623214155078,1.2248768186923464
darcy,transolver,random_80pct,random_50pct,False,200,0.41125895832962583,0.3791984811198026,0.9220430909516465,0.3791984811198026
darcy,transolver,random_80pct,random_65pct,False,200,0.0684259420532659,0.057248728883191165,0.836652403537625,0.057248728883191165
darcy,transolver,random_80pct,random_80pct,True,200,0.001668666776907361,0.001395929436507686,0.8365537420807555,0.001395929436507686
darcy,transolver,random_80pct,vertical_lines_50pct,False,200,2.33427071323386,1.9233837085800238,0.8239762841883065,1.9233837085800238
darcy,transolver,vertical_lines_50pct,block_observed_50pct,False,200,0.7348646277998327,0.7341746152708657,0.9990610345050449,0.7341746152708657
darcy,transolver,vertical_lines_50pct,boundary_band_50pct,False,200,0.7963580406750482,0.7956813066899165,0.9991502139106199,0.7956813066899165
darcy,transolver,vertical_lines_50pct,clustered_50pct,False,200,0.6373530663063227,0.63238604607076,0.9922067994991406,0.63238604607076
darcy,transolver,vertical_lines_50pct,horizontal_lines_50pct,False,200,0.4591071420140029,0.45290133125026577,0.9864828703458771,0.45290133125026577
darcy,transolver,vertical_lines_50pct,line_sensors_50pct,False,200,0.30664753165571396,0.3055642761716681,0.9964674247394169,0.3055642761716681
darcy,transolver,vertical_lines_50pct,random_50pct,False,200,0.4005076513186927,0.3960141365362707,0.9887804520896746,0.3960141365362707
darcy,transolver,vertical_lines_50pct,random_65pct,False,200,0.34349749692015036,0.33387337885456975,0.9719819848707141,0.33387337885456975
darcy,transolver,vertical_lines_50pct,random_80pct,False,200,0.26630905491932283,0.2418877934700043,0.9082972921941508,0.2418877934700043
darcy,transolver,vertical_lines_50pct,vertical_lines_50pct,True,200,0.005752986687968059,0.0055968391594298774,0.9728580062831098,0.0055968391594298774
darcy,ufno_2d,block_observed_50pct,block_observed_50pct,True,200,0.3566724451763065,0.2671107382945302,0.7488964788476858,0.2671107382945302
darcy,ufno_2d,block_observed_50pct,boundary_band_50pct,False,200,0.35674277097365326,0.2970729029853536,0.8327369947106609,0.2970729029853536
darcy,ufno_2d,block_observed_50pct,clustered_50pct,False,200,0.3567368067412964,0.23139251406053588,0.6486365008821209,0.23139251406053588
darcy,ufno_2d,block_observed_50pct,horizontal_lines_50pct,False,200,0.3566999642119958,0.2520298869331034,0.7065598884762312,0.2520298869331034
darcy,ufno_2d,block_observed_50pct,line_sensors_50pct,False,200,0.3567034702036973,0.2516709004548888,0.7055465434949957,0.2516709004548888
darcy,ufno_2d,block_observed_50pct,random_50pct,False,200,0.35670859997179716,0.25210984618498605,0.7067669414332004,0.25210984618498605
darcy,ufno_2d,block_observed_50pct,random_65pct,False,200,0.3566689635382764,0.21085418309972453,0.5911761455439799,0.21085418309972453
darcy,ufno_2d,block_observed_50pct,random_80pct,False,200,0.356635425615808,0.159527461113128,0.4473124363281337,0.159527461113128
darcy,ufno_2d,block_observed_50pct,vertical_lines_50pct,False,200,0.35673063727432913,0.2516244216440518,0.7053625210512836,0.2516244216440518
darcy,ufno_2d,boundary_band_50pct,block_observed_50pct,False,200,0.7027045000326438,0.5080239996449113,0.7229553811329105,0.5080239996449113
darcy,ufno_2d,boundary_band_50pct,boundary_band_50pct,True,200,0.35670431523421475,0.2973080545605979,0.833486004690981,0.2973080545605979
darcy,ufno_2d,boundary_band_50pct,clustered_50pct,False,200,1.3653840054469975,0.9312767748500257,0.6820621679577575,0.9312767748500257
darcy,ufno_2d,boundary_band_50pct,horizontal_lines_50pct,False,200,1.0693893343949101,0.756672358305814,0.7075742519294529,0.756672358305814
darcy,ufno_2d,boundary_band_50pct,line_sensors_50pct,False,200,1.0666289815297565,0.753909994003225,0.7068155910426972,0.753909994003225
darcy,ufno_2d,boundary_band_50pct,random_50pct,False,200,1.0732221848456032,0.7589263588374995,0.7071474756615107,0.7589263588374995
darcy,ufno_2d,boundary_band_50pct,random_65pct,False,200,1.0833081734926135,0.6408231200033283,0.5915427721156188,0.6408231200033283
darcy,ufno_2d,boundary_band_50pct,random_80pct,False,200,1.0950224814054321,0.49003703962964645,0.44751322274287647,0.49003703962964645
darcy,ufno_2d,boundary_band_50pct,vertical_lines_50pct,False,200,1.0684960516456763,0.7529343841836769,0.7046674463831872,0.7529343841836769
darcy,ufno_2d,clustered_50pct,block_observed_50pct,False,200,0.297656838863926,0.2381567860834627,0.8001052050154177,0.2381567860834627
darcy,ufno_2d,clustered_50pct,boundary_band_50pct,False,200,0.3103980946973919,0.26834031509859557,0.8645037443293633,0.26834031509859557
darcy,ufno_2d,clustered_50pct,clustered_50pct,True,200,0.2980594249140193,0.21493074234515447,0.7211003054412897,0.21493074234515444
darcy,ufno_2d,clustered_50pct,horizontal_lines_50pct,False,200,0.27305692322358,0.19402197739189264,0.7105550560716849,0.19402197739189264
darcy,ufno_2d,clustered_50pct,line_sensors_50pct,False,200,0.27212812184673146,0.19279538357480008,0.7084728409046481,0.19279538357480008
darcy,ufno_2d,clustered_50pct,random_50pct,False,200,0.2692950618987017,0.19040745799910244,0.70705885453899,0.19040745799910244
darcy,ufno_2d,clustered_50pct,random_65pct,False,200,0.2918522266944521,0.17259518794660578,0.5913786915434444,0.17259518794660578
darcy,ufno_2d,clustered_50pct,random_80pct,False,200,0.34126013357372786,0.15270295473511614,0.4474678982745146,0.15270295473511614
darcy,ufno_2d,clustered_50pct,vertical_lines_50pct,False,200,0.2728749031284388,0.1934455302688188,0.7089165330010815,0.1934455302688188
darcy,ufno_2d,horizontal_lines_50pct,block_observed_50pct,False,200,1.4921782725002395,1.205595767691364,0.8079435211660814,1.205595767691364
darcy,ufno_2d,horizontal_lines_50pct,boundary_band_50pct,False,200,1.4723804452540679,1.2262241824532025,0.8328174870874561,1.2262241824532025
darcy,ufno_2d,horizontal_lines_50pct,clustered_50pct,False,200,1.083052962567472,0.8921684481572492,0.8237532964614082,0.8921684481572492
darcy,ufno_2d,horizontal_lines_50pct,horizontal_lines_50pct,True,200,0.32087420318260973,0.22799406668418074,0.710540343919231,0.22799406668418076
darcy,ufno_2d,horizontal_lines_50pct,line_sensors_50pct,False,200,0.35383007282341367,0.25919201818934356,0.7325324727802286,0.25919201818934356
darcy,ufno_2d,horizontal_lines_50pct,random_50pct,False,200,0.32065696466112553,0.22776317788222847,0.7103016712047142,0.22776317788222847
darcy,ufno_2d,horizontal_lines_50pct,random_65pct,False,200,0.30756481248805384,0.1826615661480621,0.5938961764527496,0.1826615661480621
darcy,ufno_2d,horizontal_lines_50pct,random_80pct,False,200,0.32405994260919113,0.14541012048374147,0.4487136525204621,0.14541012048374147
darcy,ufno_2d,horizontal_lines_50pct,vertical_lines_50pct,False,200,0.3812684291619833,0.2862386080641142,0.7507535011311013,0.2862386080641142
darcy,ufno_2d,line_sensors_50pct,block_observed_50pct,False,200,0.6164518483902007,0.514132984077706,0.8340196974351043,0.514132984077706
darcy,ufno_2d,line_sensors_50pct,boundary_band_50pct,False,200,0.6574653015837562,0.6099713811757502,0.9277620882902889,0.6099713811757502
darcy,ufno_2d,line_sensors_50pct,clustered_50pct,False,200,0.574914785017312,0.4504862982712672,0.7835705569090592,0.4504862982712672
darcy,ufno_2d,line_sensors_50pct,horizontal_lines_50pct,False,200,0.0928199943378561,0.06658746502785721,0.7173827740765106,0.06658746502785721
darcy,ufno_2d,line_sensors_50pct,line_sensors_50pct,True,200,0.0923027608678904,0.06618024643257829,0.7169909741627305,0.06618024643257829
darcy,ufno_2d,line_sensors_50pct,random_50pct,False,200,0.08103661199502288,0.057553009835602395,0.7102099707615762,0.057553009835602395
darcy,ufno_2d,line_sensors_50pct,random_65pct,False,200,0.2848349948310966,0.16831613394988018,0.5909250513606639,0.16831613394988018
darcy,ufno_2d,line_sensors_50pct,random_80pct,False,200,0.5343750170190787,0.23876805969779707,0.4468174074262015,0.23876805969779707
darcy,ufno_2d,line_sensors_50pct,vertical_lines_50pct,False,200,0.09141521056342787,0.0655886344115869,0.7174805375094403,0.06558863441158688
darcy,ufno_2d,random_50pct,block_observed_50pct,False,200,0.7618846113668997,0.601759117834706,0.7898297312438008,0.601759117834706
darcy,ufno_2d,random_50pct,boundary_band_50pct,False,200,0.7332841664607966,0.6545119030957806,0.8925760749134797,0.6545119030957806
darcy,ufno_2d,random_50pct,clustered_50pct,False,200,0.7573028491669029,0.48890087845494085,0.6455817233393127,0.48890087845494085
darcy,ufno_2d,random_50pct,horizontal_lines_50pct,False,200,0.24772423798839707,0.1817169662908212,0.7335453638546765,0.1817169662908212
darcy,ufno_2d,random_50pct,line_sensors_50pct,False,200,0.23899636333110663,0.17362443640153788,0.7264731311455054,0.17362443640153788
darcy,ufno_2d,random_50pct,random_50pct,True,200,0.17895919172188252,0.1269505520496168,0.7093826856734385,0.1269505520496168
darcy,ufno_2d,random_50pct,random_65pct,False,200,0.31178464977052345,0.18359845274410322,0.588863027346707,0.18359845274410322
darcy,ufno_2d,random_50pct,random_80pct,False,200,0.5716424078046025,0.2547426049926209,0.44563279685802537,0.2547426049926209
darcy,ufno_2d,random_50pct,vertical_lines_50pct,False,200,0.243020476436912,0.17532383541525093,0.7214364731144988,0.17532383541525093
darcy,ufno_2d,random_65pct,block_observed_50pct,False,200,0.7115980579633947,0.6527327099096092,0.9172772502748826,0.6527327099096092
darcy,ufno_2d,random_65pct,boundary_band_50pct,False,200,0.7484533893078544,0.7261207931044261,0.9701616740301212,0.7261207931044261
darcy,ufno_2d,random_65pct,clustered_50pct,False,200,0.6336295893672035,0.5230319152849563,0.8254537415263397,0.5230319152849563
darcy,ufno_2d,random_65pct,horizontal_lines_50pct,False,200,0.3102813194764516,0.2403480658982056,0.7746133937542653,0.2403480658982056
darcy,ufno_2d,random_65pct,line_sensors_50pct,False,200,0.3024884968498679,0.23248960933767315,0.7685899191500931,0.23248960933767315
darcy,ufno_2d,random_65pct,random_50pct,False,200,0.27253321021134397,0.19514619107021272,0.7160455451241367,0.19514619107021272
darcy,ufno_2d,random_65pct,random_65pct,True,200,0.12504777310703724,0.07404296648932417,0.592117433598322,0.07404296648932417
darcy,ufno_2d,random_65pct,random_80pct,False,200,0.26004179093163055,0.11360064538540492,0.4368553415142125,0.11360064538540492
darcy,ufno_2d,random_65pct,vertical_lines_50pct,False,200,0.3046503572948738,0.2353505791906999,0.7725268444799558,0.2353505791906999
darcy,ufno_2d,random_80pct,block_observed_50pct,False,200,0.7398811058400291,0.7021113129483139,0.9489515374921853,0.7021113129483139
darcy,ufno_2d,random_80pct,boundary_band_50pct,False,200,0.8097034487978354,0.7790702562898759,0.9621673928233349,0.7790702562898759
darcy,ufno_2d,random_80pct,clustered_50pct,False,200,0.6377606900212535,0.5825830365134853,0.913482197364768,0.5825830365134853
darcy,ufno_2d,random_80pct,horizontal_lines_50pct,False,200,0.45769199131152666,0.34553411289185204,0.7549490038086887,0.34553411289185204
darcy,ufno_2d,random_80pct,line_sensors_50pct,False,200,0.4539423521587427,0.3397286833093658,0.7483960941158524,0.3397286833093658
darcy,ufno_2d,random_80pct,random_50pct,False,200,0.4400797625125834,0.3133781329328722,0.7120939421155764,0.3133781329328722
darcy,ufno_2d,random_80pct,random_65pct,False,200,0.2908850739056867,0.17391408471655076,0.597879026178355,0.17391408471655076
darcy,ufno_2d,random_80pct,random_80pct,True,200,0.21441838859393023,0.09599721864870872,0.4477098222695356,0.09599721864870872
darcy,ufno_2d,random_80pct,vertical_lines_50pct,False,200,0.45430900212799175,0.34275367279675256,0.7544505417926742,0.34275367279675256
darcy,ufno_2d,vertical_lines_50pct,block_observed_50pct,False,200,0.3569620262780614,0.2666348029444954,0.7469556516266407,0.2666348029444954
darcy,ufno_2d,vertical_lines_50pct,boundary_band_50pct,False,200,0.3568243535167799,0.2968191957645653,0.8318355875634121,0.2968191957645653
darcy,ufno_2d,vertical_lines_50pct,clustered_50pct,False,200,0.3572602320859929,0.23170576333622395,0.6485629872189417,0.23170576333622395
darcy,ufno_2d,vertical_lines_50pct,horizontal_lines_50pct,False,200,0.35666655630490046,0.2519892362290122,0.7065120958904718,0.2519892362290122
darcy,ufno_2d,vertical_lines_50pct,line_sensors_50pct,False,200,0.3567175232449052,0.25166892227137405,0.7055132026653768,0.25166892227137405
darcy,ufno_2d,vertical_lines_50pct,random_50pct,False,200,0.3565812190811631,0.25201300999832293,0.7067478501748043,0.25201300999832293
darcy,ufno_2d,vertical_lines_50pct,random_65pct,False,200,0.3564591030603961,0.2107286634547027,0.591172063346067,0.2107286634547027
darcy,ufno_2d,vertical_lines_50pct,random_80pct,False,200,0.35638134079900186,0.1594142058969741,0.4473135589522441,0.1594142058969741
darcy,ufno_2d,vertical_lines_50pct,vertical_lines_50pct,True,200,0.3566322008495421,0.25155246305665185,0.7053554403035472,0.25155246305665185
helmholtz,cno,block_observed_50pct,block_observed_50pct,True,200,0.08953390001336596,0.08814010351372974,0.9844327511766141,0.08814010351372974
helmholtz,cno,block_observed_50pct,boundary_band_50pct,False,200,0.06914667137138052,0.06804039393513633,0.9840010022998437,0.06804039393513633
helmholtz,cno,block_observed_50pct,clustered_50pct,False,200,0.7385283926822618,0.7148806018796937,0.967979848795411,0.7148806018796937
helmholtz,cno,block_observed_50pct,horizontal_lines_50pct,False,200,1.0021028182968252,0.7897989862593577,0.7881416675403635,0.7897989862593577
helmholtz,cno,block_observed_50pct,line_sensors_50pct,False,200,1.0034369678598776,0.7737824986331681,0.771132142244555,0.7737824986331681
helmholtz,cno,block_observed_50pct,random_50pct,False,200,0.9504098257562233,0.6832818730990761,0.718933932059679,0.6832818730990761
helmholtz,cno,block_observed_50pct,random_65pct,False,200,0.9032092054610851,0.5432599754713613,0.6014774563707298,0.5432599754713613
helmholtz,cno,block_observed_50pct,random_80pct,False,200,0.897340257872058,0.40640561745421394,0.45290023922247663,0.40640561745421394
helmholtz,cno,block_observed_50pct,vertical_lines_50pct,False,200,1.0809134284585233,0.8384940043237432,0.7757272527546528,0.8384940043237432
helmholtz,cno,boundary_band_50pct,block_observed_50pct,False,200,0.5762436896531571,0.5686647784453241,0.9868477324022503,0.5686647784453241
helmholtz,cno,boundary_band_50pct,boundary_band_50pct,True,200,0.04537805731643964,0.04412396044159477,0.9723633635062969,0.04412396044159477
helmholtz,cno,boundary_band_50pct,clustered_50pct,False,200,0.890739175501661,0.7401946836493803,0.8309892547754009,0.7401946836493803
helmholtz,cno,boundary_band_50pct,horizontal_lines_50pct,False,200,0.674221450172042,0.4939523157973339,0.7326262249165929,0.4939523157973339
helmholtz,cno,boundary_band_50pct,line_sensors_50pct,False,200,0.6817869851752136,0.5023999022323448,0.7368869062574319,0.5023999022323448
helmholtz,cno,boundary_band_50pct,random_50pct,False,200,0.7265624505647721,0.520894621276453,0.7169302802141108,0.520894621276453
helmholtz,cno,boundary_band_50pct,random_65pct,False,200,0.6724968422555616,0.40501610671425664,0.602257261693346,0.40501610671425664
helmholtz,cno,boundary_band_50pct,random_80pct,False,200,0.658090383634019,0.3003381272194761,0.4563782341887279,0.3003381272194761
helmholtz,cno,boundary_band_50pct,vertical_lines_50pct,False,200,0.7292736463372356,0.555235657439284,0.7613543424034938,0.555235657439284
helmholtz,cno,clustered_50pct,block_observed_50pct,False,200,0.571163567297958,0.5702819080885316,0.9984563805188112,0.5702819080885316
helmholtz,cno,clustered_50pct,boundary_band_50pct,False,200,0.6334247468173101,0.6326375440568308,0.9987572276510593,0.6326375440568308
helmholtz,cno,clustered_50pct,clustered_50pct,True,200,0.09069536573914584,0.08924514129274277,0.9840099388256051,0.08924514129274277
helmholtz,cno,clustered_50pct,horizontal_lines_50pct,False,200,0.14527324621684362,0.10916761008177786,0.7514639682438685,0.10916761008177786
helmholtz,cno,clustered_50pct,line_sensors_50pct,False,200,0.13963317303130945,0.10610451000057029,0.7598803901475393,0.10610451000057029
helmholtz,cno,clustered_50pct,random_50pct,False,200,0.14530117621412647,0.10416630935776591,0.7168992851390191,0.10416630935776591
helmholtz,cno,clustered_50pct,random_65pct,False,200,0.16789697716975638,0.100337634133737,0.5976142979172767,0.100337634133737
helmholtz,cno,clustered_50pct,random_80pct,False,200,0.21909631898491777,0.0990943076073059,0.45228650150953653,0.0990943076073059
helmholtz,cno,clustered_50pct,vertical_lines_50pct,False,200,0.1432555934786658,0.11128265684468332,0.7768119494842342,0.11128265684468332
helmholtz,cno,horizontal_lines_50pct,block_observed_50pct,False,200,0.8232912492256632,0.8224441543224132,0.9989710872014652,0.8224441543224132
helmholtz,cno,horizontal_lines_50pct,boundary_band_50pct,False,200,0.8617175969006073,0.8609615642700752,0.9991226445493844,0.8609615642700752
helmholtz,cno,horizontal_lines_50pct,clustered_50pct,False,200,0.42008736311960326,0.41886450327071345,0.9970890344336741,0.41886450327071345
helmholtz,cno,horizontal_lines_50pct,horizontal_lines_50pct,True,200,0.00503641555818129,0.0039468665534332726,0.7836657852868942,0.0039468665534332726
helmholtz,cno,horizontal_lines_50pct,line_sensors_50pct,False,200,0.0468604450213801,0.04168292563882123,0.8895119459451009,0.04168292563882123
helmholtz,cno,horizontal_lines_50pct,random_50pct,False,200,0.02201486749389633,0.016292049685325393,0.7400475923755798,0.016292049685325393
helmholtz,cno,horizontal_lines_50pct,random_65pct,False,200,0.20329919334386048,0.12213498132855252,0.6007647119483316,0.12213498132855252
helmholtz,cno,horizontal_lines_50pct,random_80pct,False,200,0.4272780121802058,0.19447495995912728,0.4551485319050466,0.19447495995912728
helmholtz,cno,horizontal_lines_50pct,vertical_lines_50pct,False,200,0.0872586661436109,0.08032622890691865,0.9205530230626858,0.08032622890691865
helmholtz,cno,line_sensors_50pct,block_observed_50pct,False,200,0.782194175033144,0.7808671688268569,0.9983034823722244,0.7808671688268569
helmholtz,cno,line_sensors_50pct,boundary_band_50pct,False,200,0.8265368774111258,0.8251703955678157,0.9983467382029098,0.8251703955678157
helmholtz,cno,line_sensors_50pct,clustered_50pct,False,200,0.37142218522581727,0.370208040409811,0.996731092367926,0.370208040409811
helmholtz,cno,line_sensors_50pct,horizontal_lines_50pct,False,200,0.007506967136111383,0.006027642346534555,0.8029397541304384,0.006027642346534555
helmholtz,cno,line_sensors_50pct,line_sensors_50pct,True,200,0.00655884244479169,0.0051138547736482454,0.7796886137597504,0.0051138547736482454
helmholtz,cno,line_sensors_50pct,random_50pct,False,200,0.005883180059237433,0.0042913389919909325,0.7294250641288664,0.0042913389919909325
helmholtz,cno,line_sensors_50pct,random_65pct,False,200,0.13236101071420114,0.07962581411864189,0.6015805839574082,0.07962581411864189
helmholtz,cno,line_sensors_50pct,random_80pct,False,200,0.24879712263041254,0.11349918267063684,0.45619170137767057,0.11349918267063684
helmholtz,cno,line_sensors_50pct,vertical_lines_50pct,False,200,0.0071273867656505615,0.005716543254772873,0.8020531848114304,0.005716543254772873
helmholtz,cno,random_50pct,block_observed_50pct,False,200,0.8472989996908652,0.8430216689527174,0.9949518048059677,0.8430216689527174
helmholtz,cno,random_50pct,boundary_band_50pct,False,200,0.8950283207367283,0.891183790828809,0.9957045717785168,0.891183790828809
helmholtz,cno,random_50pct,clustered_50pct,False,200,0.4901884375874275,0.472830482532965,0.9645892197296747,0.472830482532965
helmholtz,cno,random_50pct,horizontal_lines_50pct,False,200,0.07155812894667153,0.06527364188427469,0.9121764758958366,0.06527364188427469
helmholtz,cno,random_50pct,line_sensors_50pct,False,200,0.06503256980934713,0.06125246151267152,0.9418736133639256,0.06125246151267152
helmholtz,cno,random_50pct,random_50pct,True,200,0.004328187117865771,0.003108886928096656,0.7182884758525986,0.003108886928096656
helmholtz,cno,random_50pct,random_65pct,False,200,0.11267395227103166,0.06753319015265992,0.5993682549646625,0.06753319015265992
helmholtz,cno,random_50pct,random_80pct,False,200,0.2226240974415356,0.1008845142701214,0.4531608007826519,0.1008845142701214
helmholtz,cno,random_50pct,vertical_lines_50pct,False,200,0.07714470816344025,0.07045632672878707,0.9133008395017446,0.07045632672878707
helmholtz,cno,random_65pct,block_observed_50pct,False,200,0.8566978112465778,0.8510430424972683,0.9933993425977342,0.8510430424972683
helmholtz,cno,random_65pct,boundary_band_50pct,False,200,0.9028004284080245,0.8990001034547618,0.9957905148982216,0.8990001034547618
helmholtz,cno,random_65pct,clustered_50pct,False,200,0.5377584297091477,0.5063137769868993,0.9415264345753621,0.5063137769868993
helmholtz,cno,random_65pct,horizontal_lines_50pct,False,200,0.24105958195581967,0.20345997597198004,0.844023599150144,0.20345997597198004
helmholtz,cno,random_65pct,line_sensors_50pct,False,200,0.22460373852472112,0.1895526416903123,0.8439425048548295,0.1895526416903123
helmholtz,cno,random_65pct,random_50pct,False,200,0.14126848326160749,0.103462671206527,0.7323832522143673,0.103462671206527
helmholtz,cno,random_65pct,random_65pct,True,200,0.004623939586041771,0.0027633301455059715,0.5976138083308012,0.0027633301455059715
helmholtz,cno,random_65pct,random_80pct,False,200,1.1514644209908709,0.512572185658402,0.44514808822083946,0.512572185658402
helmholtz,cno,random_65pct,vertical_lines_50pct,False,200,0.24115055288741033,0.20359370385248837,0.8442597431967875,0.20359370385248837
helmholtz,cno,random_80pct,block_observed_50pct,False,200,0.9099267998889867,0.863464475350879,0.9489383931281327,0.863464475350879
helmholtz,cno,random_80pct,boundary_band_50pct,False,200,0.9513257834702306,0.9114458444213577,0.9580796192620792,0.9114458444213577
helmholtz,cno,random_80pct,clustered_50pct,False,200,0.5761072693655792,0.5196239826698472,0.9019569970746376,0.5196239826698473
helmholtz,cno,random_80pct,horizontal_lines_50pct,False,200,0.14904302967965777,0.13984394331438463,0.9382789897317239,0.13984394331438463
helmholtz,cno,random_80pct,line_sensors_50pct,False,200,0.13955031395370437,0.13286886496304787,0.9521215767893358,0.13286886496304787
helmholtz,cno,random_80pct,random_50pct,False,200,0.0432560096931859,0.03352484345388595,0.7750331963506819,0.03352484345388595
helmholtz,cno,random_80pct,random_65pct,False,200,0.016097349807874986,0.010361641221272297,0.6436861561027442,0.010361641221272297
helmholtz,cno,random_80pct,random_80pct,True,200,0.00786673660379879,0.0035406175845952865,0.45007450521294284,0.0035406175845952865
helmholtz,cno,random_80pct,vertical_lines_50pct,False,200,0.1464073085519052,0.13754338016650464,0.9394570634958563,0.13754338016650464
helmholtz,cno,vertical_lines_50pct,block_observed_50pct,False,200,0.8511550385578659,0.8504243955925369,0.9991415865121742,0.8504243955925369
helmholtz,cno,vertical_lines_50pct,boundary_band_50pct,False,200,0.8963931470006956,0.895911346113493,0.9994625116347501,0.895911346113493
helmholtz,cno,vertical_lines_50pct,clustered_50pct,False,200,0.44032314168000164,0.43855660256435525,0.9959880847758618,0.43855660256435525
helmholtz,cno,vertical_lines_50pct,horizontal_lines_50pct,False,200,0.07069767402329584,0.06415988852313317,0.9075247440529886,0.06415988852313319
helmholtz,cno,vertical_lines_50pct,line_sensors_50pct,False,200,0.041092371271743484,0.035610016857170586,0.8665846179010177,0.035610016857170586
helmholtz,cno,vertical_lines_50pct,random_50pct,False,200,0.019293131035659373,0.013968241348337164,0.7240007504494606,0.013968241348337164
helmholtz,cno,vertical_lines_50pct,random_65pct,False,200,0.11646902275573594,0.07034189269931602,0.6039536611107332,0.07034189269931602
helmholtz,cno,vertical_lines_50pct,random_80pct,False,200,0.195953668066583,0.08980019531243524,0.45827259167162965,0.08980019531243524
helmholtz,cno,vertical_lines_50pct,vertical_lines_50pct,True,200,0.00923599812155064,0.006789647642861415,0.7351287379562065,0.006789647642861415
helmholtz,deeponet,block_observed_50pct,block_observed_50pct,True,200,0.0952320729433066,0.08936956236093613,0.9384397461781544,0.08936956236093613
helmholtz,deeponet,block_observed_50pct,boundary_band_50pct,False,200,0.05526933150165706,0.050930335092163805,0.9214935970527676,0.050930335092163805
helmholtz,deeponet,block_observed_50pct,clustered_50pct,False,200,1.6012809166031672,1.0294263508717143,0.6428767995658496,1.0294263508717143
helmholtz,deeponet,block_observed_50pct,horizontal_lines_50pct,False,200,15.278696718285708,10.824690192921048,0.7084825618644516,10.824690192921048
helmholtz,deeponet,block_observed_50pct,line_sensors_50pct,False,200,12.735699407551401,9.02662290857615,0.7087653861572751,9.02662290857615
helmholtz,deeponet,block_observed_50pct,random_50pct,False,200,7.602846967704271,5.377048939316736,0.7072415059986892,5.377048939316736
helmholtz,deeponet,block_observed_50pct,random_65pct,False,200,6.76544383484033,4.004646337899407,0.5919266253126644,4.004646337899407
helmholtz,deeponet,block_observed_50pct,random_80pct,False,200,4.585031549104156,2.0547731108400784,0.44814808553314084,2.0547731108400784
helmholtz,deeponet,block_observed_50pct,vertical_lines_50pct,False,200,13.813053110192998,9.7633269488072,0.7068188959327606,9.7633269488072
helmholtz,deeponet,boundary_band_50pct,block_observed_50pct,False,200,1.0045313511177245,0.9237131428729267,0.9195463554672806,0.9237131428729267
helmholtz,deeponet,boundary_band_50pct,boundary_band_50pct,True,200,0.07010405732325543,0.06713520418198893,0.9576507658097893,0.06713520418198893
helmholtz,deeponet,boundary_band_50pct,clustered_50pct,False,200,7.1027228146786205,3.8033977828721555,0.5354844729421204,3.8033977828721555
helmholtz,deeponet,boundary_band_50pct,horizontal_lines_50pct,False,200,4.118781596874688,2.8928677138605328,0.7023600659126057,2.8928677138605328
helmholtz,deeponet,boundary_band_50pct,line_sensors_50pct,False,200,3.4404847254994757,2.4212994168953923,0.703766942765275,2.4212994168953923
helmholtz,deeponet,boundary_band_50pct,random_50pct,False,200,3.0397386822055803,2.149700386805348,0.7071990758250192,2.149700386805348
helmholtz,deeponet,boundary_band_50pct,random_65pct,False,200,4.138908827052114,2.4507130551565037,0.5921157381236624,2.4507130551565037
helmholtz,deeponet,boundary_band_50pct,random_80pct,False,200,6.121434608625373,2.7441582473771104,0.44828678615801426,2.7441582473771104
helmholtz,deeponet,boundary_band_50pct,vertical_lines_50pct,False,200,3.3399152642516037,2.358057725081542,0.7060232187087917,2.358057725081542
helmholtz,deeponet,clustered_50pct,block_observed_50pct,False,200,0.7785469228426021,0.7162950035480589,0.9200408896778485,0.7162950035480589
helmholtz,deeponet,clustered_50pct,boundary_band_50pct,False,200,0.8902049906473901,0.832723845393044,0.9354293158786453,0.832723845393044
helmholtz,deeponet,clustered_50pct,clustered_50pct,True,200,0.1560705123889273,0.12087179265531597,0.7744691217140608,0.12087179265531597
helmholtz,deeponet,clustered_50pct,horizontal_lines_50pct,False,200,3.0127826164674882,2.1300076384386735,0.7069901514952727,2.1300076384386735
helmholtz,deeponet,clustered_50pct,line_sensors_50pct,False,200,1.4334333671940893,1.0100612303768086,0.7046447037534634,1.0100612303768086
helmholtz,deeponet,clustered_50pct,random_50pct,False,200,0.2828999270737614,0.20003493516932536,0.707087263112548,0.20003493516932536
helmholtz,deeponet,clustered_50pct,random_65pct,False,200,0.2340897989027302,0.13840072800783693,0.591229214842231,0.13840072800783695
helmholtz,deeponet,clustered_50pct,random_80pct,False,200,0.23248302144197047,0.10398930602997705,0.44729849683209477,0.10398930602997705
helmholtz,deeponet,clustered_50pct,vertical_lines_50pct,False,200,3.123975277130529,2.199170521254625,0.7039654050254307,2.199170521254625
helmholtz,deeponet,horizontal_lines_50pct,block_observed_50pct,False,200,0.8395284672091272,0.8110140615307005,0.9660352128698887,0.8110140615307004
helmholtz,deeponet,horizontal_lines_50pct,boundary_band_50pct,False,200,0.8129758918840322,0.783888238307594,0.9642207673476898,0.783888238307594
helmholtz,deeponet,horizontal_lines_50pct,clustered_50pct,False,200,0.5270379118208721,0.41287099483735656,0.7833800673103793,0.41287099483735656
helmholtz,deeponet,horizontal_lines_50pct,horizontal_lines_50pct,True,200,0.02420389970789592,0.017202959686682482,0.7107515687263588,0.017202959686682482
helmholtz,deeponet,horizontal_lines_50pct,line_sensors_50pct,False,200,0.1833684581457589,0.13110492315217226,0.7149807795621942,0.13110492315217226
helmholtz,deeponet,horizontal_lines_50pct,random_50pct,False,200,0.22306389238139684,0.15800430605802002,0.7083365414778233,0.15800430605802002
helmholtz,deeponet,horizontal_lines_50pct,random_65pct,False,200,0.10587256703190961,0.06283513747211747,0.5934978175524844,0.06283513747211747
helmholtz,deeponet,horizontal_lines_50pct,random_80pct,False,200,0.04291998171825208,0.019177905542092546,0.4468293036093485,0.019177905542092546
helmholtz,deeponet,horizontal_lines_50pct,vertical_lines_50pct,False,200,0.3377471769969166,0.2454901742674874,0.7268459693735014,0.2454901742674874
helmholtz,deeponet,line_sensors_50pct,block_observed_50pct,False,200,0.7707694536200167,0.7548750907584737,0.9793785770999446,0.7548750907584737
helmholtz,deeponet,line_sensors_50pct,boundary_band_50pct,False,200,0.7755362695385598,0.7580534097725837,0.9774570700911535,0.7580534097725837
helmholtz,deeponet,line_sensors_50pct,clustered_50pct,False,200,0.4824686217634708,0.4271954209792986,0.8854366931011116,0.4271954209792986
helmholtz,deeponet,line_sensors_50pct,horizontal_lines_50pct,False,200,0.1319838480337063,0.09245009522003876,0.7004652205353845,0.09245009522003876
helmholtz,deeponet,line_sensors_50pct,line_sensors_50pct,True,200,0.025958735276808337,0.018460749796684894,0.7111575198032787,0.018460749796684894
helmholtz,deeponet,line_sensors_50pct,random_50pct,False,200,0.3682058922198882,0.2605755329223913,0.7076897421477945,0.2605755329223912
helmholtz,deeponet,line_sensors_50pct,random_65pct,False,200,0.24975942455625727,0.14792333218243528,0.5922632647206318,0.14792333218243528
helmholtz,deeponet,line_sensors_50pct,random_80pct,False,200,0.10871766148159905,0.048694765629280094,0.44790115024247373,0.048694765629280094
helmholtz,deeponet,line_sensors_50pct,vertical_lines_50pct,False,200,0.13527535970326476,0.09502199641833302,0.702433884683581,0.09502199641833302
helmholtz,deeponet,random_50pct,block_observed_50pct,False,200,0.922415906249861,0.8467550477014032,0.9179753319128442,0.8467550477014032
helmholtz,deeponet,random_50pct,boundary_band_50pct,False,200,0.9273936238515421,0.8748517307750872,0.9433445607936745,0.8748517307750872
helmholtz,deeponet,random_50pct,clustered_50pct,False,200,0.6304677178741722,0.4690695375559582,0.7440024671486422,0.4690695375559582
helmholtz,deeponet,random_50pct,horizontal_lines_50pct,False,200,0.13824104999107828,0.09907627801576506,0.7166921693820988,0.09907627801576506
helmholtz,deeponet,random_50pct,line_sensors_50pct,False,200,0.10947785012200127,0.07885418727316622,0.7202752628526384,0.07885418727316622
helmholtz,deeponet,random_50pct,random_50pct,True,200,0.019296810017442573,0.013647585400911629,0.7072456736929806,0.013647585400911629
helmholtz,deeponet,random_50pct,random_65pct,False,200,0.07627015299337642,0.0451766129468774,0.5923236177433747,0.0451766129468774
helmholtz,deeponet,random_50pct,random_80pct,False,200,0.16660188894469596,0.07427778090247213,0.4458399683999314,0.07427778090247213
helmholtz,deeponet,random_50pct,vertical_lines_50pct,False,200,0.13475884957975082,0.0962016518651373,0.7138800321102828,0.0962016518651373
helmholtz,deeponet,random_65pct,block_observed_50pct,False,200,0.8503700472233087,0.8149682407212946,0.9583689399484252,0.8149682407212946
helmholtz,deeponet,random_65pct,boundary_band_50pct,False,200,0.8636064235141676,0.8301777710464158,0.9612917973308666,0.8301777710464158
helmholtz,deeponet,random_65pct,clustered_50pct,False,200,0.479605418241346,0.42174747003993523,0.8793634391922245,0.42174747003993523
helmholtz,deeponet,random_65pct,horizontal_lines_50pct,False,200,0.16533314449629571,0.12088010258240485,0.731130487783792,0.12088010258240485
helmholtz,deeponet,random_65pct,line_sensors_50pct,False,200,0.12801519738224917,0.09441925978054648,0.7375628965255873,0.09441925978054648
helmholtz,deeponet,random_65pct,random_50pct,False,200,0.04230218281569335,0.03000073421449843,0.7092006184458335,0.03000073421449843
helmholtz,deeponet,random_65pct,random_65pct,True,200,0.019197040042352072,0.011364124135015426,0.5919727265215968,0.011364124135015426
helmholtz,deeponet,random_65pct,random_80pct,False,200,0.06530100986806485,0.029122294386856575,0.4459700461860498,0.029122294386856575
helmholtz,deeponet,random_65pct,vertical_lines_50pct,False,200,0.13620273217159584,0.09981340477719279,0.7328296810628018,0.09981340477719279
helmholtz,deeponet,random_80pct,block_observed_50pct,False,200,0.8297311515516883,0.809197433767917,0.9752525649478496,0.809197433767917
helmholtz,deeponet,random_80pct,boundary_band_50pct,False,200,0.8418848458634284,0.8182284343576345,0.9719006564591003,0.8182284343576345
helmholtz,deeponet,random_80pct,clustered_50pct,False,200,0.4818782944470913,0.4482974700263566,0.9303126436535901,0.4482974700263566
helmholtz,deeponet,random_80pct,horizontal_lines_50pct,False,200,0.23095829551331715,0.16976771283125694,0.7350578703135089,0.16976771283125694
helmholtz,deeponet,random_80pct,line_sensors_50pct,False,200,0.21308954265808766,0.15619797888196726,0.7330156934664521,0.15619797888196726
helmholtz,deeponet,random_80pct,random_50pct,False,200,0.1126901691157093,0.0799161981595593,0.7091674348052671,0.0799161981595593
helmholtz,deeponet,random_80pct,random_65pct,False,200,0.03624567050528835,0.021508002368148017,0.5933950750065429,0.021508002368148017
helmholtz,deeponet,random_80pct,random_80pct,True,200,0.016964829354587235,0.007588002660792128,0.447278454866412,0.007588002660792128
helmholtz,deeponet,random_80pct,vertical_lines_50pct,False,200,0.2351774623230834,0.17226003631566164,0.7324683012312349,0.17226003631566164
helmholtz,deeponet,vertical_lines_50pct,block_observed_50pct,False,200,0.8240635554779953,0.793248462506446,0.9626059267313731,0.793248462506446
helmholtz,deeponet,vertical_lines_50pct,boundary_band_50pct,False,200,0.8187930155537211,0.7980350945857105,0.9746481460226274,0.7980350945857105
helmholtz,deeponet,vertical_lines_50pct,clustered_50pct,False,200,0.5118349368375126,0.40699919959133035,0.7951766679040445,0.40699919959133035
helmholtz,deeponet,vertical_lines_50pct,horizontal_lines_50pct,False,200,0.38031807595300665,0.2757503008231383,0.7250517875916339,0.2757503008231383
helmholtz,deeponet,vertical_lines_50pct,line_sensors_50pct,False,200,0.18772155753576528,0.13214484229944723,0.7039406876552822,0.13214484229944723
helmholtz,deeponet,vertical_lines_50pct,random_50pct,False,200,0.30834845717508413,0.21818180486685093,0.7075819573274679,0.21818180486685093
helmholtz,deeponet,vertical_lines_50pct,random_65pct,False,200,0.29622761641602624,0.17531765031593818,0.591834253797997,0.17531765031593818
helmholtz,deeponet,vertical_lines_50pct,random_80pct,False,200,0.3003151703194193,0.13448935834149048,0.44782738813509076,0.13448935834149048
helmholtz,deeponet,vertical_lines_50pct,vertical_lines_50pct,True,200,0.02399795934961343,0.017120280605417437,0.7134056840417649,0.017120280605417437
helmholtz,fno,block_observed_50pct,block_observed_50pct,True,200,0.05637714494168506,0.050659493865366265,0.8985821101399695,0.050659493865366265
helmholtz,fno,block_observed_50pct,boundary_band_50pct,False,200,0.041802659328702634,0.03607258129936582,0.8629255142769731,0.03607258129936582
helmholtz,fno,block_observed_50pct,clustered_50pct,False,200,0.7920393785817039,0.6470672491658224,0.8169634827052645,0.6470672491658224
helmholtz,fno,block_observed_50pct,horizontal_lines_50pct,False,200,0.5724782974424706,0.40539854652717383,0.7081465766270608,0.40539854652717383
helmholtz,fno,block_observed_50pct,line_sensors_50pct,False,200,0.5470680798687322,0.3821406379043683,0.6985248307597514,0.3821406379043683
helmholtz,fno,block_observed_50pct,random_50pct,False,200,0.528893811584262,0.36811507823051537,0.6960094260279849,0.36811507823051537
helmholtz,fno,block_observed_50pct,random_65pct,False,200,0.5627461680637551,0.3289651268952949,0.5845710651876451,0.3289651268952949
helmholtz,fno,block_observed_50pct,random_80pct,False,200,0.6921380552741985,0.30789396931049,0.44484473431895644,0.30789396931049
helmholtz,fno,block_observed_50pct,vertical_lines_50pct,False,200,0.7013977034461739,0.49505105353599704,0.7058064933826631,0.49505105353599704
helmholtz,fno,boundary_band_50pct,block_observed_50pct,False,200,1.0750880662466527,0.9451035722390912,0.8790940964851715,0.9451035722390912
helmholtz,fno,boundary_band_50pct,boundary_band_50pct,True,200,0.02545721899700968,0.023486104608773803,0.922571495791924,0.023486104608773803
helmholtz,fno,boundary_band_50pct,clustered_50pct,False,200,1.462047173589851,1.0979429793767688,0.7509627590749512,1.0979429793767688
helmholtz,fno,boundary_band_50pct,horizontal_lines_50pct,False,200,1.2878740209635435,0.9047336519025281,0.7025016711072696,0.9047336519025281
helmholtz,fno,boundary_band_50pct,line_sensors_50pct,False,200,1.1688007627487078,0.8243574839736287,0.7053019729683951,0.8243574839736287
helmholtz,fno,boundary_band_50pct,random_50pct,False,200,1.261232980527664,0.8844858527715868,0.7012866507832225,0.8844858527715868
helmholtz,fno,boundary_band_50pct,random_65pct,False,200,1.3429008556212114,0.7850964201381262,0.5846272394956135,0.7850964201381262
helmholtz,fno,boundary_band_50pct,random_80pct,False,200,1.3864770599421326,0.6094670954972632,0.4395796462169382,0.6094670954972632
helmholtz,fno,boundary_band_50pct,vertical_lines_50pct,False,200,1.5164229242318044,1.0746776058837135,0.7086925347215574,1.0746776058837135
helmholtz,fno,clustered_50pct,block_observed_50pct,False,200,0.3332206010074701,0.3303420123322505,0.9913613123963034,0.3303420123322505
helmholtz,fno,clustered_50pct,boundary_band_50pct,False,200,0.4239129213146007,0.42037976092691187,0.9916653628374146,0.42037976092691187
helmholtz,fno,clustered_50pct,clustered_50pct,True,200,0.04315069163725838,0.03968682099188443,0.9197261848201043,0.03968682099188443
helmholtz,fno,clustered_50pct,horizontal_lines_50pct,False,200,0.03761756745439809,0.028854678210456047,0.7670532722626241,0.028854678210456047
helmholtz,fno,clustered_50pct,line_sensors_50pct,False,200,0.03702453405094781,0.02859049858183226,0.772204142866191,0.02859049858183226
helmholtz,fno,clustered_50pct,random_50pct,False,200,0.03755182620730457,0.029768809995340165,0.792739341916467,0.029768809995340165
helmholtz,fno,clustered_50pct,random_65pct,False,200,0.06762197343562126,0.04902379820667901,0.7249684638877267,0.04902379820667901
helmholtz,fno,clustered_50pct,random_80pct,False,200,0.1250137092048953,0.06648613675565837,0.531830766229716,0.06648613675565837
helmholtz,fno,clustered_50pct,vertical_lines_50pct,False,200,0.03805193798896566,0.02902822813500887,0.7628580742307134,0.02902822813500887
helmholtz,fno,horizontal_lines_50pct,block_observed_50pct,False,200,1.2450073885484785,0.9844258421866832,0.7906987952371909,0.9844258421866832
helmholtz,fno,horizontal_lines_50pct,boundary_band_50pct,False,200,1.2898285427577685,1.026106460303527,0.7955371014736733,1.026106460303527
helmholtz,fno,horizontal_lines_50pct,clustered_50pct,False,200,0.704072344987905,0.6246087762308794,0.8871372106535576,0.6246087762308794
helmholtz,fno,horizontal_lines_50pct,horizontal_lines_50pct,True,200,0.012432208652604413,0.009429746199770305,0.7584932382706492,0.009429746199770305
helmholtz,fno,horizontal_lines_50pct,line_sensors_50pct,False,200,0.07886118193338533,0.05777123874258487,0.7325687661057971,0.05777123874258487
helmholtz,fno,horizontal_lines_50pct,random_50pct,False,200,0.023302693061429833,0.016965128462823373,0.7280329538779243,0.016965128462823373
helmholtz,fno,horizontal_lines_50pct,random_65pct,False,200,0.26910476035154984,0.15422193160781966,0.573092543611451,0.15422193160781966
helmholtz,fno,horizontal_lines_50pct,random_80pct,False,200,0.5892689965497397,0.3575492845669041,0.6067675147689934,0.3575492845669041
helmholtz,fno,horizontal_lines_50pct,vertical_lines_50pct,False,200,0.12175219809452793,0.09038311046525192,0.7423530078288921,0.09038311046525192
helmholtz,fno,line_sensors_50pct,block_observed_50pct,False,200,0.8054968979274523,0.7603790623942895,0.9439875738202702,0.7603790623942895
helmholtz,fno,line_sensors_50pct,boundary_band_50pct,False,200,0.8163297122959482,0.7759187269467896,0.9504967358893485,0.7759187269467896
helmholtz,fno,line_sensors_50pct,clustered_50pct,False,200,0.5347984106933319,0.42146778988432815,0.7880872146533161,0.42146778988432815
helmholtz,fno,line_sensors_50pct,horizontal_lines_50pct,False,200,0.020934347736503756,0.01494554469496254,0.7139245455879006,0.01494554469496254
helmholtz,fno,line_sensors_50pct,line_sensors_50pct,True,200,0.015613277215757306,0.01165694137044057,0.7466043937704568,0.01165694137044057
helmholtz,fno,line_sensors_50pct,random_50pct,False,200,0.019435707612214425,0.013774608591225168,0.7087268889849154,0.013774608591225168
helmholtz,fno,line_sensors_50pct,random_65pct,False,200,0.12183224165872523,0.0778164327586827,0.6387178935495663,0.0778164327586827
helmholtz,fno,line_sensors_50pct,random_80pct,False,200,0.36471719566756017,0.1769247419995772,0.48510118004099856,0.1769247419995772
helmholtz,fno,line_sensors_50pct,vertical_lines_50pct,False,200,0.020530323029878596,0.014737026774541497,0.7178175790558247,0.014737026774541497
helmholtz,fno,random_50pct,block_observed_50pct,False,200,1.598149808347197,1.5124151348406196,0.9463537942070375,1.5124151348406196
helmholtz,fno,random_50pct,boundary_band_50pct,False,200,1.5882104866513151,1.5027074999036105,0.9461639452287054,1.5027074999036105
helmholtz,fno,random_50pct,clustered_50pct,False,200,1.1572277834620357,0.9776153905332208,0.8447908048046728,0.9776153905332208
helmholtz,fno,random_50pct,horizontal_lines_50pct,False,200,0.06943000693486541,0.05707777536852888,0.8220908781137733,0.05707777536852888
helmholtz,fno,random_50pct,line_sensors_50pct,False,200,0.05497345885159802,0.04351640465221171,0.7915893516848765,0.04351640465221171
helmholtz,fno,random_50pct,random_50pct,True,200,0.00903248477089123,0.00636505186197811,0.7046844831104071,0.00636505186197811
helmholtz,fno,random_50pct,random_65pct,False,200,0.13303321091083203,0.0881527258224532,0.6626369852978983,0.0881527258224532
helmholtz,fno,random_50pct,random_80pct,False,200,0.4398506031279372,0.1644665982040544,0.3739146815634053,0.1644665982040544
helmholtz,fno,random_50pct,vertical_lines_50pct,False,200,0.08212913264096831,0.06562478900167665,0.7990439797843568,0.06562478900167665
helmholtz,fno,random_65pct,block_observed_50pct,False,200,1.101364981145437,1.084706453636209,0.9848746530038546,1.084706453636209
helmholtz,fno,random_65pct,boundary_band_50pct,False,200,1.1579890410983393,1.1462022999237609,0.989821370707102,1.1462022999237609
helmholtz,fno,random_65pct,clustered_50pct,False,200,0.736154935951353,0.6432095666353814,0.8737421094706704,0.6432095666353814
helmholtz,fno,random_65pct,horizontal_lines_50pct,False,200,0.1835217468212532,0.1481336058487744,0.8071719478185537,0.1481336058487744
helmholtz,fno,random_65pct,line_sensors_50pct,False,200,0.16681719335686127,0.1333262122427321,0.7992354358673086,0.1333262122427321
helmholtz,fno,random_65pct,random_50pct,False,200,0.12328524219623213,0.09354686120190044,0.7587839350066138,0.09354686120190044
helmholtz,fno,random_65pct,random_65pct,True,200,0.0051973458557328335,0.0039056692066543317,0.7514737935606609,0.0039056692066543317
helmholtz,fno,random_65pct,random_80pct,False,200,0.2247704346473554,0.043642437432760604,0.19416449276895184,0.043642437432760604
helmholtz,fno,random_65pct,vertical_lines_50pct,False,200,0.18372173121080365,0.14462569499459169,0.7871997179726502,0.14462569499459169
helmholtz,fno,random_80pct,block_observed_50pct,False,200,2.039229397934558,1.9341885592835133,0.948489935091444,1.9341885592835133
helmholtz,fno,random_80pct,boundary_band_50pct,False,200,2.1170369114442367,2.058926906135415,0.9725512554860563,2.058926906135415
helmholtz,fno,random_80pct,clustered_50pct,False,200,1.7060927723802408,1.0289630199756252,0.6031108252923879,1.0289630199756252
helmholtz,fno,random_80pct,horizontal_lines_50pct,False,200,0.5820204372389365,0.42093596517234155,0.7232322754321683,0.42093596517234155
helmholtz,fno,random_80pct,line_sensors_50pct,False,200,0.5391365559383469,0.3949619151195929,0.7325823314506592,0.3949619151195929
helmholtz,fno,random_80pct,random_50pct,False,200,0.347277895039896,0.25270285700683887,0.7276675556266196,0.25270285700683887
helmholtz,fno,random_80pct,random_65pct,False,200,0.1674709826115094,0.09246774458691912,0.5521418883737075,0.09246774458691912
helmholtz,fno,random_80pct,random_80pct,True,200,0.012304925769875675,0.005565396725663552,0.45229015028180725,0.005565396725663552
helmholtz,fno,random_80pct,vertical_lines_50pct,False,200,0.5763398347067086,0.4171909782703441,0.7238628204185242,0.4171909782703441
helmholtz,fno,vertical_lines_50pct,block_observed_50pct,False,200,1.1120148761607567,0.9025591740286524,0.8116430754458498,0.9025591740286524
helmholtz,fno,vertical_lines_50pct,boundary_band_50pct,False,200,1.118606496240809,0.9550583363176725,0.8537929464268651,0.9550583363176725
helmholtz,fno,vertical_lines_50pct,clustered_50pct,False,200,0.6799050258738866,0.47544190507300704,0.6992769386605406,0.47544190507300704
helmholtz,fno,vertical_lines_50pct,horizontal_lines_50pct,False,200,0.1888757308035751,0.1323766517190881,0.7008663905939071,0.1323766517190881
helmholtz,fno,vertical_lines_50pct,line_sensors_50pct,False,200,0.12029369601771066,0.08428872384486306,0.7006911137924747,0.08428872384486306
helmholtz,fno,vertical_lines_50pct,random_50pct,False,200,0.02914651784556592,0.020776481918418504,0.7128289570817203,0.020776481918418504
helmholtz,fno,vertical_lines_50pct,random_65pct,False,200,0.09744794176095946,0.05625038799804536,0.5772352599917193,0.05625038799804536
helmholtz,fno,vertical_lines_50pct,random_80pct,False,200,0.2564648072557693,0.11152667616266047,0.4348615209861377,0.11152667616266047
helmholtz,fno,vertical_lines_50pct,vertical_lines_50pct,True,200,0.011576614079783507,0.008285609355655052,0.7157195790196023,0.008285609355655052
helmholtz,gnot,block_observed_50pct,block_observed_50pct,True,200,0.19703532554212566,0.19114564191507488,0.9701084888669287,0.19114564191507488
helmholtz,gnot,block_observed_50pct,boundary_band_50pct,False,200,0.16269466871973243,0.15831246375667596,0.9730648521089187,0.15831246375667596
helmholtz,gnot,block_observed_50pct,clustered_50pct,False,200,0.5093073764656284,0.41093460986702474,0.8068499080432177,0.41093460986702474
helmholtz,gnot,block_observed_50pct,horizontal_lines_50pct,False,200,0.293230221423002,0.2083058107645155,0.7103831581671182,0.2083058107645155
helmholtz,gnot,block_observed_50pct,line_sensors_50pct,False,200,0.2911852461101208,0.20480327442547344,0.7033435833765447,0.20480327442547344
helmholtz,gnot,block_observed_50pct,random_50pct,False,200,0.28490685401101734,0.20149623754657484,0.7072354866506054,0.20149623754657484
helmholtz,gnot,block_observed_50pct,random_65pct,False,200,0.2850027102056531,0.16874667859158485,0.5920879786364842,0.16874667859158485
helmholtz,gnot,block_observed_50pct,random_80pct,False,200,0.28462861413457663,0.1274517142374469,0.44778250642497186,0.1274517142374469
helmholtz,gnot,block_observed_50pct,vertical_lines_50pct,False,200,0.28741231118420507,0.20356459981182184,0.7082668065716764,0.20356459981182184
helmholtz,gnot,boundary_band_50pct,block_observed_50pct,False,200,9.231098624939017,4.542656631934707,0.49210357472101185,4.542656631934707
helmholtz,gnot,boundary_band_50pct,boundary_band_50pct,True,200,0.05596699432690749,0.0551929703946983,0.9861699928409938,0.0551929703946983
helmholtz,gnot,boundary_band_50pct,clustered_50pct,False,200,494.98480364963916,346.50813822961135,0.7000379318207862,346.50813822961135
helmholtz,gnot,boundary_band_50pct,horizontal_lines_50pct,False,200,184.8158515644695,128.93472450567342,0.6976388844043335,128.93472450567342
helmholtz,gnot,boundary_band_50pct,line_sensors_50pct,False,200,176.1177580042623,122.97564787924453,0.6982580818242551,122.97564787924453
helmholtz,gnot,boundary_band_50pct,random_50pct,False,200,174.97046428093526,123.7634016924917,0.7073388197323137,123.7634016924917
helmholtz,gnot,boundary_band_50pct,random_65pct,False,200,174.18137985199235,103.12533686597511,0.5920571817355226,103.12533686597511
helmholtz,gnot,boundary_band_50pct,random_80pct,False,200,174.11124767853798,77.89356419780046,0.44737812884791645,77.89356419780046
helmholtz,gnot,boundary_band_50pct,vertical_lines_50pct,False,200,191.472103630279,133.91833225992167,0.6994143257469497,133.91833225992167
helmholtz,gnot,clustered_50pct,block_observed_50pct,False,200,0.4854887446170873,0.471396826458152,0.9709737489999901,0.471396826458152
helmholtz,gnot,clustered_50pct,boundary_band_50pct,False,200,0.4865377002402324,0.4639167478263244,0.9535062701148571,0.4639167478263244
helmholtz,gnot,clustered_50pct,clustered_50pct,True,200,0.027723849538993196,0.02493236992415303,0.8993112550652828,0.02493236992415303
helmholtz,gnot,clustered_50pct,horizontal_lines_50pct,False,200,0.01566671460034917,0.011145454691289686,0.7114098249444898,0.011145454691289686
helmholtz,gnot,clustered_50pct,line_sensors_50pct,False,200,0.01558811993328892,0.011033648555761466,0.7078242022117602,0.011033648555761466
helmholtz,gnot,clustered_50pct,random_50pct,False,200,0.015272205348809574,0.01080316385319688,0.7073741877127757,0.01080316385319688
helmholtz,gnot,clustered_50pct,random_65pct,False,200,0.015267600187834745,0.009037333132136584,0.5919288572501099,0.009037333132136584
helmholtz,gnot,clustered_50pct,random_80pct,False,200,0.01525708576675539,0.006820235603496932,0.4470208601932334,0.006820235603496932
helmholtz,gnot,clustered_50pct,vertical_lines_50pct,False,200,0.015561406372051145,0.011098746390462053,0.7132225793162119,0.011098746390462053
helmholtz,gnot,horizontal_lines_50pct,block_observed_50pct,False,200,62.50864660116891,54.318813322917805,0.8689807934811701,54.318813322917805
helmholtz,gnot,horizontal_lines_50pct,boundary_band_50pct,False,200,51.71281429595851,51.606638798982914,0.9979468242364854,51.606638798982914
helmholtz,gnot,horizontal_lines_50pct,clustered_50pct,False,200,65.5028963023357,59.56832225722954,0.9093998222961853,59.56832225722954
helmholtz,gnot,horizontal_lines_50pct,horizontal_lines_50pct,True,200,0.008862524105304559,0.00635913006199047,0.7175303543811281,0.00635913006199047
helmholtz,gnot,horizontal_lines_50pct,line_sensors_50pct,False,200,0.029125091528699402,0.020865204498654286,0.7163996198293161,0.020865204498654286
helmholtz,gnot,horizontal_lines_50pct,random_50pct,False,200,0.010314904639056863,0.0072975931757156935,0.7074804306075432,0.0072975931757156935
helmholtz,gnot,horizontal_lines_50pct,random_65pct,False,200,0.009120547242122167,0.005399385626165181,0.5920023747290906,0.005399385626165181
helmholtz,gnot,horizontal_lines_50pct,random_80pct,False,200,0.008222513800362308,0.003679354088463091,0.4474731423741688,0.003679354088463091
helmholtz,gnot,horizontal_lines_50pct,vertical_lines_50pct,False,200,0.07414984456843009,0.04925920032910793,0.6643196707398149,0.04925920032910793
helmholtz,gnot,line_sensors_50pct,block_observed_50pct,False,200,1.3973622655042408,1.3923458439152454,0.9964100779641526,1.3923458439152454
helmholtz,gnot,line_sensors_50pct,boundary_band_50pct,False,200,1.3571202850649837,1.3521760419497821,0.9963568129003652,1.3521760419497821
helmholtz,gnot,line_sensors_50pct,clustered_50pct,False,200,0.36790588887231535,0.319497302696269,0.8684212793537347,0.319497302696269
helmholtz,gnot,line_sensors_50pct,horizontal_lines_50pct,False,200,0.14764039522383202,0.10457727206301767,0.7083242489595888,0.10457727206301765
helmholtz,gnot,line_sensors_50pct,line_sensors_50pct,True,200,0.14431582917497432,0.1020229620892354,0.706942285350685,0.1020229620892354
helmholtz,gnot,line_sensors_50pct,random_50pct,False,200,0.13862687504531582,0.09806041397143056,0.7073694327984782,0.09806041397143056
helmholtz,gnot,line_sensors_50pct,random_65pct,False,200,0.13828449458531455,0.08180776356547236,0.591590285019273,0.08180776356547236
helmholtz,gnot,line_sensors_50pct,random_80pct,False,200,0.13830204919132066,0.06185156767451454,0.44722090551928073,0.06185156767451454
helmholtz,gnot,line_sensors_50pct,vertical_lines_50pct,False,200,0.1421600359286407,0.10138041383974096,0.7131428546531201,0.10138041383974096
helmholtz,gnot,random_50pct,block_observed_50pct,False,200,81.7372011960341,33.81809800013498,0.4137418152968986,33.81809800013498
helmholtz,gnot,random_50pct,boundary_band_50pct,False,200,13.439431916460451,2.9516304351366767,0.2196246428780636,2.9516304351366767
helmholtz,gnot,random_50pct,clustered_50pct,False,200,132.35224792579558,131.2921834125443,0.9919905817251731,131.2921834125443
helmholtz,gnot,random_50pct,horizontal_lines_50pct,False,200,0.041381027119663065,0.026016181972349096,0.6286983137735351,0.026016181972349096
helmholtz,gnot,random_50pct,line_sensors_50pct,False,200,0.016235483951301522,0.01179404754393916,0.7264364634473176,0.01179404754393916
helmholtz,gnot,random_50pct,random_50pct,True,200,0.0056158410839142045,0.003979485436124246,0.7086178858449055,0.003979485436124246
helmholtz,gnot,random_50pct,random_65pct,False,200,0.005066804686731648,0.0030040717579525346,0.5928927487217426,0.0030040717579525346
helmholtz,gnot,random_50pct,random_80pct,False,200,0.004626958173545488,0.00207474107808223,0.4484028167672895,0.00207474107808223
helmholtz,gnot,random_50pct,vertical_lines_50pct,False,200,0.04866661779975305,0.019522455623478156,0.4011467512249684,0.019522455623478156
helmholtz,gnot,random_65pct,block_observed_50pct,False,200,1.1408991807153042,1.1117242306362038,0.9744281084847404,1.1117242306362038
helmholtz,gnot,random_65pct,boundary_band_50pct,False,200,0.9197486707185553,0.9177974853805313,0.9978785668301107,0.9177974853805313
helmholtz,gnot,random_65pct,clustered_50pct,False,200,0.4593324908396963,0.4325219353867106,0.9416314848445101,0.4325219353867106
helmholtz,gnot,random_65pct,horizontal_lines_50pct,False,200,0.04692485331439561,0.03388246400218631,0.7220579630835382,0.0338824640021863
helmholtz,gnot,random_65pct,line_sensors_50pct,False,200,0.04104360830338417,0.029828092018596073,0.7267414647882374,0.029828092018596073
helmholtz,gnot,random_65pct,random_50pct,False,200,0.012233788952971265,0.008655993077022023,0.7075480139715595,0.008655993077022023
helmholtz,gnot,random_65pct,random_65pct,True,200,0.010395381819217104,0.006154733002275334,0.5920641597692521,0.006154733002275334
helmholtz,gnot,random_65pct,random_80pct,False,200,0.008799038506704066,0.003940027276830651,0.4477792970025883,0.003940027276830651
helmholtz,gnot,random_65pct,vertical_lines_50pct,False,200,0.04262824143662882,0.03089679011704317,0.7247962635984965,0.03089679011704317
helmholtz,gnot,random_80pct,block_observed_50pct,False,200,32.70587194164189,32.63292816353671,0.9977697039163079,32.63292816353671
helmholtz,gnot,random_80pct,boundary_band_50pct,False,200,30.488583825839218,30.472066339276484,0.9994582402824255,30.472066339276484
helmholtz,gnot,random_80pct,clustered_50pct,False,200,35.80388359682939,35.388901398828054,0.9884095758249509,35.388901398828054
helmholtz,gnot,random_80pct,horizontal_lines_50pct,False,200,0.1345724777452633,0.09281293205889674,0.6896873239904627,0.09281293205889674
helmholtz,gnot,random_80pct,line_sensors_50pct,False,200,0.032592463260302434,0.02345218536326422,0.7195585425980657,0.02345218536326422
helmholtz,gnot,random_80pct,random_50pct,False,200,0.010881475463312563,0.007698076031110221,0.7074478141373997,0.007698076031110221
helmholtz,gnot,random_80pct,random_65pct,False,200,0.009356176666152093,0.005538066909409477,0.5919155983281698,0.005538066909409477
helmholtz,gnot,random_80pct,random_80pct,True,200,0.008407560157495724,0.0037658604855318723,0.4479135938354762,0.0037658604855318723
helmholtz,gnot,random_80pct,vertical_lines_50pct,False,200,0.03951506539879697,0.028660312436713697,0.7253008984665948,0.028660312436713697
helmholtz,gnot,vertical_lines_50pct,block_observed_50pct,False,200,13.425862269292523,13.425686740293605,0.9999869260539549,13.425686740293605
helmholtz,gnot,vertical_lines_50pct,boundary_band_50pct,False,200,11.847363011121642,11.84721127241209,0.9999871921954777,11.84721127241209
helmholtz,gnot,vertical_lines_50pct,clustered_50pct,False,200,20.08386609621004,19.743028162603203,0.9830292667769202,19.743028162603203
helmholtz,gnot,vertical_lines_50pct,horizontal_lines_50pct,False,200,0.15744776604001362,0.10968864764427028,0.6966669035900713,0.10968864764427028
helmholtz,gnot,vertical_lines_50pct,line_sensors_50pct,False,200,0.030645793774615786,0.022314673206274165,0.7281479921971422,0.022314673206274168
helmholtz,gnot,vertical_lines_50pct,random_50pct,False,200,0.010115251530811385,0.0071537384044131815,0.7072229872507532,0.0071537384044131815
helmholtz,gnot,vertical_lines_50pct,random_65pct,False,200,0.008377605144311259,0.004958724914294344,0.5919024385699919,0.004958724914294344
helmholtz,gnot,vertical_lines_50pct,random_80pct,False,200,0.0069821609500262715,0.003125845176204734,0.44769022063190517,0.003125845176204734
helmholtz,gnot,vertical_lines_50pct,vertical_lines_50pct,True,200,0.006566510381757963,0.004728411534518484,0.7200798079378975,0.004728411534518484
helmholtz,pino,block_observed_50pct,block_observed_50pct,True,200,0.07864160033665206,0.07341977254466889,0.9335996753673709,0.07341977254466889
helmholtz,pino,block_observed_50pct,boundary_band_50pct,False,200,0.05629234429779917,0.052368639039689364,0.9302977108689501,0.052368639039689364
helmholtz,pino,block_observed_50pct,clustered_50pct,False,200,0.810525681478186,0.5860870279403446,0.7230949510094187,0.5860870279403446
helmholtz,pino,block_observed_50pct,horizontal_lines_50pct,False,200,0.6713410461294957,0.47579673193657046,0.7087258177936486,0.47579673193657046
helmholtz,pino,block_observed_50pct,line_sensors_50pct,False,200,0.6498796582212926,0.46051185682598017,0.7086109728167085,0.46051185682598017
helmholtz,pino,block_observed_50pct,random_50pct,False,200,0.6898396971243307,0.48834486314416203,0.7079106423997907,0.48834486314416203
helmholtz,pino,block_observed_50pct,random_65pct,False,200,0.6411408194642272,0.3798457918820517,0.59245298435291,0.3798457918820517
helmholtz,pino,block_observed_50pct,random_80pct,False,200,0.6075906311753447,0.2724064007714208,0.4483387116165176,0.2724064007714208
helmholtz,pino,block_observed_50pct,vertical_lines_50pct,False,200,0.7449473943210141,0.5305831278423178,0.7122424105207057,0.5305831278423178
helmholtz,pino,boundary_band_50pct,block_observed_50pct,False,200,1.1791093010849487,1.11501210335921,0.9456393078514772,1.11501210335921
helmholtz,pino,boundary_band_50pct,boundary_band_50pct,True,200,0.016093469929865524,0.015512436929691408,0.9638963503392229,0.015512436929691408
helmholtz,pino,boundary_band_50pct,clustered_50pct,False,200,0.9174284348359408,0.6998342349116686,0.7628216091174638,0.6998342349116686
helmholtz,pino,boundary_band_50pct,horizontal_lines_50pct,False,200,1.1579995611553378,0.8244077166997235,0.7119240320585362,0.8244077166997235
helmholtz,pino,boundary_band_50pct,line_sensors_50pct,False,200,1.1289740732139686,0.803332871894846,0.7115600711785297,0.803332871894846
helmholtz,pino,boundary_band_50pct,random_50pct,False,200,0.878514388594364,0.6213912280228243,0.707320490239277,0.6213912280228243
helmholtz,pino,boundary_band_50pct,random_65pct,False,200,0.8323422238217484,0.49273757509831845,0.5919891614243535,0.49273757509831845
helmholtz,pino,boundary_band_50pct,random_80pct,False,200,0.780491034372117,0.34952123743099056,0.4478222324644261,0.34952123743099056
helmholtz,pino,boundary_band_50pct,vertical_lines_50pct,False,200,1.4161096694193884,1.0005794023814776,0.7065691478483582,1.0005794023814776
helmholtz,pino,clustered_50pct,block_observed_50pct,False,200,0.4421411821599974,0.43014609761852535,0.9728704653050585,0.43014609761852535
helmholtz,pino,clustered_50pct,boundary_band_50pct,False,200,0.43935204785366005,0.4277148226658226,0.9735127553298362,0.4277148226658226
helmholtz,pino,clustered_50pct,clustered_50pct,True,200,0.10501432869404816,0.0909192895013811,0.8657798476841008,0.0909192895013811
helmholtz,pino,clustered_50pct,horizontal_lines_50pct,False,200,0.2781301650672566,0.20071328318791476,0.7216523354788895,0.20071328318791476
helmholtz,pino,clustered_50pct,line_sensors_50pct,False,200,0.27356962538795915,0.1964266893823954,0.7180135188759917,0.1964266893823954
helmholtz,pino,clustered_50pct,random_50pct,False,200,0.2825769541797582,0.20003120692812043,0.7078822386940755,0.20003120692812043
helmholtz,pino,clustered_50pct,random_65pct,False,200,0.17885040601938829,0.10600961248644916,0.5927278268239279,0.10600961248644916
helmholtz,pino,clustered_50pct,random_80pct,False,200,0.10609120982914122,0.047627590249533905,0.4489305977963456,0.047627590249533905
helmholtz,pino,clustered_50pct,vertical_lines_50pct,False,200,0.26933800557411436,0.19419006490959315,0.7209902089222883,0.19419006490959315
helmholtz,pino,horizontal_lines_50pct,block_observed_50pct,False,200,1.0283324051429472,0.97182109287307,0.9450456759047463,0.97182109287307
helmholtz,pino,horizontal_lines_50pct,boundary_band_50pct,False,200,1.1422988050283784,1.0974743816256256,0.960759458728805,1.0974743816256256
helmholtz,pino,horizontal_lines_50pct,clustered_50pct,False,200,0.791476415315947,0.6548749768210255,0.8274093379770614,0.6548749768210255
helmholtz,pino,horizontal_lines_50pct,horizontal_lines_50pct,True,200,0.01845878648778021,0.01317842100099351,0.7139375608314056,0.01317842100099351
helmholtz,pino,horizontal_lines_50pct,line_sensors_50pct,False,200,0.1801129283233311,0.1335103139390487,0.7412589156252939,0.1335103139390487
helmholtz,pino,horizontal_lines_50pct,random_50pct,False,200,0.09187633292348638,0.06534458977977432,0.7112233118206034,0.06534458977977432
helmholtz,pino,horizontal_lines_50pct,random_65pct,False,200,0.1783993828801041,0.10478023613153127,0.5873351938776064,0.10478023613153127
helmholtz,pino,horizontal_lines_50pct,random_80pct,False,200,0.32104633110973013,0.14289170245549018,0.4450812503029395,0.14289170245549018
helmholtz,pino,horizontal_lines_50pct,vertical_lines_50pct,False,200,0.2749274556304125,0.20738825635459152,0.7543381066799871,0.20738825635459152
helmholtz,pino,line_sensors_50pct,block_observed_50pct,False,200,0.8496300764360547,0.8268691077911331,0.973210731027323,0.8268691077911331
helmholtz,pino,line_sensors_50pct,boundary_band_50pct,False,200,0.9610094158756499,0.9375317409016151,0.9755697763349774,0.9375317409016151
helmholtz,pino,line_sensors_50pct,clustered_50pct,False,200,0.5170547152944833,0.4520896363867017,0.8743555043864527,0.45208963638670174
helmholtz,pino,line_sensors_50pct,horizontal_lines_50pct,False,200,0.03867604975612302,0.027617416421897426,0.7140702475056971,0.02761741642189743
helmholtz,pino,line_sensors_50pct,line_sensors_50pct,True,200,0.037754762170481335,0.027000561340141564,0.7151564408807752,0.027000561340141564
helmholtz,pino,line_sensors_50pct,random_50pct,False,200,0.0547103173252532,0.03886475768123823,0.7103734648473521,0.03886475768123824
helmholtz,pino,line_sensors_50pct,random_65pct,False,200,0.151255349431261,0.08925979799766781,0.5901265530990857,0.08925979799766781
helmholtz,pino,line_sensors_50pct,random_80pct,False,200,0.3030333250080666,0.13546760754912454,0.4470386468073056,0.13546760754912454
helmholtz,pino,line_sensors_50pct,vertical_lines_50pct,False,200,0.040773933046093266,0.029418559101722683,0.7215040812586365,0.029418559101722683
helmholtz,pino,random_50pct,block_observed_50pct,False,200,0.9835160194405708,0.948381783595206,0.9642769053570176,0.948381783595206
helmholtz,pino,random_50pct,boundary_band_50pct,False,200,1.1167523592888724,1.082653511543681,0.9694660616012445,1.082653511543681
helmholtz,pino,random_50pct,clustered_50pct,False,200,0.5624938784441956,0.4955386208017872,0.8809671354511442,0.4955386208017872
helmholtz,pino,random_50pct,horizontal_lines_50pct,False,200,0.11631454136357205,0.08222037011218446,0.7068795453113881,0.08222037011218446
helmholtz,pino,random_50pct,line_sensors_50pct,False,200,0.10289334618864002,0.0734880389941007,0.7142156584097386,0.0734880389941007
helmholtz,pino,random_50pct,random_50pct,True,200,0.03658350083316617,0.025875939163721547,0.7073117272653886,0.025875939163721547
helmholtz,pino,random_50pct,random_65pct,False,200,0.19903289303966445,0.11763430062501605,0.591029446582848,0.11763430062501605
helmholtz,pino,random_50pct,random_80pct,False,200,0.3631605327559722,0.1624768226030463,0.4473966963591375,0.1624768226030463
helmholtz,pino,random_50pct,vertical_lines_50pct,False,200,0.11293789401873884,0.0814669743377534,0.7213431332820521,0.0814669743377534
helmholtz,pino,random_65pct,block_observed_50pct,False,200,1.017458771169641,0.9770651912870177,0.9602995413404437,0.9770651912870177
helmholtz,pino,random_65pct,boundary_band_50pct,False,200,1.163539587876805,1.1235931956599463,0.9656682139283703,1.1235931956599463
helmholtz,pino,random_65pct,clustered_50pct,False,200,0.5899892764430449,0.5126977592279185,0.8689950473657672,0.5126977592279185
helmholtz,pino,random_65pct,horizontal_lines_50pct,False,200,0.19637372397628736,0.14660053477826504,0.7465384462330991,0.14660053477826504
helmholtz,pino,random_65pct,line_sensors_50pct,False,200,0.19751448796336224,0.14606540983627447,0.7395174467574689,0.14606540983627447
helmholtz,pino,random_65pct,random_50pct,False,200,0.1961907920246854,0.13903607044526725,0.7086778589882713,0.13903607044526725
helmholtz,pino,random_65pct,random_65pct,True,200,0.02962090232872273,0.017521919503864874,0.5915390189472471,0.017521919503864874
helmholtz,pino,random_65pct,random_80pct,False,200,0.181036363619479,0.08096668058871613,0.4472398747408576,0.08096668058871613
helmholtz,pino,random_65pct,vertical_lines_50pct,False,200,0.2011717739949399,0.14940591895259164,0.7426783389420708,0.14940591895259164
helmholtz,pino,random_80pct,block_observed_50pct,False,200,0.9411694638983775,0.9057938746756252,0.9624131566315118,0.9057938746756251
helmholtz,pino,random_80pct,boundary_band_50pct,False,200,1.0591947102965689,1.0228254806263712,0.9656633201462889,1.0228254806263712
helmholtz,pino,random_80pct,clustered_50pct,False,200,0.639154324038434,0.5584698984495089,0.8737637804292265,0.5584698984495088
helmholtz,pino,random_80pct,horizontal_lines_50pct,False,200,0.3098869254211068,0.22705899102623164,0.7327156210855947,0.22705899102623164
helmholtz,pino,random_80pct,line_sensors_50pct,False,200,0.31368711952573075,0.2283307659362395,0.7278933425174006,0.2283307659362395
helmholtz,pino,random_80pct,random_50pct,False,200,0.3128549109039102,0.2215385420907174,0.7081191132676847,0.2215385420907174
helmholtz,pino,random_80pct,random_65pct,False,200,0.15055858074270434,0.08934642414141965,0.5934329594545487,0.08934642414141965
helmholtz,pino,random_80pct,random_80pct,True,200,0.024858113692839794,0.01111135140460924,0.4469909318907729,0.01111135140460924
helmholtz,pino,random_80pct,vertical_lines_50pct,False,200,0.31598922341468383,0.23068581783315867,0.7300433076175561,0.23068581783315867
helmholtz,pino,vertical_lines_50pct,block_observed_50pct,False,200,1.2181366922863004,1.0994692544264222,0.9025828229201821,1.0994692544264222
helmholtz,pino,vertical_lines_50pct,boundary_band_50pct,False,200,1.2799562552649701,1.1938758320102212,0.9327473709350098,1.1938758320102212
helmholtz,pino,vertical_lines_50pct,clustered_50pct,False,200,0.7672749298869946,0.6390002374649799,0.8328178239305861,0.6390002374649799
helmholtz,pino,vertical_lines_50pct,horizontal_lines_50pct,False,200,0.2733270740128362,0.20788466855810742,0.7605710824985621,0.20788466855810742
helmholtz,pino,vertical_lines_50pct,line_sensors_50pct,False,200,0.18661100182370063,0.13846792624159532,0.7420137338548338,0.13846792624159532
helmholtz,pino,vertical_lines_50pct,random_50pct,False,200,0.10604176867630538,0.07537418707037263,0.7107971510778347,0.07537418707037263
helmholtz,pino,vertical_lines_50pct,random_65pct,False,200,0.1911267676097489,0.11219856198792495,0.5870374065919273,0.11219856198792495
helmholtz,pino,vertical_lines_50pct,random_80pct,False,200,0.3448948124831242,0.15348912280516486,0.44503169444647744,0.15348912280516486
helmholtz,pino,vertical_lines_50pct,vertical_lines_50pct,True,200,0.01911605201611747,0.01362313872082765,0.7126544073714313,0.01362313872082765
helmholtz,transolver,block_observed_50pct,block_observed_50pct,True,200,0.06507442749784538,0.06490339462664096,0.9973717345233644,0.06490339462664096
helmholtz,transolver,block_observed_50pct,boundary_band_50pct,False,200,0.04954939959504432,0.04940900322455419,0.9971665374023185,0.04940900322455419
helmholtz,transolver,block_observed_50pct,clustered_50pct,False,200,0.58491494358572,0.5035966689076274,0.8609741885211806,0.5035966689076274
helmholtz,transolver,block_observed_50pct,horizontal_lines_50pct,False,200,0.5161403558421518,0.448131389850967,0.8682355192315487,0.448131389850967
helmholtz,transolver,block_observed_50pct,line_sensors_50pct,False,200,0.49415779251503394,0.42497856776076126,0.8600058001672249,0.42497856776076126
helmholtz,transolver,block_observed_50pct,random_50pct,False,200,0.5633603758078751,0.4493683384998686,0.7976569844044523,0.4493683384998686
helmholtz,transolver,block_observed_50pct,random_65pct,False,200,0.6392469196115098,0.4085761144623889,0.639152261712412,0.4085761144623889
helmholtz,transolver,block_observed_50pct,random_80pct,False,200,0.7061514285354378,0.35346000961415447,0.5005442109594433,0.35346000961415447
helmholtz,transolver,block_observed_50pct,vertical_lines_50pct,False,200,0.5309256333505489,0.45480296374890544,0.856622726762596,0.45480296374890544
helmholtz,transolver,boundary_band_50pct,block_observed_50pct,False,200,0.49943216473601515,0.49057124343532615,0.982258008341588,0.49057124343532615
helmholtz,transolver,boundary_band_50pct,boundary_band_50pct,True,200,0.027396076890457723,0.02729885477967821,0.9964512396731746,0.02729885477967821
helmholtz,transolver,boundary_band_50pct,clustered_50pct,False,200,0.6384028352986365,0.557441299530064,0.8731811149762521,0.557441299530064
helmholtz,transolver,boundary_band_50pct,horizontal_lines_50pct,False,200,0.4424105480187343,0.3996628036974106,0.9033753952911775,0.3996628036974106
helmholtz,transolver,boundary_band_50pct,line_sensors_50pct,False,200,0.4694808165166785,0.42153477890558916,0.8978743413483306,0.42153477890558916
helmholtz,transolver,boundary_band_50pct,random_50pct,False,200,0.5308381900021125,0.48633925046898924,0.916172309432096,0.48633925046898924
helmholtz,transolver,boundary_band_50pct,random_65pct,False,200,0.6095321810738124,0.5133060060974607,0.8421310999415484,0.5133060060974607
helmholtz,transolver,boundary_band_50pct,random_80pct,False,200,0.6196587460390073,0.43093223988848645,0.6954347738059029,0.43093223988848645
helmholtz,transolver,boundary_band_50pct,vertical_lines_50pct,False,200,0.4344111760847182,0.36620472466441023,0.8429910297542473,0.36620472466441023
helmholtz,transolver,clustered_50pct,block_observed_50pct,False,200,0.601434621520464,0.601351295150903,0.9998614539858874,0.601351295150903
helmholtz,transolver,clustered_50pct,boundary_band_50pct,False,200,0.5960363179266246,0.5958191611637811,0.9996356652165108,0.5958191611637811
helmholtz,transolver,clustered_50pct,clustered_50pct,True,200,0.052781426388581944,0.05268342751077936,0.9981433075134971,0.05268342751077936
helmholtz,transolver,clustered_50pct,horizontal_lines_50pct,False,200,0.5623754028231794,0.5441202971503545,0.9675392885585278,0.5441202971503545
helmholtz,transolver,clustered_50pct,line_sensors_50pct,False,200,0.5505434828409443,0.5391886511936828,0.9793752319277893,0.5391886511936828
helmholtz,transolver,clustered_50pct,random_50pct,False,200,0.3426834656162614,0.3394012422518135,0.9904219967002338,0.3394012422518135
helmholtz,transolver,clustered_50pct,random_65pct,False,200,0.297733260868386,0.2706384492033341,0.9089963560469341,0.2706384492033341
helmholtz,transolver,clustered_50pct,random_80pct,False,200,0.36615101719913384,0.2192461116496137,0.5987860236651347,0.2192461116496137
helmholtz,transolver,clustered_50pct,vertical_lines_50pct,False,200,0.46265166931865037,0.4518682450566968,0.9766921315169264,0.4518682450566968
helmholtz,transolver,horizontal_lines_50pct,block_observed_50pct,False,200,1.9290903169067466,1.9093341785250215,0.9897588318138449,1.9093341785250215
helmholtz,transolver,horizontal_lines_50pct,boundary_band_50pct,False,200,1.914750573596728,1.913705660219593,0.9994542822487984,1.913705660219593
helmholtz,transolver,horizontal_lines_50pct,clustered_50pct,False,200,0.7327207096849376,0.725980602553629,0.9908012602316005,0.725980602553629
helmholtz,transolver,horizontal_lines_50pct,horizontal_lines_50pct,True,200,0.0036844634043834046,0.0035492098480716856,0.9632908400852054,0.003549209848071685
helmholtz,transolver,horizontal_lines_50pct,line_sensors_50pct,False,200,0.4235129644168613,0.4142134256766966,0.9780419030313054,0.4142134256766966
helmholtz,transolver,horizontal_lines_50pct,random_50pct,False,200,0.5829870923118836,0.5681518683601683,0.9745530833403446,0.5681518683601683
helmholtz,transolver,horizontal_lines_50pct,random_65pct,False,200,0.5380667654074339,0.49992670646757836,0.9291164937292211,0.49992670646757836
helmholtz,transolver,horizontal_lines_50pct,random_80pct,False,200,0.4750229887835016,0.38908550737518505,0.8190877421987597,0.38908550737518505
helmholtz,transolver,horizontal_lines_50pct,vertical_lines_50pct,False,200,0.8106258118446946,0.761659467987009,0.9395943934399822,0.761659467987009
helmholtz,transolver,line_sensors_50pct,block_observed_50pct,False,200,1.4300678575584882,1.4296558872858194,0.9997119225703233,1.4296558872858194
helmholtz,transolver,line_sensors_50pct,boundary_band_50pct,False,200,1.5654626230756037,1.5652946518040565,0.9998927018319881,1.5652946518040565
helmholtz,transolver,line_sensors_50pct,clustered_50pct,False,200,0.7282414494453766,0.7148313820849116,0.9815856851176515,0.7148313820849116
helmholtz,transolver,line_sensors_50pct,horizontal_lines_50pct,False,200,0.0187424452919208,0.01835877116272482,0.9795291316997271,0.018358771162724823
helmholtz,transolver,line_sensors_50pct,line_sensors_50pct,True,200,0.004842940915832301,0.004684111656024233,0.9672039649939086,0.004684111656024233
helmholtz,transolver,line_sensors_50pct,random_50pct,False,200,0.292803138595683,0.28994840660890325,0.9902503367946417,0.28994840660890325
helmholtz,transolver,line_sensors_50pct,random_65pct,False,200,0.27300539434610005,0.26313250202899263,0.963836273855486,0.26313250202899263
helmholtz,transolver,line_sensors_50pct,random_80pct,False,200,0.2550685642728279,0.2181445836156596,0.8552389991199641,0.2181445836156596
helmholtz,transolver,line_sensors_50pct,vertical_lines_50pct,False,200,0.07466644782086755,0.07279656660114131,0.9749568745494325,0.07279656660114131
helmholtz,transolver,random_50pct,block_observed_50pct,False,200,1.3748870178290102,1.1588299939435047,0.8428547065440575,1.1588299939435047
helmholtz,transolver,random_50pct,boundary_band_50pct,False,200,1.3824853404126551,1.1519714316248388,0.8332612274072934,1.1519714316248388
helmholtz,transolver,random_50pct,clustered_50pct,False,200,0.7687441572539538,0.6435326478664953,0.8371220018962758,0.6435326478664953
helmholtz,transolver,random_50pct,horizontal_lines_50pct,False,200,0.30957002580197424,0.30682450151206153,0.9911311688436238,0.30682450151206153
helmholtz,transolver,random_50pct,line_sensors_50pct,False,200,0.3035184415878462,0.30218510990517133,0.9956070818112416,0.30218510990517133
helmholtz,transolver,random_50pct,random_50pct,True,200,0.0013408297683778865,0.001249157126276786,0.9316299173369305,0.001249157126276786
helmholtz,transolver,random_50pct,random_65pct,False,200,0.06620423387369677,0.03963044198569223,0.5986088753975836,0.03963044198569223
helmholtz,transolver,random_50pct,random_80pct,False,200,0.11615883443733033,0.062022426292461956,0.5339449779510668,0.062022426292461956
helmholtz,transolver,random_50pct,vertical_lines_50pct,False,200,0.31132418588663846,0.30953336403969584,0.9942477265560257,0.30953336403969584
helmholtz,transolver,random_65pct,block_observed_50pct,False,200,0.9021688621549369,0.8998020037192803,0.9973764795761151,0.8998020037192803
helmholtz,transolver,random_65pct,boundary_band_50pct,False,200,0.9358916260292593,0.9350134816322806,0.999061702901751,0.9350134816322806
helmholtz,transolver,random_65pct,clustered_50pct,False,200,0.6655421618371166,0.6511396194821085,0.9783596845085633,0.6511396194821085
helmholtz,transolver,random_65pct,horizontal_lines_50pct,False,200,0.47778953342142877,0.4246276142228762,0.8887336044850909,0.4246276142228762
helmholtz,transolver,random_65pct,line_sensors_50pct,False,200,0.5604338804681448,0.4564999043022799,0.8145473002470047,0.4564999043022799
helmholtz,transolver,random_65pct,random_50pct,False,200,0.09205354404899004,0.0894375970971366,0.971582333098862,0.0894375970971366
helmholtz,transolver,random_65pct,random_65pct,True,200,0.0010457638834832984,0.0008081947964524353,0.772827221533457,0.0008081947964524353
helmholtz,transolver,random_65pct,random_80pct,False,200,0.08375474033625574,0.06778302346392011,0.8093037264731177,0.06778302346392011
helmholtz,transolver,random_65pct,vertical_lines_50pct,False,200,0.4269485860318076,0.3817117110149158,0.8940460830721157,0.3817117110149158
helmholtz,transolver,random_80pct,block_observed_50pct,False,200,1.0014137941328551,0.9958490167012052,0.9944430789107828,0.9958490167012052
helmholtz,transolver,random_80pct,boundary_band_50pct,False,200,1.002699212242922,0.9958154074838649,0.9931347260723794,0.9958154074838649
helmholtz,transolver,random_80pct,clustered_50pct,False,200,0.6592207342428702,0.6424057422136882,0.9744926226440762,0.6424057422136882
helmholtz,transolver,random_80pct,horizontal_lines_50pct,False,200,0.44389606122642655,0.4230056151983734,0.9529384289413706,0.4230056151983734
helmholtz,transolver,random_80pct,line_sensors_50pct,False,200,0.38034895377808253,0.374687701105503,0.985115634954835,0.374687701105503
helmholtz,transolver,random_80pct,random_50pct,False,200,0.0896504147912502,0.0847900744354184,0.9457856344875923,0.0847900744354184
helmholtz,transolver,random_80pct,random_65pct,False,200,0.013874441771330806,0.011737370651187573,0.8459706591901138,0.011737370651187573
helmholtz,transolver,random_80pct,random_80pct,True,200,0.0006337558435107098,0.00041109668128476125,0.6486672832986891,0.00041109668128476125
helmholtz,transolver,random_80pct,vertical_lines_50pct,False,200,0.38133014716248953,0.3755713329866821,0.9848980883922783,0.3755713329866821
helmholtz,transolver,vertical_lines_50pct,block_observed_50pct,False,200,0.827104744734737,0.8239205427211733,0.9961501828712336,0.8239205427211733
helmholtz,transolver,vertical_lines_50pct,boundary_band_50pct,False,200,0.8400922374716759,0.8381077241528435,0.9976377435353945,0.8381077241528435
helmholtz,transolver,vertical_lines_50pct,clustered_50pct,False,200,0.5493580325936839,0.5451274230027451,0.992298993843842,0.5451274230027451
helmholtz,transolver,vertical_lines_50pct,horizontal_lines_50pct,False,200,0.7100919439557921,0.6956836941958092,0.9797093180923625,0.6956836941958092
helmholtz,transolver,vertical_lines_50pct,line_sensors_50pct,False,200,0.3407493438988844,0.3226710009006501,0.9469453329201452,0.3226710009006501
helmholtz,transolver,vertical_lines_50pct,random_50pct,False,200,0.4949579936016471,0.47415040670750735,0.957960903423885,0.47415040670750735
helmholtz,transolver,vertical_lines_50pct,random_65pct,False,200,0.4618547022803698,0.4301666880246624,0.9313896467888052,0.4301666880246624
helmholtz,transolver,vertical_lines_50pct,random_80pct,False,200,0.45561048426309825,0.41230725646047767,0.9049555940911699,0.41230725646047767
helmholtz,transolver,vertical_lines_50pct,vertical_lines_50pct,True,200,0.0030319468497912285,0.0029119695733814247,0.9604289645057382,0.0029119695733814247
helmholtz,ufno_2d,block_observed_50pct,block_observed_50pct,True,200,0.06288164156154231,0.05924709494371301,0.9422001950398803,0.05924709494371301
helmholtz,ufno_2d,block_observed_50pct,boundary_band_50pct,False,200,0.0462269361497862,0.042778220675498295,0.9253959755603691,0.042778220675498295
helmholtz,ufno_2d,block_observed_50pct,clustered_50pct,False,200,0.29081800142317227,0.2510780936502874,0.8633512795686298,0.2510780936502874
helmholtz,ufno_2d,block_observed_50pct,horizontal_lines_50pct,False,200,1.36316349197167,0.9862264371563887,0.7234836048388574,0.9862264371563887
helmholtz,ufno_2d,block_observed_50pct,line_sensors_50pct,False,200,1.240362508892001,0.8991628698360379,0.7249194194358937,0.8991628698360379
helmholtz,ufno_2d,block_observed_50pct,random_50pct,False,200,0.6278070203348517,0.4506883812734524,0.7178772563471335,0.4506883812734524
helmholtz,ufno_2d,block_observed_50pct,random_65pct,False,200,0.5160505315154746,0.31108220523089086,0.6028134576614859,0.31108220523089086
helmholtz,ufno_2d,block_observed_50pct,random_80pct,False,200,0.2654659592506247,0.12156507946021171,0.4579309520639627,0.12156507946021171
helmholtz,ufno_2d,block_observed_50pct,vertical_lines_50pct,False,200,1.4245337403477367,1.0208188787735546,0.7165985963409803,1.0208188787735546
helmholtz,ufno_2d,boundary_band_50pct,block_observed_50pct,False,200,0.9905741864604893,0.8364335366188165,0.8443926240472237,0.8364335366188165
helmholtz,ufno_2d,boundary_band_50pct,boundary_band_50pct,True,200,0.03991236023950575,0.035918556971681365,0.8999356779739809,0.035918556971681365
helmholtz,ufno_2d,boundary_band_50pct,clustered_50pct,False,200,1.1301857609525434,0.7307002867329367,0.6465311384892053,0.7307002867329367
helmholtz,ufno_2d,boundary_band_50pct,horizontal_lines_50pct,False,200,1.6729935345675722,1.1794321387238087,0.7049830823337061,1.1794321387238087
helmholtz,ufno_2d,boundary_band_50pct,line_sensors_50pct,False,200,1.5259183812960528,1.0764231055032567,0.7054263967834157,1.0764231055032567
helmholtz,ufno_2d,boundary_band_50pct,random_50pct,False,200,1.141329437663454,0.8063531366543455,0.7065034073817663,0.8063531366543455
helmholtz,ufno_2d,boundary_band_50pct,random_65pct,False,200,1.256587521163159,0.7425693085746891,0.5909411768527913,0.7425693085746891
helmholtz,ufno_2d,boundary_band_50pct,random_80pct,False,200,1.4746710777643803,0.6592090666379624,0.44702108597486806,0.6592090666379624
helmholtz,ufno_2d,boundary_band_50pct,vertical_lines_50pct,False,200,1.6465367845920071,1.1598606538243486,0.7044243801159588,1.1598606538243486
helmholtz,ufno_2d,clustered_50pct,block_observed_50pct,False,200,0.37759721070741614,0.37308438144957956,0.9880485630458394,0.37308438144957956
helmholtz,ufno_2d,clustered_50pct,boundary_band_50pct,False,200,0.3293574102936304,0.3259280146047179,0.9895876164260122,0.3259280146047179
helmholtz,ufno_2d,clustered_50pct,clustered_50pct,True,200,0.07175751468287882,0.05419539554138696,0.7552574219006203,0.05419539554138697
helmholtz,ufno_2d,clustered_50pct,horizontal_lines_50pct,False,200,0.08623422739598098,0.06152679902521102,0.7134846670879843,0.06152679902521102
helmholtz,ufno_2d,clustered_50pct,line_sensors_50pct,False,200,0.07581650665110183,0.054206899480761184,0.7149749028956797,0.054206899480761184
helmholtz,ufno_2d,clustered_50pct,random_50pct,False,200,0.04373113652449247,0.03096353012077116,0.7080431148508898,0.03096353012077116
helmholtz,ufno_2d,clustered_50pct,random_65pct,False,200,0.05771789914776126,0.03416278790076174,0.591892435538982,0.03416278790076174
helmholtz,ufno_2d,clustered_50pct,random_80pct,False,200,0.07935199013329937,0.03551123784825664,0.4475154030617647,0.03551123784825664
helmholtz,ufno_2d,clustered_50pct,vertical_lines_50pct,False,200,0.1205485386982733,0.0873339828106737,0.7244715178942658,0.0873339828106737
helmholtz,ufno_2d,horizontal_lines_50pct,block_observed_50pct,False,200,0.763490442977445,0.7507933426474254,0.9833696669725116,0.7507933426474254
helmholtz,ufno_2d,horizontal_lines_50pct,boundary_band_50pct,False,200,0.8025423161589329,0.7946169899253236,0.9901247247976395,0.7946169899253236
helmholtz,ufno_2d,horizontal_lines_50pct,clustered_50pct,False,200,0.518768494990439,0.4547060032406493,0.8765104427728011,0.4547060032406493
helmholtz,ufno_2d,horizontal_lines_50pct,horizontal_lines_50pct,True,200,0.016858516512938508,0.012102339459611328,0.7178768932796117,0.012102339459611328
helmholtz,ufno_2d,horizontal_lines_50pct,line_sensors_50pct,False,200,0.2627750750568418,0.17231366288229524,0.6557458421238068,0.17231366288229524
helmholtz,ufno_2d,horizontal_lines_50pct,random_50pct,False,200,0.47466848631825587,0.3382610732517513,0.7126259336815419,0.3382610732517513
helmholtz,ufno_2d,horizontal_lines_50pct,random_65pct,False,200,0.4387258037502827,0.262984351455973,0.5994275905541686,0.262984351455973
helmholtz,ufno_2d,horizontal_lines_50pct,random_80pct,False,200,0.3962816978884802,0.18214442206595258,0.45963369753505706,0.18214442206595258
helmholtz,ufno_2d,horizontal_lines_50pct,vertical_lines_50pct,False,200,0.6760517914437092,0.49689119632839857,0.7349898374905375,0.49689119632839857
helmholtz,ufno_2d,line_sensors_50pct,block_observed_50pct,False,200,0.7393158730748088,0.723023177825432,0.977962470653287,0.723023177825432
helmholtz,ufno_2d,line_sensors_50pct,boundary_band_50pct,False,200,0.7675406518971851,0.7606940439750073,0.9910798106846138,0.7606940439750073
helmholtz,ufno_2d,line_sensors_50pct,clustered_50pct,False,200,0.48389631303435104,0.40617249633462604,0.8393791921820088,0.40617249633462604
helmholtz,ufno_2d,line_sensors_50pct,horizontal_lines_50pct,False,200,0.04269324905953016,0.02927240550642723,0.6856448303011721,0.029272405506427228
helmholtz,ufno_2d,line_sensors_50pct,line_sensors_50pct,True,200,0.03449894689278107,0.024365977500462703,0.7062817765478315,0.024365977500462703
helmholtz,ufno_2d,line_sensors_50pct,random_50pct,False,200,0.16973023819876493,0.12094198673796179,0.7125541566513977,0.12094198673796179
helmholtz,ufno_2d,line_sensors_50pct,random_65pct,False,200,0.14099263441710672,0.0838092244192359,0.594422714106456,0.0838092244192359
helmholtz,ufno_2d,line_sensors_50pct,random_80pct,False,200,0.17037963569479242,0.07523504777005924,0.44157300526707705,0.07523504777005924
helmholtz,ufno_2d,line_sensors_50pct,vertical_lines_50pct,False,200,0.04179238860136694,0.028903556885592915,0.6915985865581165,0.028903556885592915
helmholtz,ufno_2d,random_50pct,block_observed_50pct,False,200,1.3724065169471593,1.2419148493811198,0.9049176275726883,1.2419148493811198
helmholtz,ufno_2d,random_50pct,boundary_band_50pct,False,200,1.3364621853031886,1.26800583301096,0.9487779354739478,1.26800583301096
helmholtz,ufno_2d,random_50pct,clustered_50pct,False,200,1.1444534413103244,0.8759014897277188,0.7653447996319263,0.8759014897277188
helmholtz,ufno_2d,random_50pct,horizontal_lines_50pct,False,200,1.0119247030173346,0.7141064267859905,0.7056912679932448,0.7141064267859905
helmholtz,ufno_2d,random_50pct,line_sensors_50pct,False,200,1.0347663598284813,0.7252653870218007,0.7008977245278999,0.7252653870218007
helmholtz,ufno_2d,random_50pct,random_50pct,True,200,1.0740698718623891,0.7584223566564092,0.7061201291693796,0.7584223566564092
helmholtz,ufno_2d,random_50pct,random_65pct,False,200,0.952363951818466,0.5792979334600847,0.6082736881776759,0.5792979334600847
helmholtz,ufno_2d,random_50pct,random_80pct,False,200,0.44666343398978364,0.22437515419425133,0.5023360703383286,0.22437515419425133
helmholtz,ufno_2d,random_50pct,vertical_lines_50pct,False,200,1.0221772149420336,0.7197983136310174,0.704181528514932,0.7197983136310174
helmholtz,ufno_2d,random_65pct,block_observed_50pct,False,200,2.317920245323765,2.2956287051592135,0.9903829563551537,2.2956287051592135
helmholtz,ufno_2d,random_65pct,boundary_band_50pct,False,200,2.30655661367277,2.2879717351986884,0.991942587333901,2.2879717351986884
helmholtz,ufno_2d,random_65pct,clustered_50pct,False,200,1.9254465259840883,1.8851486547056695,0.9790708956418186,1.8851486547056695
helmholtz,ufno_2d,random_65pct,horizontal_lines_50pct,False,200,0.35194689319183403,0.23696268969438405,0.6732910398649944,0.23696268969438405
helmholtz,ufno_2d,random_65pct,line_sensors_50pct,False,200,0.3032837961104337,0.20385927078338276,0.6721733023585347,0.20385927078338276
helmholtz,ufno_2d,random_65pct,random_50pct,False,200,0.24871047968154616,0.17119208603030722,0.6883187481665628,0.17119208603030722
helmholtz,ufno_2d,random_65pct,random_65pct,True,200,0.13622093626490206,0.08064966467233686,0.5920504357384645,0.08064966467233686
helmholtz,ufno_2d,random_65pct,random_80pct,False,200,0.23809190402620226,0.09643567012766166,0.40503548628452657,0.09643567012766166
helmholtz,ufno_2d,random_65pct,vertical_lines_50pct,False,200,0.3494738778250079,0.233258514774817,0.6674562236998342,0.233258514774817
helmholtz,ufno_2d,random_80pct,block_observed_50pct,False,200,2.88581606774088,2.869356250187735,0.9942963040031757,2.869356250187735
helmholtz,ufno_2d,random_80pct,boundary_band_50pct,False,200,2.881138771374009,2.8650867199377643,0.9944285740083982,2.8650867199377643
helmholtz,ufno_2d,random_80pct,clustered_50pct,False,200,2.120210992917365,2.0843378619159996,0.9830803957147658,2.0843378619159996
helmholtz,ufno_2d,random_80pct,horizontal_lines_50pct,False,200,0.6155969340084985,0.5185255497283526,0.8423134052210764,0.5185255497283526
helmholtz,ufno_2d,random_80pct,line_sensors_50pct,False,200,0.43639399158893,0.3571966747682865,0.8185187735232501,0.3571966747682865
helmholtz,ufno_2d,random_80pct,random_50pct,False,200,0.5330993571731477,0.372423362286421,0.698600283934426,0.372423362286421
helmholtz,ufno_2d,random_80pct,random_65pct,False,200,0.4877552656723986,0.28636007121899937,0.5870978570046509,0.28636007121899937
helmholtz,ufno_2d,random_80pct,random_80pct,True,200,0.028635603414097977,0.013089452669072531,0.45710413291407326,0.013089452669072531
helmholtz,ufno_2d,random_80pct,vertical_lines_50pct,False,200,0.4547942188565009,0.36298255400699775,0.7981248198793133,0.36298255400699775
helmholtz,ufno_2d,vertical_lines_50pct,block_observed_50pct,False,200,0.7841138254105493,0.7678303474830139,0.9792332727725983,0.7678303474830139
helmholtz,ufno_2d,vertical_lines_50pct,boundary_band_50pct,False,200,0.8134713347930369,0.8056491113520583,0.9903841437228164,0.8056491113520583
helmholtz,ufno_2d,vertical_lines_50pct,clustered_50pct,False,200,0.6012080804472484,0.4875875867928721,0.8110130296820826,0.4875875867928721
helmholtz,ufno_2d,vertical_lines_50pct,horizontal_lines_50pct,False,200,0.6731321023052225,0.49551382015351714,0.7361316128833701,0.49551382015351714
helmholtz,ufno_2d,vertical_lines_50pct,line_sensors_50pct,False,200,0.2790918091616114,0.1829272247067281,0.6554374535613903,0.1829272247067281
helmholtz,ufno_2d,vertical_lines_50pct,random_50pct,False,200,0.4736606689085455,0.33719070906898324,0.7118824323032151,0.33719070906898324
helmholtz,ufno_2d,vertical_lines_50pct,random_65pct,False,200,0.46287084913457993,0.2759955422782308,0.5962690085025963,0.2759955422782308
helmholtz,ufno_2d,vertical_lines_50pct,random_80pct,False,200,0.4735329758065141,0.2136927599693818,0.4512732394305245,0.2136927599693818
helmholtz,ufno_2d,vertical_lines_50pct,vertical_lines_50pct,True,200,0.025359359199086277,0.018068219408360058,0.7124872228242689,0.018068219408360058
poisson,cno,block_observed_50pct,block_observed_50pct,True,200,0.12122706238033688,0.11902101591108226,0.9818023597541827,0.11902101591108226
poisson,cno,block_observed_50pct,boundary_band_50pct,False,200,0.08598764536109153,0.08432038322485466,0.9806104454978913,0.08432038322485466
poisson,cno,block_observed_50pct,clustered_50pct,False,200,0.8122443636330136,0.7636237276689531,0.9401403836813473,0.7636237276689531
poisson,cno,block_observed_50pct,horizontal_lines_50pct,False,200,0.6785655207033208,0.498722451183905,0.7349658006009329,0.498722451183905
poisson,cno,block_observed_50pct,line_sensors_50pct,False,200,0.6226999013479889,0.4462569981287939,0.7166485768871322,0.4462569981287939
poisson,cno,block_observed_50pct,random_50pct,False,200,0.6412505512067176,0.4561109509105259,0.7112835225672829,0.4561109509105259
poisson,cno,block_observed_50pct,random_65pct,False,200,0.6474757892023962,0.38362613237734877,0.5924949454093488,0.38362613237734877
poisson,cno,block_observed_50pct,random_80pct,False,200,0.6614243059328371,0.29590822754251933,0.44738033496544455,0.29590822754251933
poisson,cno,block_observed_50pct,vertical_lines_50pct,False,200,0.6457525149273927,0.46989136149564226,0.7276647796694621,0.46989136149564226
poisson,cno,boundary_band_50pct,block_observed_50pct,False,200,1.2346089630614652,1.2325475470732843,0.9983303085836432,1.2325475470732843
poisson,cno,boundary_band_50pct,boundary_band_50pct,True,200,0.06379394590814623,0.06183045185025074,0.9692213104246188,0.06183045185025074
poisson,cno,boundary_band_50pct,clustered_50pct,False,200,1.8487051208244767,1.7799715672800542,0.9628207047353399,1.7799715672800542
poisson,cno,boundary_band_50pct,horizontal_lines_50pct,False,200,0.5833210151800295,0.4607523087248808,0.7898777803893787,0.4607523087248808
poisson,cno,boundary_band_50pct,line_sensors_50pct,False,200,0.5477083064037338,0.4257158090699275,0.7772673959706545,0.42571580906992745
poisson,cno,boundary_band_50pct,random_50pct,False,200,0.505443555559625,0.36415478250761557,0.7204657740752575,0.36415478250761557
poisson,cno,boundary_band_50pct,random_65pct,False,200,0.4046785300502681,0.24589285970215793,0.6076251677389798,0.24589285970215793
poisson,cno,boundary_band_50pct,random_80pct,False,200,0.3628332848738257,0.16654023295339573,0.4589993252997989,0.16654023295339573
poisson,cno,boundary_band_50pct,vertical_lines_50pct,False,200,0.5828812224449829,0.4560521730941165,0.78241013011388,0.4560521730941165
poisson,cno,clustered_50pct,block_observed_50pct,False,200,0.7352764557947463,0.7340135631371694,0.9982824247293327,0.7340135631371694
poisson,cno,clustered_50pct,boundary_band_50pct,False,200,0.8259101362289255,0.8246468896781036,0.9984704794197226,0.8246468896781036
poisson,cno,clustered_50pct,clustered_50pct,True,200,0.12463138763995246,0.12210581543423674,0.9797356648791246,0.12210581543423674
poisson,cno,clustered_50pct,horizontal_lines_50pct,False,200,0.07646409007347074,0.057852319262812105,0.756594621177399,0.057852319262812105
poisson,cno,clustered_50pct,line_sensors_50pct,False,200,0.07541613847257515,0.056621400843534196,0.7507862639257828,0.056621400843534196
poisson,cno,clustered_50pct,random_50pct,False,200,0.08959393599585351,0.06276691361461931,0.7005710031259729,0.06276691361461931
poisson,cno,clustered_50pct,random_65pct,False,200,0.13738759810243856,0.08005167394127236,0.5826703068320945,0.08005167394127236
poisson,cno,clustered_50pct,random_80pct,False,200,0.20343011331305597,0.09019943640022547,0.4433927452098438,0.09019943640022547
poisson,cno,clustered_50pct,vertical_lines_50pct,False,200,0.07284299252532536,0.054057531139400324,0.7421102465086963,0.054057531139400324
poisson,cno,horizontal_lines_50pct,block_observed_50pct,False,200,0.8668276725318518,0.8664099133550898,0.9995180597135971,0.8664099133550898
poisson,cno,horizontal_lines_50pct,boundary_band_50pct,False,200,0.9249800212881055,0.9246733851950512,0.9996684943609622,0.9246733851950512
poisson,cno,horizontal_lines_50pct,clustered_50pct,False,200,0.4330517708829309,0.4315224398215351,0.996468479834922,0.4315224398215351
poisson,cno,horizontal_lines_50pct,horizontal_lines_50pct,True,200,0.007055153672364064,0.0053704037112586945,0.7612029391075137,0.0053704037112586945
poisson,cno,horizontal_lines_50pct,line_sensors_50pct,False,200,0.04029487225982429,0.03450115104765758,0.8562169108067058,0.03450115104765758
poisson,cno,horizontal_lines_50pct,random_50pct,False,200,0.017679988305636846,0.012656925472473109,0.7158899233229553,0.012656925472473109
poisson,cno,horizontal_lines_50pct,random_65pct,False,200,0.146487807543157,0.0884599840432343,0.6038726739573392,0.0884599840432343
poisson,cno,horizontal_lines_50pct,random_80pct,False,200,0.3391748406162253,0.15473266476764755,0.4562032504725986,0.15473266476764755
poisson,cno,horizontal_lines_50pct,vertical_lines_50pct,False,200,0.06334548012307131,0.0550312190975967,0.8687473674629795,0.0550312190975967
poisson,cno,line_sensors_50pct,block_observed_50pct,False,200,1.0634670108730075,0.9452939292559032,0.8888794100720667,0.9452939292559033
poisson,cno,line_sensors_50pct,boundary_band_50pct,False,200,1.084918995379852,0.9690625475292248,0.893211891077579,0.9690625475292248
poisson,cno,line_sensors_50pct,clustered_50pct,False,200,0.4955877136704813,0.44245025721884174,0.8927789067689218,0.44245025721884174
poisson,cno,line_sensors_50pct,horizontal_lines_50pct,False,200,0.013191821904411118,0.010001606411927669,0.7581671799695312,0.010001606411927669
poisson,cno,line_sensors_50pct,line_sensors_50pct,True,200,0.013885732815956078,0.010191755056157367,0.7339731500843826,0.010191755056157367
poisson,cno,line_sensors_50pct,random_50pct,False,200,0.011982923910582512,0.008557341701568147,0.7141280179548565,0.008557341701568147
poisson,cno,line_sensors_50pct,random_65pct,False,200,0.05960665328297614,0.03549811468686009,0.5955394697020923,0.03549811468686009
poisson,cno,line_sensors_50pct,random_80pct,False,200,0.09592584487120365,0.043292675279349074,0.4513139846459176,0.043292675279349074
poisson,cno,line_sensors_50pct,vertical_lines_50pct,False,200,0.0134195848987168,0.01009831596938425,0.7525058372222724,0.01009831596938425
poisson,cno,random_50pct,block_observed_50pct,False,200,1.5260322195933569,1.3060442465473647,0.8558431662048311,1.3060442465473647
poisson,cno,random_50pct,boundary_band_50pct,False,200,1.5348404091196806,1.3207050147062156,0.8604836091484691,1.3207050147062156
poisson,cno,random_50pct,clustered_50pct,False,200,1.14271320862531,0.9125711789840146,0.7986003592991128,0.9125711789840146
poisson,cno,random_50pct,horizontal_lines_50pct,False,200,0.12699258768808844,0.10699363075703566,0.8425187068384415,0.10699363075703566
poisson,cno,random_50pct,line_sensors_50pct,False,200,0.11782921470773056,0.10217113979617834,0.867112116885517,0.10217113979617834
poisson,cno,random_50pct,random_50pct,True,200,0.017609426020800737,0.012506153668511082,0.7101965534673572,0.012506153668511082
poisson,cno,random_50pct,random_65pct,False,200,0.3028321496045786,0.18195441700274947,0.6008424707889682,0.18195441700274947
poisson,cno,random_50pct,random_80pct,False,200,1.3493265723577272,0.6049961406435784,0.4483689516218796,0.6049961406435784
poisson,cno,random_50pct,vertical_lines_50pct,False,200,0.12699021781903005,0.10695363051994165,0.8422194430153515,0.10695363051994165
poisson,cno,random_65pct,block_observed_50pct,False,200,0.9455111186842448,0.8962403675697227,0.9478898236722099,0.8962403675697227
poisson,cno,random_65pct,boundary_band_50pct,False,200,0.9635126014119118,0.9235697061945517,0.9585445014846422,0.9235697061945517
poisson,cno,random_65pct,clustered_50pct,False,200,0.6627589583071425,0.615943477952126,0.9293627347194291,0.615943477952126
poisson,cno,random_65pct,horizontal_lines_50pct,False,200,0.1533919059464912,0.1451997881931909,0.9465935461017218,0.1451997881931909
poisson,cno,random_65pct,line_sensors_50pct,False,200,0.16574733180428378,0.1610813740463361,0.9718489721242856,0.1610813740463361
poisson,cno,random_65pct,random_50pct,False,200,0.0701340245191408,0.052554915937052644,0.7493497813277419,0.052554915937052644
poisson,cno,random_65pct,random_65pct,True,200,0.005131988326605698,0.003077515582397976,0.5996731454830584,0.003077515582397976
poisson,cno,random_65pct,random_80pct,False,200,0.04743127801611939,0.022285679638850177,0.46985197470910334,0.022285679638850177
poisson,cno,random_65pct,vertical_lines_50pct,False,200,0.14685049926537633,0.13938785279225666,0.9491820149713364,0.13938785279225666
poisson,cno,random_80pct,block_observed_50pct,False,200,1.1324471483425986,1.0857118351015589,0.9587306892781358,1.0857118351015589
poisson,cno,random_80pct,boundary_band_50pct,False,200,1.1527691331570589,1.1159868035913798,0.9680921977283133,1.1159868035913798
poisson,cno,random_80pct,clustered_50pct,False,200,0.9262558569207742,0.8583202801619905,0.9266557115388967,0.8583202801619905
poisson,cno,random_80pct,horizontal_lines_50pct,False,200,0.28371419219085753,0.2515405876274646,0.8865985366648511,0.2515405876274646
poisson,cno,random_80pct,line_sensors_50pct,False,200,0.2710713430057321,0.24539314041535826,0.9052714229927623,0.24539314041535826
poisson,cno,random_80pct,random_50pct,False,200,0.10804419445256126,0.08327051877355697,0.7707079422033951,0.08327051877355697
poisson,cno,random_80pct,random_65pct,False,200,0.035500484064659894,0.02308865145396073,0.6503756797205217,0.02308865145396073
poisson,cno,random_80pct,random_80pct,True,200,0.0053110590219602296,0.002425551339570305,0.4566982459696092,0.002425551339570305
poisson,cno,random_80pct,vertical_lines_50pct,False,200,0.28763184732873043,0.25756740168527,0.8954759498203264,0.25756740168527
poisson,cno,vertical_lines_50pct,block_observed_50pct,False,200,0.7965751668896236,0.79586004824644,0.9991022584271916,0.79586004824644
poisson,cno,vertical_lines_50pct,boundary_band_50pct,False,200,0.8146122545579744,0.8139465576951719,0.9991828052437491,0.8139465576951719
poisson,cno,vertical_lines_50pct,clustered_50pct,False,200,0.3875964670614944,0.3862642329937318,0.9965628322727945,0.3862642329937318
poisson,cno,vertical_lines_50pct,horizontal_lines_50pct,False,200,0.05445533545611175,0.04859700515310104,0.8924195351301759,0.04859700515310104
poisson,cno,vertical_lines_50pct,line_sensors_50pct,False,200,0.03101646047172146,0.026810260207505557,0.8643881281021473,0.026810260207505557
poisson,cno,vertical_lines_50pct,random_50pct,False,200,0.012831716116882805,0.009173471929962849,0.7149060847670429,0.009173471929962849
poisson,cno,vertical_lines_50pct,random_65pct,False,200,0.1218474463493512,0.07283716817392454,0.5977734483256355,0.07283716817392454
poisson,cno,vertical_lines_50pct,random_80pct,False,200,0.24775540133805676,0.11228355879744897,0.45320327303072816,0.11228355879744897
poisson,cno,vertical_lines_50pct,vertical_lines_50pct,True,200,0.0051183386484694,0.004032649619326226,0.787882533042662,0.004032649619326226
poisson,deeponet,block_observed_50pct,block_observed_50pct,True,200,0.12754953867919672,0.11960409379115929,0.9377069884351269,0.11960409379115929
poisson,deeponet,block_observed_50pct,boundary_band_50pct,False,200,0.06830158790225364,0.059677244427804865,0.8737314352516801,0.059677244427804865
poisson,deeponet,block_observed_50pct,clustered_50pct,False,200,1.6152494690973485,0.980403544747064,0.6069672601687615,0.980403544747064
poisson,deeponet,block_observed_50pct,horizontal_lines_50pct,False,200,13.64509920767663,9.659966172989693,0.7079440043612925,9.659966172989693
poisson,deeponet,block_observed_50pct,line_sensors_50pct,False,200,11.444042711964274,8.056067897408694,0.7039529736276157,8.056067897408694
poisson,deeponet,block_observed_50pct,random_50pct,False,200,7.256830793817191,5.131816091881018,0.7071704215913809,5.131816091881018
poisson,deeponet,block_observed_50pct,random_65pct,False,200,6.5161251608115265,3.8566462235760794,0.5918619008072841,3.8566462235760794
poisson,deeponet,block_observed_50pct,random_80pct,False,200,4.4550173477939055,1.9912381813427638,0.4469653035871592,1.9912381813427638
poisson,deeponet,block_observed_50pct,vertical_lines_50pct,False,200,11.648041413140936,8.182022406413944,0.7024376130036125,8.182022406413944
poisson,deeponet,boundary_band_50pct,block_observed_50pct,False,200,1.1604247456415604,1.093417877340607,0.9422566016860424,1.093417877340607
poisson,deeponet,boundary_band_50pct,boundary_band_50pct,True,200,0.03707111372900555,0.0346060001532957,0.9335031152899764,0.0346060001532957
poisson,deeponet,boundary_band_50pct,clustered_50pct,False,200,7.491670596243863,4.081531065856825,0.5448092002207362,4.081531065856825
poisson,deeponet,boundary_band_50pct,horizontal_lines_50pct,False,200,6.226278474159608,4.381680419930042,0.7037398725603032,4.381680419930042
poisson,deeponet,boundary_band_50pct,line_sensors_50pct,False,200,5.957202544493538,4.1600591870530925,0.6983242815704477,4.1600591870530925
poisson,deeponet,boundary_band_50pct,random_50pct,False,200,5.868752421903079,4.149871953507723,0.7071131400976752,4.149871953507723
poisson,deeponet,boundary_band_50pct,random_65pct,False,200,7.156968650317287,4.234497744319666,0.5916607926083258,4.234497744319666
poisson,deeponet,boundary_band_50pct,random_80pct,False,200,8.557059850346102,3.824711802511857,0.4469656481784642,3.824711802511857
poisson,deeponet,boundary_band_50pct,vertical_lines_50pct,False,200,5.951817773161834,4.180215703601,0.7023426897326376,4.180215703601
poisson,deeponet,clustered_50pct,block_observed_50pct,False,200,0.6145419668105263,0.5902652908456437,0.9604963089976124,0.5902652908456437
poisson,deeponet,clustered_50pct,boundary_band_50pct,False,200,0.6525580227874567,0.6279184145923254,0.9622415059891823,0.6279184145923253
poisson,deeponet,clustered_50pct,clustered_50pct,True,200,0.22720106685427002,0.1720731468624489,0.7573606464304987,0.1720731468624489
poisson,deeponet,clustered_50pct,horizontal_lines_50pct,False,200,1.4413344656091622,1.0189117059110746,0.7069224598611428,1.0189117059110746
poisson,deeponet,clustered_50pct,line_sensors_50pct,False,200,0.94320716735669,0.662107728062295,0.7019748693363221,0.662107728062295
poisson,deeponet,clustered_50pct,random_50pct,False,200,0.6038505094565356,0.42716679337409735,0.7074048736972114,0.42716679337409735
poisson,deeponet,clustered_50pct,random_65pct,False,200,0.5189547188572166,0.3070300445499408,0.591631665333052,0.3070300445499408
poisson,deeponet,clustered_50pct,random_80pct,False,200,0.3805943919185846,0.17015410562415811,0.4470746527987645,0.17015410562415811
poisson,deeponet,clustered_50pct,vertical_lines_50pct,False,200,0.2853537299418092,0.20139360225317976,0.7057682487425309,0.20139360225317976
poisson,deeponet,horizontal_lines_50pct,block_observed_50pct,False,200,0.8317189222007149,0.7841576287841466,0.942815665067807,0.7841576287841466
poisson,deeponet,horizontal_lines_50pct,boundary_band_50pct,False,200,0.8070331618009431,0.7813871851934008,0.9682219048467454,0.7813871851934008
poisson,deeponet,horizontal_lines_50pct,clustered_50pct,False,200,0.6484360275734189,0.4871802876227966,0.7513158845382566,0.4871802876227966
poisson,deeponet,horizontal_lines_50pct,horizontal_lines_50pct,True,200,0.02557431075683263,0.018178650207108606,0.7108168184846138,0.018178650207108606
poisson,deeponet,horizontal_lines_50pct,line_sensors_50pct,False,200,0.15810071199577302,0.1124027725066924,0.7109567761446741,0.1124027725066924
poisson,deeponet,horizontal_lines_50pct,random_50pct,False,200,0.19341719098551582,0.1369868306676489,0.7082453734834111,0.13698683066764894
poisson,deeponet,horizontal_lines_50pct,random_65pct,False,200,0.09915469864393689,0.058802625159885054,0.5930392201689245,0.058802625159885054
poisson,deeponet,horizontal_lines_50pct,random_80pct,False,200,0.09171520651200468,0.04094081856124771,0.44639073626126474,0.04094081856124771
poisson,deeponet,horizontal_lines_50pct,vertical_lines_50pct,False,200,0.2884572345402869,0.2100139291974089,0.7280591507164217,0.2100139291974089
poisson,deeponet,line_sensors_50pct,block_observed_50pct,False,200,0.7734711418362941,0.7578977367900228,0.979865564202824,0.7578977367900228
poisson,deeponet,line_sensors_50pct,boundary_band_50pct,False,200,0.7707137680218265,0.7534927880869668,0.9776558034261406,0.7534927880869668
poisson,deeponet,line_sensors_50pct,clustered_50pct,False,200,0.4731072664264925,0.4268275409696679,0.9021792123245371,0.4268275409696679
poisson,deeponet,line_sensors_50pct,horizontal_lines_50pct,False,200,0.1129874256874514,0.07968559710982182,0.705260754681234,0.07968559710982182
poisson,deeponet,line_sensors_50pct,line_sensors_50pct,True,200,0.027260752249460115,0.019481711665104085,0.7146432162557037,0.019481711665104085
poisson,deeponet,line_sensors_50pct,random_50pct,False,200,0.3434615157297108,0.24305958094891372,0.7076763183569917,0.24305958094891372
poisson,deeponet,line_sensors_50pct,random_65pct,False,200,0.2585504090097344,0.1530969295345333,0.5921357081619206,0.1530969295345333
poisson,deeponet,line_sensors_50pct,random_80pct,False,200,0.1594517614283251,0.07143295351851414,0.4479909966414755,0.07143295351851414
poisson,deeponet,line_sensors_50pct,vertical_lines_50pct,False,200,0.12935282943478038,0.09109491783477547,0.704235989524338,0.09109491783477547
poisson,deeponet,random_50pct,block_observed_50pct,False,200,0.8873739084089373,0.8253348821761928,0.93008693895003,0.8253348821761928
poisson,deeponet,random_50pct,boundary_band_50pct,False,200,0.9062530333828823,0.8607721279346818,0.9498143412790263,0.8607721279346818
poisson,deeponet,random_50pct,clustered_50pct,False,200,0.587810759534696,0.45513677951157905,0.7742913380351526,0.45513677951157905
poisson,deeponet,random_50pct,horizontal_lines_50pct,False,200,0.15665682892812877,0.11169461060785664,0.7129890945200994,0.11169461060785664
poisson,deeponet,random_50pct,line_sensors_50pct,False,200,0.13038469257377627,0.09321014610183558,0.7148856530769053,0.09321014610183558
poisson,deeponet,random_50pct,random_50pct,True,200,0.02291969830595416,0.016203222905291106,0.7069562037420787,0.016203222905291106
poisson,deeponet,random_50pct,random_65pct,False,200,0.05560879295249669,0.032788307335819694,0.589624510710542,0.032788307335819694
poisson,deeponet,random_50pct,random_80pct,False,200,0.18991341818844332,0.08480023290814956,0.4465204919012397,0.08480023290814956
poisson,deeponet,random_50pct,vertical_lines_50pct,False,200,0.1501252664170328,0.10690168377565057,0.712083224409997,0.10690168377565057
poisson,deeponet,random_65pct,block_observed_50pct,False,200,0.8561873154954956,0.8223798779513553,0.9605139705619498,0.8223798779513553
poisson,deeponet,random_65pct,boundary_band_50pct,False,200,0.8695217230854523,0.8370038034300699,0.9626025218323536,0.8370038034300699
poisson,deeponet,random_65pct,clustered_50pct,False,200,0.4944846666955594,0.4353098052969522,0.8803302399768048,0.4353098052969522
poisson,deeponet,random_65pct,horizontal_lines_50pct,False,200,0.17037966424306705,0.12446070206350818,0.7304903587904131,0.12446070206350818
poisson,deeponet,random_65pct,line_sensors_50pct,False,200,0.14483512035395388,0.10581251215280192,0.7305721975043972,0.10581251215280192
poisson,deeponet,random_65pct,random_50pct,False,200,0.05707286805706585,0.04044953492763161,0.708734926150672,0.04044953492763161
poisson,deeponet,random_65pct,random_65pct,True,200,0.020277451334017295,0.012001983305040965,0.5918881573103091,0.012001983305040965
poisson,deeponet,random_65pct,random_80pct,False,200,0.07933455175875871,0.03547123431979993,0.44710953214510124,0.03547123431979993
poisson,deeponet,random_65pct,vertical_lines_50pct,False,200,0.159256148559433,0.11643175477940736,0.7310973914200622,0.11643175477940736
poisson,deeponet,random_80pct,block_observed_50pct,False,200,0.9047335053002494,0.8781898983305544,0.9706614082332607,0.8781898983305544
poisson,deeponet,random_80pct,boundary_band_50pct,False,200,0.916338903150357,0.8883604166850333,0.9694670974143581,0.8883604166850333
poisson,deeponet,random_80pct,clustered_50pct,False,200,0.6060851836253777,0.5529247805562152,0.9122888918828594,0.5529247805562152
poisson,deeponet,random_80pct,horizontal_lines_50pct,False,200,0.25825038234768366,0.1891792037730648,0.7325418148592399,0.1891792037730648
poisson,deeponet,random_80pct,line_sensors_50pct,False,200,0.2427056256069734,0.17670504082037197,0.728063226299172,0.17670504082037197
poisson,deeponet,random_80pct,random_50pct,False,200,0.1491063172859471,0.10573703030528851,0.7091385008356985,0.10573703030528851
poisson,deeponet,random_80pct,random_65pct,False,200,0.05231957190236889,0.0310629988141327,0.5937166089985964,0.0310629988141327
poisson,deeponet,random_80pct,random_80pct,True,200,0.018764340439072498,0.008389289518005119,0.44708683181511244,0.008389289518005119
poisson,deeponet,random_80pct,vertical_lines_50pct,False,200,0.264004569863599,0.19330669545457194,0.732209656652709,0.19330669545457194
poisson,deeponet,vertical_lines_50pct,block_observed_50pct,False,200,0.7790270419171881,0.7540177534564962,0.9678967646628236,0.7540177534564962
poisson,deeponet,vertical_lines_50pct,boundary_band_50pct,False,200,0.7646752993430688,0.7487738063767365,0.9792049083055341,0.7487738063767365
poisson,deeponet,vertical_lines_50pct,clustered_50pct,False,200,0.542435050021669,0.4195985336842983,0.7735461299330423,0.4195985336842983
poisson,deeponet,vertical_lines_50pct,horizontal_lines_50pct,False,200,0.23949077569276342,0.17482867062629912,0.7300016884599444,0.17482867062629912
poisson,deeponet,vertical_lines_50pct,line_sensors_50pct,False,200,0.11076793219735759,0.07854761995405685,0.7091187710727224,0.07854761995405685
poisson,deeponet,vertical_lines_50pct,random_50pct,False,200,0.1729748317742191,0.12248833057204436,0.7081280514377152,0.12248833057204436
poisson,deeponet,vertical_lines_50pct,random_65pct,False,200,0.122381793588269,0.07246374019241869,0.5921120950082623,0.07246374019241869
poisson,deeponet,vertical_lines_50pct,random_80pct,False,200,0.0984859747274127,0.044077358388550134,0.4475495979051481,0.044077358388550134
poisson,deeponet,vertical_lines_50pct,vertical_lines_50pct,True,200,0.02680438823629313,0.019013584871158225,0.7093459736347887,0.019013584871158225
poisson,fno,block_observed_50pct,block_observed_50pct,True,200,0.14123817258209273,0.1337590507469267,0.9470460308397229,0.1337590507469267
poisson,fno,block_observed_50pct,boundary_band_50pct,False,200,0.09580223196504915,0.08860524206327187,0.9248765946872417,0.08860524206327187
poisson,fno,block_observed_50pct,clustered_50pct,False,200,0.7137943447059522,0.613989730172604,0.8601773532200474,0.613989730172604
poisson,fno,block_observed_50pct,horizontal_lines_50pct,False,200,0.8632874612985256,0.6802311165667809,0.7879543571078885,0.6802311165667809
poisson,fno,block_observed_50pct,line_sensors_50pct,False,200,0.8580078368236818,0.6704378094718548,0.7813889112642545,0.6704378094718548
poisson,fno,block_observed_50pct,random_50pct,False,200,0.6733921739026008,0.5126023479027142,0.7612240946192773,0.5126023479027142
poisson,fno,block_observed_50pct,random_65pct,False,200,0.34074341003283615,0.2220091103385409,0.6515433719382767,0.2220091103385409
poisson,fno,block_observed_50pct,random_80pct,False,200,0.2937439546205814,0.14926571172188124,0.5081490508108752,0.14926571172188124
poisson,fno,block_observed_50pct,vertical_lines_50pct,False,200,0.9752580874787249,0.7603570182191147,0.779646975484017,0.7603570182191147
poisson,fno,boundary_band_50pct,block_observed_50pct,False,200,1.108911643070044,0.9385940909894999,0.8464101687948584,0.9385940909894999
poisson,fno,boundary_band_50pct,boundary_band_50pct,True,200,0.07348753099351737,0.06278287575537038,0.8543337203818795,0.06278287575537038
poisson,fno,boundary_band_50pct,clustered_50pct,False,200,1.4493058164035464,1.090902254802552,0.7527067389473582,1.090902254802552
poisson,fno,boundary_band_50pct,horizontal_lines_50pct,False,200,0.9872441046469049,0.7069993947502033,0.7161343293136877,0.7069993947502033
poisson,fno,boundary_band_50pct,line_sensors_50pct,False,200,1.4194078487233035,1.0000859424439639,0.7045796902866912,1.0000859424439639
poisson,fno,boundary_band_50pct,random_50pct,False,200,1.0669710927757938,0.7559835420862343,0.708532355941804,0.7559835420862343
poisson,fno,boundary_band_50pct,random_65pct,False,200,1.0783429055161298,0.6389848403215971,0.5925618252347645,0.6389848403215971
poisson,fno,boundary_band_50pct,random_80pct,False,200,1.1073343397355189,0.49550952579530966,0.4474795985408161,0.49550952579530966
poisson,fno,boundary_band_50pct,vertical_lines_50pct,False,200,1.9749195306394443,1.3967772764284652,0.7072578172216532,1.3967772764284652
poisson,fno,clustered_50pct,block_observed_50pct,False,200,0.4730472385811775,0.46835471739692325,0.9900802270861392,0.46835471739692325
poisson,fno,clustered_50pct,boundary_band_50pct,False,200,0.5426421012492706,0.5379099123443745,0.991279355409391,0.5379099123443745
poisson,fno,clustered_50pct,clustered_50pct,True,200,0.08230861006187368,0.07290146119630486,0.885708811526556,0.07290146119630488
poisson,fno,clustered_50pct,horizontal_lines_50pct,False,200,0.07958123171149714,0.05850705389336022,0.7351865840109595,0.05850705389336022
poisson,fno,clustered_50pct,line_sensors_50pct,False,200,0.08129647538381735,0.05991861791735851,0.7370383234263284,0.05991861791735851
poisson,fno,clustered_50pct,random_50pct,False,200,0.08107700754175796,0.05965823551946878,0.7358218726652233,0.05965823551946878
poisson,fno,clustered_50pct,random_65pct,False,200,0.07025385356411226,0.04559862605602895,0.6490551584393381,0.04559862605602895
poisson,fno,clustered_50pct,random_80pct,False,200,0.1057385398838107,0.05327258163359189,0.5038142354919002,0.05327258163359189
poisson,fno,clustered_50pct,vertical_lines_50pct,False,200,0.08596909302649376,0.0635043730220282,0.7386884144800454,0.0635043730220282
poisson,fno,horizontal_lines_50pct,block_observed_50pct,False,200,2.9890270950466733,2.7851065731380715,0.9317769577109111,2.7851065731380715
poisson,fno,horizontal_lines_50pct,boundary_band_50pct,False,200,3.0126104484261056,2.848911271440553,0.9456620164511894,2.848911271440553
poisson,fno,horizontal_lines_50pct,clustered_50pct,False,200,2.14250540661725,1.8840714697245116,0.879377696740204,1.8840714697245116
poisson,fno,horizontal_lines_50pct,horizontal_lines_50pct,True,200,0.01801643298259908,0.012939201871852801,0.7181888825801394,0.012939201871852801
poisson,fno,horizontal_lines_50pct,line_sensors_50pct,False,200,0.24623846127736534,0.18109291696167887,0.7354371694099163,0.18109291696167887
poisson,fno,horizontal_lines_50pct,random_50pct,False,200,0.05964423451675425,0.045428405558674924,0.7616562761973908,0.045428405558674924
poisson,fno,horizontal_lines_50pct,random_65pct,False,200,0.1872338683239265,0.08648857505341775,0.46192804660632775,0.08648857505341775
poisson,fno,horizontal_lines_50pct,random_80pct,False,200,0.5063001596396145,0.13688845530771818,0.27037016027242744,0.13688845530771818
poisson,fno,horizontal_lines_50pct,vertical_lines_50pct,False,200,0.364972909222512,0.26574072349275046,0.7281108180298858,0.26574072349275046
poisson,fno,line_sensors_50pct,block_observed_50pct,False,200,0.7254094472110701,0.6849654259964241,0.9442466301340046,0.6849654259964241
poisson,fno,line_sensors_50pct,boundary_band_50pct,False,200,0.766771494640572,0.7259170016960169,0.9467188161921618,0.7259170016960169
poisson,fno,line_sensors_50pct,clustered_50pct,False,200,0.38104114889209967,0.3090483950812073,0.8110630465496557,0.3090483950812073
poisson,fno,line_sensors_50pct,horizontal_lines_50pct,False,200,0.016187365946108295,0.012235430972044253,0.7558629991302476,0.012235430972044253
poisson,fno,line_sensors_50pct,line_sensors_50pct,True,200,0.011995932348174327,0.00933245388865356,0.7779681993683363,0.00933245388865356
poisson,fno,line_sensors_50pct,random_50pct,False,200,0.016539232140756567,0.011708580966208661,0.7079277240057571,0.011708580966208661
poisson,fno,line_sensors_50pct,random_65pct,False,200,0.2096917468457214,0.11675217142419524,0.5567800029349484,0.11675217142419524
poisson,fno,line_sensors_50pct,random_80pct,False,200,0.5331717226225253,0.22382764158863921,0.41980403703274527,0.22382764158863921
poisson,fno,line_sensors_50pct,vertical_lines_50pct,False,200,0.01582946708707118,0.011818357045905647,0.7466048592095919,0.011818357045905647
poisson,fno,random_50pct,block_observed_50pct,False,200,0.8142562235740993,0.8067958496647853,0.9908378054802365,0.8067958496647853
poisson,fno,random_50pct,boundary_band_50pct,False,200,0.8753744751327575,0.8700731557021021,0.9939439410432303,0.8700731557021021
poisson,fno,random_50pct,clustered_50pct,False,200,0.4702801867491342,0.4489459948025769,0.9546351461369608,0.4489459948025769
poisson,fno,random_50pct,horizontal_lines_50pct,False,200,0.05062275754820958,0.046473112861202245,0.9180280789118312,0.046473112861202245
poisson,fno,random_50pct,line_sensors_50pct,False,200,0.042367620090283,0.03827115832455957,0.9033114969168885,0.03827115832455957
poisson,fno,random_50pct,random_50pct,True,200,0.011040579018476942,0.008981359574218183,0.8134862817599914,0.008981359574218183
poisson,fno,random_50pct,random_65pct,False,200,0.14596601404283807,0.09943625090691385,0.6812287884886089,0.09943625090691385
poisson,fno,random_50pct,random_80pct,False,200,0.28697142852344387,0.2217938590018943,0.7728778441222941,0.2217938590018943
poisson,fno,random_50pct,vertical_lines_50pct,False,200,0.0497323022458811,0.04360343829563442,0.8767629151784486,0.04360343829563442
poisson,fno,random_65pct,block_observed_50pct,False,200,0.9573252907019726,0.8574780597756471,0.8957018769940663,0.8574780597756471
poisson,fno,random_65pct,boundary_band_50pct,False,200,0.9721267119149058,0.8858014776807522,0.9111996068248045,0.8858014776807522
poisson,fno,random_65pct,clustered_50pct,False,200,0.6704133476372156,0.5272367717127167,0.7864353738941713,0.5272367717127167
poisson,fno,random_65pct,horizontal_lines_50pct,False,200,0.20580822661414064,0.1806866130279269,0.8779367861066459,0.1806866130279269
poisson,fno,random_65pct,line_sensors_50pct,False,200,0.19177423112238187,0.1671212635788844,0.8714479656666435,0.1671212635788844
poisson,fno,random_65pct,random_50pct,False,200,0.16659222726894288,0.131142468849656,0.7872064081233661,0.131142468849656
poisson,fno,random_65pct,random_65pct,True,200,0.01683947421292525,0.010503658256917759,0.6237521506969383,0.010503658256917759
poisson,fno,random_65pct,random_80pct,False,200,0.19673090746232916,0.11157406700246357,0.5671405090419167,0.11157406700246357
poisson,fno,random_65pct,vertical_lines_50pct,False,200,0.20277883619430515,0.17885521895764608,0.8820211335381413,0.17885521895764608
poisson,fno,random_80pct,block_observed_50pct,False,200,2.3038278452909786,2.2236299746768284,0.9651892953815648,2.2236299746768284
poisson,fno,random_80pct,boundary_band_50pct,False,200,2.35914020507681,2.268834552148115,0.9617209470067273,2.268834552148115
poisson,fno,random_80pct,clustered_50pct,False,200,2.0191606099375736,1.9887268673082799,0.9849275275678864,1.9887268673082799
poisson,fno,random_80pct,horizontal_lines_50pct,False,200,1.1288442919759287,1.1052567034501604,0.9791046571316929,1.1052567034501604
poisson,fno,random_80pct,line_sensors_50pct,False,200,1.0900103713395743,1.0669488236445042,0.978842818103897,1.0669488236445042
poisson,fno,random_80pct,random_50pct,False,200,1.0490409437249844,1.0238113828445747,0.9759498797150631,1.0238113828445747
poisson,fno,random_80pct,random_65pct,False,200,0.44081353023314374,0.42210922433171044,0.9575686665254111,0.42210922433171044
poisson,fno,random_80pct,random_80pct,True,200,0.009190952234691204,0.005369309819381195,0.5841951608794964,0.005369309819381195
poisson,fno,random_80pct,vertical_lines_50pct,False,200,1.124884239432628,1.1006771616915438,0.9784803832318837,1.1006771616915438
poisson,fno,vertical_lines_50pct,block_observed_50pct,False,200,1.2116054513581256,1.1267987083854465,0.9300046538436942,1.1267987083854465
poisson,fno,vertical_lines_50pct,boundary_band_50pct,False,200,1.2570113866381356,1.1714398584280845,0.93192461968152,1.1714398584280845
poisson,fno,vertical_lines_50pct,clustered_50pct,False,200,0.6522278118605785,0.5592936674040195,0.8575127543373989,0.5592936674040195
poisson,fno,vertical_lines_50pct,horizontal_lines_50pct,False,200,0.17830412407555835,0.1327554508435712,0.7445450380458649,0.1327554508435712
poisson,fno,vertical_lines_50pct,line_sensors_50pct,False,200,0.1205761511596331,0.08837869836800705,0.7329699738964198,0.08837869836800705
poisson,fno,vertical_lines_50pct,random_50pct,False,200,0.02976210937600887,0.02182535028397946,0.7333267278955973,0.02182535028397946
poisson,fno,vertical_lines_50pct,random_65pct,False,200,0.10675745030930876,0.06138898169286294,0.5750322953105419,0.06138898169286294
poisson,fno,vertical_lines_50pct,random_80pct,False,200,0.25461272269522484,0.10882356048522811,0.42740818028756367,0.10882356048522811
poisson,fno,vertical_lines_50pct,vertical_lines_50pct,True,200,0.01532844786967134,0.011297953395837524,0.7370578868713447,0.011297953395837524
poisson,gnot,block_observed_50pct,block_observed_50pct,True,200,0.2864773094957823,0.2724851643589515,0.9511579288375129,0.2724851643589515
poisson,gnot,block_observed_50pct,boundary_band_50pct,False,200,0.2596247196624769,0.24887723188333893,0.9586037577888956,0.24887723188333893
poisson,gnot,block_observed_50pct,clustered_50pct,False,200,0.5962488661260579,0.4594504740803439,0.7705682982099084,0.4594504740803439
poisson,gnot,block_observed_50pct,horizontal_lines_50pct,False,200,0.29673624969395374,0.2098264354841889,0.7071142662906826,0.2098264354841889
poisson,gnot,block_observed_50pct,line_sensors_50pct,False,200,0.2865012943135847,0.20253687522610142,0.7069317983758162,0.20253687522610142
poisson,gnot,block_observed_50pct,random_50pct,False,200,0.27036323989256633,0.19113345646778623,0.7069506066865323,0.19113345646778623
poisson,gnot,block_observed_50pct,random_65pct,False,200,0.2706423153885443,0.1600044033443762,0.5912024626107262,0.1600044033443762
poisson,gnot,block_observed_50pct,random_80pct,False,200,0.2697285809528789,0.12034623969833462,0.4461753340086674,0.12034623969833462
poisson,gnot,block_observed_50pct,vertical_lines_50pct,False,200,0.2887926658010862,0.20383375922175898,0.7058134896062597,0.20383375922175898
poisson,gnot,boundary_band_50pct,block_observed_50pct,False,200,9.746254203406526,7.812046843813327,0.8015435141310852,7.812046843813327
poisson,gnot,boundary_band_50pct,boundary_band_50pct,True,200,0.07352622713876626,0.07101625634046745,0.9658629186349825,0.07101625634046745
poisson,gnot,boundary_band_50pct,clustered_50pct,False,200,27.016236328503023,18.669175608113843,0.691035397422003,18.669175608113843
poisson,gnot,boundary_band_50pct,horizontal_lines_50pct,False,200,6.575344991304359,4.6461432643397975,0.7066006833837835,4.6461432643397975
poisson,gnot,boundary_band_50pct,line_sensors_50pct,False,200,6.733295081269749,4.708197107011475,0.699241166499362,4.708197107011475
poisson,gnot,boundary_band_50pct,random_50pct,False,200,6.0523294655245055,4.2837603189846725,0.7077870336348971,4.2837603189846725
poisson,gnot,boundary_band_50pct,random_65pct,False,200,6.067701077962244,3.5933639528568158,0.592211763019743,3.5933639528568158
poisson,gnot,boundary_band_50pct,random_80pct,False,200,6.068153525975036,2.7164116519082917,0.44765044923147634,2.7164116519082917
poisson,gnot,boundary_band_50pct,vertical_lines_50pct,False,200,6.917494673904371,4.890376174336424,0.7069577072151468,4.890376174336424
poisson,gnot,clustered_50pct,block_observed_50pct,False,200,0.37924390737959607,0.37475080948927003,0.9881524849763011,0.37475080948927003
poisson,gnot,clustered_50pct,boundary_band_50pct,False,200,0.34190315703431934,0.33607401174748774,0.9829508877970189,0.33607401174748774
poisson,gnot,clustered_50pct,clustered_50pct,True,200,0.03689583810541345,0.03330961799019844,0.902801500132102,0.03330961799019844
poisson,gnot,clustered_50pct,horizontal_lines_50pct,False,200,0.016886614177690152,0.011951797888820288,0.7077675703996645,0.011951797888820288
poisson,gnot,clustered_50pct,line_sensors_50pct,False,200,0.016855252610093262,0.0119081363910407,0.7064940921686258,0.0119081363910407
poisson,gnot,clustered_50pct,random_50pct,False,200,0.016310797902121393,0.01154428604160992,0.7077695469519895,0.01154428604160992
poisson,gnot,clustered_50pct,random_65pct,False,200,0.016266068628600153,0.009630125142396743,0.5920376559499064,0.009630125142396743
poisson,gnot,clustered_50pct,random_80pct,False,200,0.01622224101149292,0.0072658396181323305,0.4478937042659349,0.0072658396181323305
poisson,gnot,clustered_50pct,vertical_lines_50pct,False,200,0.01688339308674475,0.011950568326142172,0.7078297747817429,0.011950568326142172
poisson,gnot,horizontal_lines_50pct,block_observed_50pct,False,200,26.94248173545439,26.939841790426566,0.9999020155212966,26.939841790426566
poisson,gnot,horizontal_lines_50pct,boundary_band_50pct,False,200,33.87167612694086,33.871543447784084,0.9999960828877709,33.871543447784084
poisson,gnot,horizontal_lines_50pct,clustered_50pct,False,200,6.171919556904378,6.005139806341075,0.9729776532202643,6.005139806341075
poisson,gnot,horizontal_lines_50pct,horizontal_lines_50pct,True,200,0.007399999534644869,0.005304024540057708,0.7167601180548252,0.005304024540057708
poisson,gnot,horizontal_lines_50pct,line_sensors_50pct,False,200,0.02383788489903961,0.01711179591423264,0.717840361538202,0.01711179591423264
poisson,gnot,horizontal_lines_50pct,random_50pct,False,200,0.008781985116185925,0.006213316154023786,0.7075070239611464,0.006213316154023786
poisson,gnot,horizontal_lines_50pct,random_65pct,False,200,0.007611264489348646,0.004504000423518187,0.5917545540325361,0.004504000423518187
poisson,gnot,horizontal_lines_50pct,random_80pct,False,200,0.006748032236168428,0.003020570384496445,0.4476223999504102,0.003020570384496445
poisson,gnot,horizontal_lines_50pct,vertical_lines_50pct,False,200,0.045628574607717874,0.03273876139593114,0.7175056787856249,0.03273876139593114
poisson,gnot,line_sensors_50pct,block_observed_50pct,False,200,20.63948643875347,20.635758842611153,0.9998193949179222,20.635758842611153
poisson,gnot,line_sensors_50pct,boundary_band_50pct,False,200,8.913435327736119,8.912839844421349,0.9999331926139726,8.912839844421349
poisson,gnot,line_sensors_50pct,clustered_50pct,False,200,6.390117188650863,6.347485713667027,0.9933285300213974,6.347485713667027
poisson,gnot,line_sensors_50pct,horizontal_lines_50pct,False,200,0.011688560543324815,0.008347962362749952,0.7141993517343216,0.008347962362749952
poisson,gnot,line_sensors_50pct,line_sensors_50pct,True,200,0.010846314289562032,0.007797182623264427,0.7188785439094327,0.007797182623264427
poisson,gnot,line_sensors_50pct,random_50pct,False,200,0.008131665523410048,0.00576151874386107,0.7085287420239283,0.00576151874386107
poisson,gnot,line_sensors_50pct,random_65pct,False,200,0.007857184786195705,0.004658337084677914,0.5928761014838483,0.004658337084677914
poisson,gnot,line_sensors_50pct,random_80pct,False,200,0.0076729498180285564,0.0034426717132356056,0.44867642756461373,0.0034426717132356056
poisson,gnot,line_sensors_50pct,vertical_lines_50pct,False,200,0.011616661951837557,0.008359113072583978,0.7195796096366315,0.008359113072583978
poisson,gnot,random_50pct,block_observed_50pct,False,200,71.17022296327085,71.16819431865859,0.9999714958794874,71.16819431865859
poisson,gnot,random_50pct,boundary_band_50pct,False,200,85.56853843883074,85.5682639857013,0.9999967925929967,85.5682639857013
poisson,gnot,random_50pct,clustered_50pct,False,200,15.432025848759048,15.3679014347029,0.995844718335454,15.3679014347029
poisson,gnot,random_50pct,horizontal_lines_50pct,False,200,0.024824235753090614,0.017887462768271068,0.7205644897262983,0.017887462768271068
poisson,gnot,random_50pct,line_sensors_50pct,False,200,0.021655149665963838,0.01565730513898194,0.723029181534177,0.01565730513898194
poisson,gnot,random_50pct,random_50pct,True,200,0.007139146845064518,0.0050486078176275265,0.7071724293103402,0.0050486078176275265
poisson,gnot,random_50pct,random_65pct,False,200,0.00637113885125429,0.0037737948072815355,0.5923265675709746,0.0037737948072815355
poisson,gnot,random_50pct,random_80pct,False,200,0.005746796126469612,0.0025735554639386466,0.44782438898169863,0.0025735554639386466
poisson,gnot,random_50pct,vertical_lines_50pct,False,200,0.024238596526674847,0.01757424908114705,0.7250522554722338,0.01757424908114705
poisson,gnot,random_65pct,block_observed_50pct,False,200,2.509208881103602,2.491374075063597,0.9928922593195346,2.491374075063597
poisson,gnot,random_65pct,boundary_band_50pct,False,200,3.0234984597398924,3.0205518116909444,0.9990254177112425,3.020551811690945
poisson,gnot,random_65pct,clustered_50pct,False,200,0.4046086504240413,0.3721679601210964,0.9198220545483984,0.3721679601210964
poisson,gnot,random_65pct,horizontal_lines_50pct,False,200,0.04961113198532339,0.03569177928338558,0.7194308586618098,0.03569177928338558
poisson,gnot,random_65pct,line_sensors_50pct,False,200,0.047252646744706424,0.033911607173144044,0.7176657713240806,0.03391160717314405
poisson,gnot,random_65pct,random_50pct,False,200,0.013310431594352228,0.009421675396901856,0.7078414648026577,0.009421675396901856
poisson,gnot,random_65pct,random_65pct,True,200,0.011680931724312796,0.006916988191385867,0.5921606558994593,0.006916988191385867
poisson,gnot,random_65pct,random_80pct,False,200,0.010337463597841401,0.004627731171196395,0.4476660185930644,0.004627731171196395
poisson,gnot,random_65pct,vertical_lines_50pct,False,200,0.05068067510787684,0.03642854975745809,0.7187858030682848,0.03642854975745809
poisson,gnot,random_80pct,block_observed_50pct,False,200,0.8426307010894363,0.8022333716231788,0.9520580849783566,0.8022333716231788
poisson,gnot,random_80pct,boundary_band_50pct,False,200,0.9351530715027332,0.8910183407358457,0.9528048058528368,0.8910183407358457
poisson,gnot,random_80pct,clustered_50pct,False,200,0.43013762391037147,0.36606682044049293,0.8510458050904446,0.36606682044049293
poisson,gnot,random_80pct,horizontal_lines_50pct,False,200,0.10258934940248882,0.0736038304309488,0.7174607389523339,0.0736038304309488
poisson,gnot,random_80pct,line_sensors_50pct,False,200,0.09702833497168127,0.06944884439063072,0.7157583855365558,0.06944884439063072
poisson,gnot,random_80pct,random_50pct,False,200,0.06932559696396416,0.0490902632382768,0.7081116555519054,0.0490902632382768
poisson,gnot,random_80pct,random_65pct,False,200,0.06872249820581028,0.04073790649155564,0.5927884980192902,0.04073790649155564
poisson,gnot,random_80pct,random_80pct,True,200,0.06835779470502477,0.030633036862336527,0.44812792739325724,0.030633036862336527
poisson,gnot,random_80pct,vertical_lines_50pct,False,200,0.09887164547034859,0.07101879271632086,0.718292816696565,0.07101879271632086
poisson,gnot,vertical_lines_50pct,block_observed_50pct,False,200,4.117579503034795,3.6847928317327785,0.8948929411118745,3.6847928317327785
poisson,gnot,vertical_lines_50pct,boundary_band_50pct,False,200,0.9230441003780107,0.7769603905124101,0.8417370201426178,0.7769603905124101
poisson,gnot,vertical_lines_50pct,clustered_50pct,False,200,6.426855931732639,6.165305570714508,0.9593035282264964,6.165305570714508
poisson,gnot,vertical_lines_50pct,horizontal_lines_50pct,False,200,0.08400529201714704,0.060524335048742973,0.7204824076605654,0.060524335048742973
poisson,gnot,vertical_lines_50pct,line_sensors_50pct,False,200,0.05543014697193631,0.0400484837189499,0.7225036538190314,0.0400484837189499
poisson,gnot,vertical_lines_50pct,random_50pct,False,200,0.0159736558255665,0.011309936003497898,0.7080367905132822,0.011309936003497898
poisson,gnot,vertical_lines_50pct,random_65pct,False,200,0.013293796155955074,0.007876742849863783,0.5925126846732434,0.007876742849863783
poisson,gnot,vertical_lines_50pct,random_80pct,False,200,0.011136096369044295,0.004987734256166719,0.44788892722152046,0.004987734256166719
poisson,gnot,vertical_lines_50pct,vertical_lines_50pct,True,200,0.011075393621582007,0.007962579889166644,0.7189432864625601,0.007962579889166644
poisson,pino,block_observed_50pct,block_observed_50pct,True,200,0.06521254046961712,0.06134497455635571,0.9406929114337551,0.06134497455635571
poisson,pino,block_observed_50pct,boundary_band_50pct,False,200,0.048108573660401825,0.04538616873688984,0.9434112317956165,0.04538616873688984
poisson,pino,block_observed_50pct,clustered_50pct,False,200,0.8319461185639986,0.5415182482236824,0.6509054326239103,0.5415182482236824
poisson,pino,block_observed_50pct,horizontal_lines_50pct,False,200,0.63033193788389,0.44635642712023177,0.708129162261254,0.44635642712023177
poisson,pino,block_observed_50pct,line_sensors_50pct,False,200,0.6134053388924641,0.431710417534342,0.7037930551987338,0.431710417534342
poisson,pino,block_observed_50pct,random_50pct,False,200,0.7610432734588489,0.5384590179355129,0.7075274648815727,0.5384590179355129
poisson,pino,block_observed_50pct,random_65pct,False,200,0.6948044377006545,0.4113259703789966,0.592002508994063,0.4113259703789966
poisson,pino,block_observed_50pct,random_80pct,False,200,0.6353817885424893,0.28452042412713896,0.4477944273155895,0.28452042412713896
poisson,pino,block_observed_50pct,vertical_lines_50pct,False,200,0.8266336043304596,0.5835482455921216,0.7059333694336954,0.5835482455921216
poisson,pino,boundary_band_50pct,block_observed_50pct,False,200,1.152823740431666,1.0773306067796993,0.9345145914294766,1.0773306067796993
poisson,pino,boundary_band_50pct,boundary_band_50pct,True,200,0.018813744836103225,0.01730150095889842,0.9196202621870986,0.01730150095889842
poisson,pino,boundary_band_50pct,clustered_50pct,False,200,0.8738376735818103,0.6599618954688418,0.7552454139035869,0.6599618954688418
poisson,pino,boundary_band_50pct,horizontal_lines_50pct,False,200,1.180425620057559,0.8345137249447877,0.7069600242191422,0.8345137249447877
poisson,pino,boundary_band_50pct,line_sensors_50pct,False,200,1.0561576692086145,0.7475447350603704,0.7077965315732738,0.7475447350603704
poisson,pino,boundary_band_50pct,random_50pct,False,200,0.8635114587923725,0.611244382429532,0.7078590286275553,0.611244382429532
poisson,pino,boundary_band_50pct,random_65pct,False,200,0.8209787772395275,0.48621421264169146,0.5922372491485665,0.48621421264169146
poisson,pino,boundary_band_50pct,random_80pct,False,200,0.7560184878567762,0.3385656212776691,0.4478271718426661,0.3385656212776691
poisson,pino,boundary_band_50pct,vertical_lines_50pct,False,200,0.9119078832956388,0.6486763215702056,0.7113397454421457,0.6486763215702056
poisson,pino,clustered_50pct,block_observed_50pct,False,200,0.45497021551673833,0.44142703573498177,0.9702328211389075,0.44142703573498177
poisson,pino,clustered_50pct,boundary_band_50pct,False,200,0.45238909970075825,0.438816594322115,0.9699981600183978,0.438816594322115
poisson,pino,clustered_50pct,clustered_50pct,True,200,0.12844556096062185,0.11087061708270708,0.8631720415522744,0.11087061708270708
poisson,pino,clustered_50pct,horizontal_lines_50pct,False,200,0.3712245672746955,0.2658061110319035,0.7160251084223491,0.2658061110319035
poisson,pino,clustered_50pct,line_sensors_50pct,False,200,0.3654324421859821,0.26025256684197784,0.7121769629570154,0.26025256684197784
poisson,pino,clustered_50pct,random_50pct,False,200,0.38429442028470023,0.27201580096016864,0.7078317732499181,0.27201580096016864
poisson,pino,clustered_50pct,random_65pct,False,200,0.24247466195862985,0.14366555566095635,0.5924971891927745,0.14366555566095635
poisson,pino,clustered_50pct,random_80pct,False,200,0.11261556498342888,0.05048814848432906,0.44832300483293114,0.05048814848432906
poisson,pino,clustered_50pct,vertical_lines_50pct,False,200,0.37680615662600714,0.27003312797012113,0.7166367194953721,0.27003312797012113
poisson,pino,horizontal_lines_50pct,block_observed_50pct,False,200,1.7300525342581745,1.5759905831293977,0.9109495532198756,1.5759905831293977
poisson,pino,horizontal_lines_50pct,boundary_band_50pct,False,200,2.2513873756938367,2.2078479679046707,0.9806610766946546,2.2078479679046707
poisson,pino,horizontal_lines_50pct,clustered_50pct,False,200,1.0519976917521345,0.7568506915340908,0.7194413994136553,0.7568506915340908
poisson,pino,horizontal_lines_50pct,horizontal_lines_50pct,True,200,0.014242748572267183,0.0102880244424275,0.7223342032772988,0.0102880244424275
poisson,pino,horizontal_lines_50pct,line_sensors_50pct,False,200,0.16416677332217883,0.11697155245215639,0.7125166078680162,0.11697155245215639
poisson,pino,horizontal_lines_50pct,random_50pct,False,200,0.13508049040894277,0.09563428147121808,0.7079799694367025,0.09563428147121808
poisson,pino,horizontal_lines_50pct,random_65pct,False,200,0.296371434688764,0.17443517986912183,0.5885694755039595,0.17443517986912183
poisson,pino,horizontal_lines_50pct,random_80pct,False,200,0.5206363595623776,0.23213288419633732,0.44586375871146855,0.23213288419633732
poisson,pino,horizontal_lines_50pct,vertical_lines_50pct,False,200,0.22631473072758182,0.16434456097195682,0.7261770386912226,0.16434456097195682
poisson,pino,line_sensors_50pct,block_observed_50pct,False,200,0.7731991175363134,0.7435051491163739,0.9615959618337964,0.7435051491163739
poisson,pino,line_sensors_50pct,boundary_band_50pct,False,200,0.8437712589043664,0.823880169654424,0.9764259696688757,0.823880169654424
poisson,pino,line_sensors_50pct,clustered_50pct,False,200,0.5206489210954824,0.42143003424971676,0.8094322626521494,0.42143003424971676
poisson,pino,line_sensors_50pct,horizontal_lines_50pct,False,200,0.04011911966668449,0.02940855248217473,0.7330308522845288,0.02940855248217473
poisson,pino,line_sensors_50pct,line_sensors_50pct,True,200,0.034279408554645646,0.024717419505948683,0.7210573504074914,0.02471741950594868
poisson,pino,line_sensors_50pct,random_50pct,False,200,0.0548631658063847,0.03904529074275115,0.711684974223767,0.03904529074275115
poisson,pino,line_sensors_50pct,random_65pct,False,200,0.2354947261443437,0.13910273359076525,0.5906830096292852,0.13910273359076525
poisson,pino,line_sensors_50pct,random_80pct,False,200,0.4856738391921849,0.2172515576298618,0.4473198679822112,0.2172515576298618
poisson,pino,line_sensors_50pct,vertical_lines_50pct,False,200,0.04094845268949301,0.029882959365684254,0.7297701720815435,0.029882959365684254
poisson,pino,random_50pct,block_observed_50pct,False,200,0.9520503389748428,0.9149898445321335,0.9610729675464266,0.9149898445321335
poisson,pino,random_50pct,boundary_band_50pct,False,200,1.05173458299156,1.0266607023182803,0.976159497768002,1.0266607023182803
poisson,pino,random_50pct,clustered_50pct,False,200,0.6576116429397971,0.4640747926222174,0.7056973482823545,0.4640747926222174
poisson,pino,random_50pct,horizontal_lines_50pct,False,200,0.15928872604184316,0.11149433185986934,0.6999511806666165,0.11149433185986934
poisson,pino,random_50pct,line_sensors_50pct,False,200,0.13667950738588877,0.0945325150809428,0.6916363461425721,0.0945325150809428
poisson,pino,random_50pct,random_50pct,True,200,0.03830299201737303,0.027148647411716006,0.7087865981697262,0.027148647411716006
poisson,pino,random_50pct,random_65pct,False,200,0.27753168483306695,0.16400465221542496,0.5909402824188251,0.16400465221542496
poisson,pino,random_50pct,random_80pct,False,200,0.5518495238384981,0.24688938514387945,0.4473853369059589,0.24688938514387945
poisson,pino,random_50pct,vertical_lines_50pct,False,200,0.1487980808345851,0.10404712288961368,0.6992504359332439,0.10404712288961368
poisson,pino,random_65pct,block_observed_50pct,False,200,0.8953214465911907,0.8685103477511552,0.9700542202556244,0.8685103477511552
poisson,pino,random_65pct,boundary_band_50pct,False,200,1.018117505989724,0.9910843323957387,0.973447884517312,0.9910843323957387
poisson,pino,random_65pct,clustered_50pct,False,200,0.569196428392697,0.4807354446141764,0.8445861931559941,0.4807354446141764
poisson,pino,random_65pct,horizontal_lines_50pct,False,200,0.23672656380121104,0.17594382301989445,0.743236501196552,0.17594382301989445
poisson,pino,random_65pct,line_sensors_50pct,False,200,0.23098114923333943,0.17005498862504578,0.736228861920046,0.17005498862504578
poisson,pino,random_65pct,random_50pct,False,200,0.2367602798335518,0.16781927632155547,0.7088151629130379,0.16781927632155547
poisson,pino,random_65pct,random_65pct,True,200,0.0301359020316265,0.017832029287559014,0.5917204425752701,0.017832029287559014
poisson,pino,random_65pct,random_80pct,False,200,0.23901074346466536,0.10679088640614459,0.44680370789245394,0.10679088640614459
poisson,pino,random_65pct,vertical_lines_50pct,False,200,0.2381033441109097,0.177398363460602,0.7450477611854497,0.177398363460602
poisson,pino,random_80pct,block_observed_50pct,False,200,0.9703879703908931,0.9411485014036438,0.9698682693114271,0.9411485014036438
poisson,pino,random_80pct,boundary_band_50pct,False,200,1.0097886371710572,0.9829569321113033,0.9734283947431579,0.9829569321113033
poisson,pino,random_80pct,clustered_50pct,False,200,0.7111673509196792,0.612882581729399,0.8617979733417477,0.612882581729399
poisson,pino,random_80pct,horizontal_lines_50pct,False,200,0.37732874520114157,0.2740493187437109,0.7262879444756434,0.2740493187437109
poisson,pino,random_80pct,line_sensors_50pct,False,200,0.3731197211383038,0.2688700821790585,0.7206000298209828,0.2688700821790585
poisson,pino,random_80pct,random_50pct,False,200,0.35714520400864636,0.2529497210012139,0.7082545647038566,0.2529497210012139
poisson,pino,random_80pct,random_65pct,False,200,0.17570453838309974,0.10425088878981172,0.5933306546840975,0.10425088878981172
poisson,pino,random_80pct,random_80pct,True,200,0.014920224068657712,0.0066703536734752135,0.4470679289252328,0.0066703536734752135
poisson,pino,random_80pct,vertical_lines_50pct,False,200,0.3801461207523893,0.27605048536156895,0.7261694130015239,0.27605048536156895
poisson,pino,vertical_lines_50pct,block_observed_50pct,False,200,1.6816861201697408,1.5922333632148307,0.9468076974162805,1.5922333632148307
poisson,pino,vertical_lines_50pct,boundary_band_50pct,False,200,2.0165080004608056,1.968815473827272,0.9763489524352817,1.968815473827272
poisson,pino,vertical_lines_50pct,clustered_50pct,False,200,1.307654434579158,0.9589010133669116,0.7332984831543161,0.9589010133669116
poisson,pino,vertical_lines_50pct,horizontal_lines_50pct,False,200,0.24669421239892855,0.182760156757637,0.7408368237763764,0.182760156757637
poisson,pino,vertical_lines_50pct,line_sensors_50pct,False,200,0.16157945116952077,0.11670220794047964,0.7222589697872024,0.11670220794047964
poisson,pino,vertical_lines_50pct,random_50pct,False,200,0.14351357455437175,0.10155215010369144,0.7076135509760942,0.10155215010369142
poisson,pino,vertical_lines_50pct,random_65pct,False,200,0.29212490822835163,0.17185208008872,0.5882828723197566,0.17185208008872
poisson,pino,vertical_lines_50pct,random_80pct,False,200,0.5187935098929605,0.2313909760493858,0.44601748409907305,0.2313909760493858
poisson,pino,vertical_lines_50pct,vertical_lines_50pct,True,200,0.01739408701349395,0.01247899935380721,0.7174276720661611,0.01247899935380721
poisson,transolver,block_observed_50pct,block_observed_50pct,True,200,0.1526293047592149,0.15201702455407498,0.9959884492292889,0.15201702455407498
poisson,transolver,block_observed_50pct,boundary_band_50pct,False,200,0.10065886660571388,0.10020290923901858,0.995470271203417,0.10020290923901858
poisson,transolver,block_observed_50pct,clustered_50pct,False,200,0.9303604374682785,0.9140450061609718,0.9824633221166362,0.9140450061609718
poisson,transolver,block_observed_50pct,horizontal_lines_50pct,False,200,1.0448927572264473,0.9783571688951824,0.9363230457182264,0.9783571688951824
poisson,transolver,block_observed_50pct,line_sensors_50pct,False,200,0.9947558379114502,0.9448157084158849,0.949796595714967,0.9448157084158849
poisson,transolver,block_observed_50pct,random_50pct,False,200,1.248080832598535,1.1770788055709311,0.9431110348199355,1.1770788055709311
poisson,transolver,block_observed_50pct,random_65pct,False,200,1.3206060617635285,1.2142206631003811,0.9194419882329776,1.2142206631003811
poisson,transolver,block_observed_50pct,random_80pct,False,200,1.3520208796655502,1.1740523367117752,0.8683684951686552,1.1740523367117752
poisson,transolver,block_observed_50pct,vertical_lines_50pct,False,200,0.990011565972858,0.9543266292772009,0.963955030504527,0.9543266292772009
poisson,transolver,boundary_band_50pct,block_observed_50pct,False,200,0.9818417206576621,0.9761734597319095,0.9942269096876879,0.9761734597319095
poisson,transolver,boundary_band_50pct,boundary_band_50pct,True,200,0.04326924350887488,0.04306147370972774,0.9951982105001552,0.043061473709727745
poisson,transolver,boundary_band_50pct,clustered_50pct,False,200,1.6543943636088967,1.587267695078294,0.959425231367343,1.587267695078294
poisson,transolver,boundary_band_50pct,horizontal_lines_50pct,False,200,1.1166281481904476,1.0081178053795201,0.902823206645136,1.0081178053795201
poisson,transolver,boundary_band_50pct,line_sensors_50pct,False,200,1.0859809564787661,0.9584008528935566,0.8825208648235591,0.9584008528935566
poisson,transolver,boundary_band_50pct,random_50pct,False,200,1.4848694886841867,1.343221085418534,0.9046054859736029,1.343221085418534
poisson,transolver,boundary_band_50pct,random_65pct,False,200,1.7005218930915424,1.4376060688706338,0.8453910971161162,1.4376060688706338
poisson,transolver,boundary_band_50pct,random_80pct,False,200,1.7229199331584253,1.2410717811424992,0.7203305024554386,1.2410717811424992
poisson,transolver,boundary_band_50pct,vertical_lines_50pct,False,200,1.139219701404572,1.0384843791219118,0.9115751578396502,1.0384843791219118
poisson,transolver,clustered_50pct,block_observed_50pct,False,200,0.6883733210774543,0.6883191333248416,0.9999212814457599,0.6883191333248416
poisson,transolver,clustered_50pct,boundary_band_50pct,False,200,0.6792000512843773,0.6791503551259015,0.9999268313387464,0.6791503551259015
poisson,transolver,clustered_50pct,clustered_50pct,True,200,0.06512273214628625,0.0649971076825521,0.9980709583336896,0.0649971076825521
poisson,transolver,clustered_50pct,horizontal_lines_50pct,False,200,0.12905849183035487,0.1277549999351467,0.9898999912619342,0.1277549999351467
poisson,transolver,clustered_50pct,line_sensors_50pct,False,200,0.07610457788634674,0.07518761474677288,0.987951274876746,0.07518761474677288
poisson,transolver,clustered_50pct,random_50pct,False,200,0.07468740338422404,0.0696079377336668,0.9319903300905202,0.0696079377336668
poisson,transolver,clustered_50pct,random_65pct,False,200,0.07837936211377237,0.05209247864974723,0.664619834161598,0.05209247864974723
poisson,transolver,clustered_50pct,random_80pct,False,200,0.1142129100037898,0.05288490898254205,0.4630379261047392,0.05288490898254205
poisson,transolver,clustered_50pct,vertical_lines_50pct,False,200,0.12497565310011703,0.12402508793377884,0.9923939972085867,0.12402508793377884
poisson,transolver,horizontal_lines_50pct,block_observed_50pct,False,200,0.9980962440536928,0.9966700844503427,0.9985711201581544,0.9966700844503427
poisson,transolver,horizontal_lines_50pct,boundary_band_50pct,False,200,1.0218552381214105,1.0207594390140953,0.9989276376276841,1.0207594390140953
poisson,transolver,horizontal_lines_50pct,clustered_50pct,False,200,0.6229970243207749,0.6151919147002172,0.9874716743164749,0.6151919147002172
poisson,transolver,horizontal_lines_50pct,horizontal_lines_50pct,True,200,0.004921160990601485,0.004770177095963588,0.9693194563384029,0.004770177095963588
poisson,transolver,horizontal_lines_50pct,line_sensors_50pct,False,200,0.3187705242443454,0.30609019039554103,0.9602211218277994,0.3060901903955411
poisson,transolver,horizontal_lines_50pct,random_50pct,False,200,1.7372722168962023,1.6156602681127055,0.929998334399909,1.6156602681127055
poisson,transolver,horizontal_lines_50pct,random_65pct,False,200,1.878375363717618,1.722969535455922,0.917265829150292,1.722969535455922
poisson,transolver,horizontal_lines_50pct,random_80pct,False,200,1.4375861950099085,1.2753904675754903,0.887174954797545,1.2753904675754903
poisson,transolver,horizontal_lines_50pct,vertical_lines_50pct,False,200,0.7287640102821197,0.6891937420795874,0.9457022195879105,0.6891937420795874
poisson,transolver,line_sensors_50pct,block_observed_50pct,False,200,0.8014985379934835,0.8007286455440108,0.9990394337444457,0.8007286455440108
poisson,transolver,line_sensors_50pct,boundary_band_50pct,False,200,0.8252973533013298,0.8247588222700324,0.9993474703037115,0.8247588222700324
poisson,transolver,line_sensors_50pct,clustered_50pct,False,200,0.5523241455067381,0.5477451486015044,0.9917095840504443,0.5477451486015044
poisson,transolver,line_sensors_50pct,horizontal_lines_50pct,False,200,0.04699329727905337,0.04232846725174982,0.9007341408796433,0.04232846725174982
poisson,transolver,line_sensors_50pct,line_sensors_50pct,True,200,0.049425755145604953,0.042858969359923754,0.867138382279929,0.042858969359923754
poisson,transolver,line_sensors_50pct,random_50pct,False,200,0.150174253112671,0.13759986821631615,0.9162680377246779,0.13759986821631615
poisson,transolver,line_sensors_50pct,random_65pct,False,200,0.16981093870153363,0.15789443439220524,0.9298248722935729,0.15789443439220524
poisson,transolver,line_sensors_50pct,random_80pct,False,200,0.2078573683243445,0.14048376989586378,0.6758662010800132,0.14048376989586378
poisson,transolver,line_sensors_50pct,vertical_lines_50pct,False,200,0.05492163300091791,0.049202213570200035,0.8958621745529255,0.049202213570200035
poisson,transolver,random_50pct,block_observed_50pct,False,200,1.9763683968184038,1.9690566177580973,0.9963003966911851,1.9690566177580973
poisson,transolver,random_50pct,boundary_band_50pct,False,200,2.1749947832409986,2.1716085519150443,0.9984431082998239,2.1716085519150443
poisson,transolver,random_50pct,clustered_50pct,False,200,0.6615604836524653,0.647283073959275,0.9784185874972988,0.647283073959275
poisson,transolver,random_50pct,horizontal_lines_50pct,False,200,0.292518620820097,0.29007886637165486,0.9916594901151862,0.29007886637165486
poisson,transolver,random_50pct,line_sensors_50pct,False,200,0.28670162177181213,0.28420875551902636,0.9913050151674068,0.28420875551902636
poisson,transolver,random_50pct,random_50pct,True,200,0.0010705922508548872,0.001003556316843843,0.9373842525410445,0.001003556316843843
poisson,transolver,random_50pct,random_65pct,False,200,0.08247436729336856,0.06510113441555103,0.789349910184586,0.06510113441555103
poisson,transolver,random_50pct,random_80pct,False,200,0.3065438382229685,0.21968201492296544,0.7166414311129522,0.21968201492296544
poisson,transolver,random_50pct,vertical_lines_50pct,False,200,0.35926199331451064,0.3505066336117278,0.9756295966016141,0.3505066336117278
poisson,transolver,random_65pct,block_observed_50pct,False,200,2.552839929555098,2.549750643189503,0.9987898628778761,2.549750643189503
poisson,transolver,random_65pct,boundary_band_50pct,False,200,2.601628607809241,2.601129904815801,0.9998083112278429,2.601129904815801
poisson,transolver,random_65pct,clustered_50pct,False,200,1.4941366264963298,1.3744814089336537,0.9199168165475863,1.3744814089336537
poisson,transolver,random_65pct,horizontal_lines_50pct,False,200,0.5804166426873573,0.5627639187476009,0.9695861168659407,0.5627639187476009
poisson,transolver,random_65pct,line_sensors_50pct,False,200,0.5707886176578407,0.5660841283736792,0.9917579132823884,0.5660841283736793
poisson,transolver,random_65pct,random_50pct,False,200,0.058072178791358536,0.05393888610633713,0.9288249077088794,0.05393888610633713
poisson,transolver,random_65pct,random_65pct,True,200,0.0012590083047963924,0.001193978083733243,0.9483480602825205,0.001193978083733243
poisson,transolver,random_65pct,random_80pct,False,200,0.07133614147208987,0.03849309747587094,0.5396016196212587,0.03849309747587094
poisson,transolver,random_65pct,vertical_lines_50pct,False,200,0.6054497443534931,0.5926950419349529,0.978933507632149,0.5926950419349529
poisson,transolver,random_80pct,block_observed_50pct,False,200,1.0210242829875573,0.9990099814332345,0.9784390029491677,0.9990099814332345
poisson,transolver,random_80pct,boundary_band_50pct,False,200,1.0247916420405692,1.0157623936695188,0.9911891861714726,1.0157623936695188
poisson,transolver,random_80pct,clustered_50pct,False,200,0.5836303289819774,0.5468064301222916,0.9369054399144788,0.5468064301222916
poisson,transolver,random_80pct,horizontal_lines_50pct,False,200,0.9690523566278355,0.747396318839728,0.7712651578915313,0.747396318839728
poisson,transolver,random_80pct,line_sensors_50pct,False,200,0.5736148794282578,0.4817581450498411,0.8398634037004522,0.4817581450498411
poisson,transolver,random_80pct,random_50pct,False,200,0.5710565755300376,0.4185060352476374,0.7328626500083509,0.4185060352476374
poisson,transolver,random_80pct,random_65pct,False,200,0.0829856098116884,0.05389454457792587,0.6494444603133458,0.05389454457792587
poisson,transolver,random_80pct,random_80pct,True,200,0.0005839734805643648,0.0004298648342373057,0.7361033480867571,0.0004298648342373056
poisson,transolver,random_80pct,vertical_lines_50pct,False,200,0.4563542406445783,0.4160367604587529,0.9116531049894947,0.4160367604587529
poisson,transolver,vertical_lines_50pct,block_observed_50pct,False,200,1.0480353983903725,1.0446033752648036,0.9967252793838453,1.0446033752648036
poisson,transolver,vertical_lines_50pct,boundary_band_50pct,False,200,1.08538977266111,1.0832264253828432,0.9980068475558207,1.0832264253828432
poisson,transolver,vertical_lines_50pct,clustered_50pct,False,200,0.8283676044118212,0.81746684706078,0.986840676418314,0.81746684706078
poisson,transolver,vertical_lines_50pct,horizontal_lines_50pct,False,200,0.652013844967028,0.6479434546820076,0.9937572026783784,0.6479434546820076
poisson,transolver,vertical_lines_50pct,line_sensors_50pct,False,200,0.34321492807186466,0.3397873798851104,0.9900134058678339,0.3397873798851104
poisson,transolver,vertical_lines_50pct,random_50pct,False,200,0.4956260680874988,0.49273989191230827,0.9941767062690475,0.49273989191230827
poisson,transolver,vertical_lines_50pct,random_65pct,False,200,0.40256742138919605,0.39650922083026285,0.9849510908308792,0.39650922083026285
poisson,transolver,vertical_lines_50pct,random_80pct,False,200,0.3512116418594273,0.3329554822575944,0.9480194918790876,0.3329554822575944
poisson,transolver,vertical_lines_50pct,vertical_lines_50pct,True,200,0.06337649042220467,0.056847678485355886,0.896983693900454,0.056847678485355886
poisson,ufno_2d,block_observed_50pct,block_observed_50pct,True,200,0.06780625318973413,0.06354038223042305,0.9370873517022921,0.06354038223042305
poisson,ufno_2d,block_observed_50pct,boundary_band_50pct,False,200,0.04741449619583307,0.043183275448814396,0.9107610311930188,0.043183275448814396
poisson,ufno_2d,block_observed_50pct,clustered_50pct,False,200,0.3576182073809353,0.33509483004396784,0.9370183707873253,0.33509483004396784
poisson,ufno_2d,block_observed_50pct,horizontal_lines_50pct,False,200,0.33098295391501,0.2466326960170847,0.7451522596550855,0.2466326960170847
poisson,ufno_2d,block_observed_50pct,line_sensors_50pct,False,200,0.3185759514366191,0.2313764857599906,0.726283590197558,0.2313764857599906
poisson,ufno_2d,block_observed_50pct,random_50pct,False,200,0.30747972847702215,0.21949973373220819,0.7138673330414734,0.21949973373220819
poisson,ufno_2d,block_observed_50pct,random_65pct,False,200,0.251841790799348,0.15173255524465032,0.6024915672774162,0.15173255524465032
poisson,ufno_2d,block_observed_50pct,random_80pct,False,200,0.3398154016480179,0.15318816867533555,0.45079819199604276,0.15318816867533555
poisson,ufno_2d,block_observed_50pct,vertical_lines_50pct,False,200,0.3437096196192572,0.25363434837934096,0.7379320621293732,0.25363434837934096
poisson,ufno_2d,boundary_band_50pct,block_observed_50pct,False,200,1.0095193183764473,0.9270141046851366,0.918272773794959,0.9270141046851366
poisson,ufno_2d,boundary_band_50pct,boundary_band_50pct,True,200,0.0441637455958157,0.04053451748613626,0.917823362563177,0.04053451748613626
poisson,ufno_2d,boundary_band_50pct,clustered_50pct,False,200,1.1908132147754795,0.8561897023459015,0.7189958019632247,0.8561897023459016
poisson,ufno_2d,boundary_band_50pct,horizontal_lines_50pct,False,200,4.105933735394015,2.9458305491882766,0.7174569145611376,2.9458305491882766
poisson,ufno_2d,boundary_band_50pct,line_sensors_50pct,False,200,3.825222290373274,2.724686054089036,0.7122948281845223,2.724686054089036
poisson,ufno_2d,boundary_band_50pct,random_50pct,False,200,2.568748972306572,1.8214624696197705,0.7090854300115648,1.8214624696197705
poisson,ufno_2d,boundary_band_50pct,random_65pct,False,200,2.4303807648128983,1.443537375000589,0.5939552336408156,1.443537375000589
poisson,ufno_2d,boundary_band_50pct,random_80pct,False,200,1.9696925698479537,0.8844393241596581,0.44902404451265737,0.8844393241596581
poisson,ufno_2d,boundary_band_50pct,vertical_lines_50pct,False,200,4.0560623865690255,2.9023472654632405,0.7155578462190029,2.9023472654632405
poisson,ufno_2d,clustered_50pct,block_observed_50pct,False,200,0.38287886999044696,0.3806532957928128,0.9941872629385642,0.3806532957928128
poisson,ufno_2d,clustered_50pct,boundary_band_50pct,False,200,0.3878640280887924,0.3855800843216057,0.9941114834019518,0.3855800843216057
poisson,ufno_2d,clustered_50pct,clustered_50pct,True,200,0.05313101158955705,0.049593035013805034,0.9334103291109291,0.049593035013805034
poisson,ufno_2d,clustered_50pct,horizontal_lines_50pct,False,200,0.06685123420676736,0.04871021705316898,0.728636017437028,0.04871021705316898
poisson,ufno_2d,clustered_50pct,line_sensors_50pct,False,200,0.053117215843737416,0.0381822851536116,0.7188306944764941,0.0381822851536116
poisson,ufno_2d,clustered_50pct,random_50pct,False,200,0.06175241039816417,0.04387779811035696,0.7105438933872191,0.04387779811035696
poisson,ufno_2d,clustered_50pct,random_65pct,False,200,0.049373377359643304,0.029379778899801957,0.595053052291625,0.029379778899801957
poisson,ufno_2d,clustered_50pct,random_80pct,False,200,0.038755754008560225,0.017575086654257662,0.4534832853561756,0.017575086654257662
poisson,ufno_2d,clustered_50pct,vertical_lines_50pct,False,200,0.07145400259301957,0.05191826943432355,0.7265970771439404,0.05191826943432355
poisson,ufno_2d,horizontal_lines_50pct,block_observed_50pct,False,200,0.7334015075024852,0.7206932887802384,0.9826722217063295,0.7206932887802384
poisson,ufno_2d,horizontal_lines_50pct,boundary_band_50pct,False,200,0.76911134188104,0.7594642676311422,0.9874568560823668,0.7594642676311422
poisson,ufno_2d,horizontal_lines_50pct,clustered_50pct,False,200,0.48595522543042835,0.41566706869517916,0.8553608376718402,0.41566706869517916
poisson,ufno_2d,horizontal_lines_50pct,horizontal_lines_50pct,True,200,0.081514092345174,0.05701481114880723,0.6994472919771493,0.05701481114880723
poisson,ufno_2d,horizontal_lines_50pct,line_sensors_50pct,False,200,0.23530293055959567,0.15481259223729477,0.6579288743625955,0.15481259223729477
poisson,ufno_2d,horizontal_lines_50pct,random_50pct,False,200,0.4995709749942939,0.35585521203571174,0.7123216316555947,0.35585521203571174
poisson,ufno_2d,horizontal_lines_50pct,random_65pct,False,200,0.4565314839706664,0.2735352428567569,0.5991596471675815,0.2735352428567569
poisson,ufno_2d,horizontal_lines_50pct,random_80pct,False,200,0.4179871994749845,0.19115848851920839,0.4573309631474701,0.19115848851920839
poisson,ufno_2d,horizontal_lines_50pct,vertical_lines_50pct,False,200,0.5723717892586765,0.4161561773106318,0.7270731806150479,0.4161561773106318
poisson,ufno_2d,line_sensors_50pct,block_observed_50pct,False,200,1.0066453086239155,0.9421227224798548,0.9359033558381521,0.9421227224798548
poisson,ufno_2d,line_sensors_50pct,boundary_band_50pct,False,200,1.0523271355588448,1.001174790202071,0.951391213218493,1.001174790202071
poisson,ufno_2d,line_sensors_50pct,clustered_50pct,False,200,0.7749780962931445,0.6084729890611054,0.785148628034183,0.6084729890611054
poisson,ufno_2d,line_sensors_50pct,horizontal_lines_50pct,False,200,0.17534800108013207,0.12599896976920005,0.7185651903246957,0.12599896976920005
poisson,ufno_2d,line_sensors_50pct,line_sensors_50pct,True,200,0.1647116445845925,0.120524273172331,0.7317289161692039,0.120524273172331
poisson,ufno_2d,line_sensors_50pct,random_50pct,False,200,0.20030147802022874,0.14190486633256194,0.7084564114810514,0.14190486633256194
poisson,ufno_2d,line_sensors_50pct,random_65pct,False,200,0.26361259761702033,0.15382875386586473,0.5835409811838699,0.15382875386586473
poisson,ufno_2d,line_sensors_50pct,random_80pct,False,200,0.4771643114634262,0.20877616346885602,0.4375351602230175,0.20877616346885602
poisson,ufno_2d,line_sensors_50pct,vertical_lines_50pct,False,200,0.1679805116250985,0.12283910313714118,0.7312699666690824,0.12283910313714118
poisson,ufno_2d,random_50pct,block_observed_50pct,False,200,3.2763349135229585,2.7025185211666045,0.8248602760395628,2.7025185211666045
poisson,ufno_2d,random_50pct,boundary_band_50pct,False,200,3.1091316711627552,2.6941060401829406,0.8665139740368079,2.6941060401829406
poisson,ufno_2d,random_50pct,clustered_50pct,False,200,2.6862646214400923,1.925397645660558,0.7167565065233084,1.925397645660558
poisson,ufno_2d,random_50pct,horizontal_lines_50pct,False,200,0.19889214954221,0.13950314944650083,0.701400984239927,0.13950314944650083
poisson,ufno_2d,random_50pct,line_sensors_50pct,False,200,0.18768767242975926,0.13652545842459435,0.7274077016202969,0.13652545842459435
poisson,ufno_2d,random_50pct,random_50pct,True,200,0.18368408458468802,0.13087602748315455,0.7125060822719991,0.13087602748315455
poisson,ufno_2d,random_50pct,random_65pct,False,200,0.12184732282677885,0.07428498935254284,0.6096563111045796,0.07428498935254284
poisson,ufno_2d,random_50pct,random_80pct,False,200,1.0030413091116623,0.3989184176072477,0.3977088620213932,0.3989184176072477
poisson,ufno_2d,random_50pct,vertical_lines_50pct,False,200,0.20710595464791492,0.14681939738511626,0.7089095899473907,0.14681939738511626
poisson,ufno_2d,random_65pct,block_observed_50pct,False,200,3.974976045584248,3.9649979863267206,0.9974897812859496,3.9649979863267206
poisson,ufno_2d,random_65pct,boundary_band_50pct,False,200,3.9238609038848544,3.9170019264349043,0.9982519825197781,3.9170019264349043
poisson,ufno_2d,random_65pct,clustered_50pct,False,200,3.2983920202724994,3.260029543715397,0.988369339871877,3.260029543715397
poisson,ufno_2d,random_65pct,horizontal_lines_50pct,False,200,0.48177095102940776,0.38378050106003164,0.7966036562395504,0.38378050106003164
poisson,ufno_2d,random_65pct,line_sensors_50pct,False,200,0.46924621610431855,0.3798066475710794,0.809397358010116,0.3798066475710794
poisson,ufno_2d,random_65pct,random_50pct,False,200,0.3328874437581344,0.2253965490697189,0.6770953765185718,0.22539654906971887
poisson,ufno_2d,random_65pct,random_65pct,True,200,0.33921534471098874,0.20224154516997178,0.5962039993865297,0.20224154516997178
poisson,ufno_2d,random_65pct,random_80pct,False,200,0.14269452234865668,0.05528779733794069,0.3874556389967913,0.05528779733794069
poisson,ufno_2d,random_65pct,vertical_lines_50pct,False,200,0.5563645093102929,0.4608697324954585,0.828359330588473,0.4608697324954585
poisson,ufno_2d,random_80pct,block_observed_50pct,False,200,1.4300670532647046,1.4247524245914747,0.9962836507133723,1.4247524245914747
poisson,ufno_2d,random_80pct,boundary_band_50pct,False,200,1.5089153204101373,1.5049869217532683,0.9973965413408347,1.5049869217532683
poisson,ufno_2d,random_80pct,clustered_50pct,False,200,0.9365019038090372,0.8902591807034343,0.9506218589438851,0.8902591807034343
poisson,ufno_2d,random_80pct,horizontal_lines_50pct,False,200,0.27457903267795325,0.22253956740211223,0.8104754584925762,0.22253956740211223
poisson,ufno_2d,random_80pct,line_sensors_50pct,False,200,0.2627813925406632,0.21295609559474626,0.8103925987141313,0.21295609559474626
poisson,ufno_2d,random_80pct,random_50pct,False,200,0.1881655440809264,0.1349266822484035,0.7170637052997021,0.1349266822484035
poisson,ufno_2d,random_80pct,random_65pct,False,200,0.12263787756681294,0.07346835672815058,0.5990674185316451,0.07346835672815058
poisson,ufno_2d,random_80pct,random_80pct,True,200,0.05537478580554365,0.025994945710440014,0.4694365013297735,0.025994945710440014
poisson,ufno_2d,random_80pct,vertical_lines_50pct,False,200,0.26906783920289906,0.2177819712125715,0.8093942845705397,0.2177819712125715
poisson,ufno_2d,vertical_lines_50pct,block_observed_50pct,False,200,0.898955366421451,0.8755630287868255,0.9739783102605578,0.8755630287868255
poisson,ufno_2d,vertical_lines_50pct,boundary_band_50pct,False,200,0.9297114357147138,0.9195906631240905,0.989114071095788,0.9195906631240905
poisson,ufno_2d,vertical_lines_50pct,clustered_50pct,False,200,0.7441558760326541,0.6371300148568028,0.8561781682804921,0.6371300148568028
poisson,ufno_2d,vertical_lines_50pct,horizontal_lines_50pct,False,200,0.6126035774293008,0.45950868612744983,0.750091418100608,0.45950868612744983
poisson,ufno_2d,vertical_lines_50pct,line_sensors_50pct,False,200,0.35390191363589574,0.240307588858191,0.6790231405909442,0.240307588858191
poisson,ufno_2d,vertical_lines_50pct,random_50pct,False,200,0.6186410502106825,0.4408969565400863,0.7126862279668247,0.4408969565400863
poisson,ufno_2d,vertical_lines_50pct,random_65pct,False,200,0.6011213647792899,0.35791799620041315,0.5954171938836806,0.35791799620041315
poisson,ufno_2d,vertical_lines_50pct,random_80pct,False,200,0.6230598074441265,0.28026944719041924,0.4498275187098354,0.28026944719041924
poisson,ufno_2d,vertical_lines_50pct,vertical_lines_50pct,True,200,0.058829576513141385,0.0436104371443202,0.7413012251512379,0.0436104371443202
