run_id,training_cohort,parent_attempt_id,pde,method,task,training_observation,training_seed,training_identities_sha256,checkpoint_sha256,checkpoint_released_sha256,optimizer,learning_rate,weight_decay,scheduler,schedule_parameters,grad_clip,batch_size,world_size,gradient_accumulation,drop_last,planned_epochs,completed_epochs,actual_optimizer_updates,derived_updates_from_epochs,updates_consistency,actual_examples_processed,stopping_rule,stop_reason,training_status,evaluation_status_strict,training_code_commit,last_verified_timestamp,evidence_source
train-3e541c07a2e7fc6b,original500,,burgers,cno,rollout,block_observed_50pct,20260804,cb7b6aedc56dd4cfc5a43fd6f5228f882f8b5e74ea8ab3745849e763385e5f24,0fb46cbf9f77507b8f0b982a01c172796afa2258b48fee4c501289234f15f9ce,f7cd6c3c57f00869011f7b2451f56ce7ec40b227ee9b51dcbae53d519a425197,adamw,0.001,1e-06,step,"{""scheduler_gamma"": 0.5, ""scheduler_step_size"": 100}",1.0,8,1,1,False,500,500,112500,112500,equal,900000,fixed_500_epochs_last_checkpoint (original protocol; derived from planned epochs and no early stopping),max_epochs_500,completed,"complete_valid (nine strict blocks, 200 identities each)",<COMMIT-1>,2026-09-25 (pdeobs-prediction-verification/20260925-v1),"{""actual_examples_processed"": ""derived: completed epochs x 1800 training records; code: src/pdeobs/runner.py::_loader batches the 1800 training records without drop_last in one process; src/pdeobs/training.py takes one optimizer update per batch (no gradient accumulation)"", ""actual_optimizer_updates"": ""archived_campaign index health.optimizer_steps (health.json of the credited attempt)"", ""batch_size/optimizer/schedule"": ""resolved.yaml of the released model (digest bound to the verification index)"", ""completed_epochs"": ""prediction_verification index actual_epochs (history entries of the credited checkpoint)"", ""planned_epochs"": ""index.cohort_evidence.planned_epochs"", ""segment_note"": null, ""stop_reason"": ""derived: completed == planned == 500 and no early stopping configured"", ""training_status"": ""index.cohort_evidence.training_status""}"
train-f5de18881b948a44,original500,,burgers,cno,rollout,boundary_band_50pct,20260804,cb7b6aedc56dd4cfc5a43fd6f5228f882f8b5e74ea8ab3745849e763385e5f24,d2c442738ec7964c1e1b1056e383dcaef3e383838ecba05a44352f7169f427bd,ff6a24c930f828e8d56ce54d7163dbca6f0c52f18a379fc531d57f61c50b0c88,adamw,0.001,1e-06,step,"{""scheduler_gamma"": 0.5, ""scheduler_step_size"": 100}",1.0,8,1,1,False,500,500,112500,112500,equal,900000,fixed_500_epochs_last_checkpoint (original protocol; derived from planned epochs and no early stopping),max_epochs_500,completed,"complete_valid (nine strict blocks, 200 identities each)",<COMMIT-1>,2026-09-25 (pdeobs-prediction-verification/20260925-v1),"{""actual_examples_processed"": ""derived: completed epochs x 1800 training records; code: src/pdeobs/runner.py::_loader batches the 1800 training records without drop_last in one process; src/pdeobs/training.py takes one optimizer update per batch (no gradient accumulation)"", ""actual_optimizer_updates"": ""archived_campaign index health.optimizer_steps (health.json of the credited attempt)"", ""batch_size/optimizer/schedule"": ""resolved.yaml of the released model (digest bound to the verification index)"", ""completed_epochs"": ""prediction_verification index actual_epochs (history entries of the credited checkpoint)"", ""planned_epochs"": ""index.cohort_evidence.planned_epochs"", ""segment_note"": null, ""stop_reason"": ""derived: completed == planned == 500 and no early stopping configured"", ""training_status"": ""index.cohort_evidence.training_status""}"
train-aa0035bc5f461b2b,original500,,burgers,cno,rollout,clustered_50pct,20260804,cb7b6aedc56dd4cfc5a43fd6f5228f882f8b5e74ea8ab3745849e763385e5f24,e900cdd439e902d6862be142fe9800e68fdc80ae9816af278f6e93e916905ee0,17a204c4b00d29d1951bf2b3520beb1e4c689e6622b36e05cfb6b2e7d2566770,adamw,0.001,1e-06,step,"{""scheduler_gamma"": 0.5, ""scheduler_step_size"": 100}",1.0,8,1,1,False,500,500,112500,112500,equal,900000,fixed_500_epochs_last_checkpoint (original protocol; derived from planned epochs and no early stopping),max_epochs_500,completed,"complete_valid (nine strict blocks, 200 identities each)",<COMMIT-1>,2026-09-25 (pdeobs-prediction-verification/20260925-v1),"{""actual_examples_processed"": ""derived: completed epochs x 1800 training records; code: src/pdeobs/runner.py::_loader batches the 1800 training records without drop_last in one process; src/pdeobs/training.py takes one optimizer update per batch (no gradient accumulation)"", ""actual_optimizer_updates"": ""archived_campaign index health.optimizer_steps (health.json of the credited attempt)"", ""batch_size/optimizer/schedule"": ""resolved.yaml of the released model (digest bound to the verification index)"", ""completed_epochs"": ""prediction_verification index actual_epochs (history entries of the credited checkpoint)"", ""planned_epochs"": ""index.cohort_evidence.planned_epochs"", ""segment_note"": null, ""stop_reason"": ""derived: completed == planned == 500 and no early stopping configured"", ""training_status"": ""index.cohort_evidence.training_status""}"
train-2d8ac7ea1c173de5,original500,,burgers,cno,rollout,horizontal_lines_50pct,20260804,cb7b6aedc56dd4cfc5a43fd6f5228f882f8b5e74ea8ab3745849e763385e5f24,f78533aa0cf41c5e167d3e1c2dbea4c8dc5eff1e523bed049db0b9b0c0367a9a,c9dd0fc9986503ec28479724c53ff0383400e1988f388c29e8d40456afbad744,adamw,0.001,1e-06,step,"{""scheduler_gamma"": 0.5, ""scheduler_step_size"": 100}",1.0,8,1,1,False,500,500,112500,112500,equal,900000,fixed_500_epochs_last_checkpoint (original protocol; derived from planned epochs and no early stopping),max_epochs_500,completed,"complete_valid (nine strict blocks, 200 identities each)",<COMMIT-1>,2026-09-25 (pdeobs-prediction-verification/20260925-v1),"{""actual_examples_processed"": ""derived: completed epochs x 1800 training records; code: src/pdeobs/runner.py::_loader batches the 1800 training records without drop_last in one process; src/pdeobs/training.py takes one optimizer update per batch (no gradient accumulation)"", ""actual_optimizer_updates"": ""archived_campaign index health.optimizer_steps (health.json of the credited attempt)"", ""batch_size/optimizer/schedule"": ""resolved.yaml of the released model (digest bound to the verification index)"", ""completed_epochs"": ""prediction_verification index actual_epochs (history entries of the credited checkpoint)"", ""planned_epochs"": ""index.cohort_evidence.planned_epochs"", ""segment_note"": null, ""stop_reason"": ""derived: completed == planned == 500 and no early stopping configured"", ""training_status"": ""index.cohort_evidence.training_status""}"
train-1503f0f8924c87cc,original500,,burgers,cno,rollout,line_sensors_50pct,20260804,cb7b6aedc56dd4cfc5a43fd6f5228f882f8b5e74ea8ab3745849e763385e5f24,62aaed62966e5ed7de04dee2e431b2e4d87a264ebf1c1cf7214c25464d8276e5,d68fc794a650d96479852e44a269323b3ac12ebf927b6e3379d23fc7c08352d5,adamw,0.001,1e-06,step,"{""scheduler_gamma"": 0.5, ""scheduler_step_size"": 100}",1.0,8,1,1,False,500,500,112500,112500,equal,900000,fixed_500_epochs_last_checkpoint (original protocol; derived from planned epochs and no early stopping),max_epochs_500,completed,"complete_valid (nine strict blocks, 200 identities each)",<COMMIT-1>,2026-09-25 (pdeobs-prediction-verification/20260925-v1),"{""actual_examples_processed"": ""derived: completed epochs x 1800 training records; code: src/pdeobs/runner.py::_loader batches the 1800 training records without drop_last in one process; src/pdeobs/training.py takes one optimizer update per batch (no gradient accumulation)"", ""actual_optimizer_updates"": ""archived_campaign index health.optimizer_steps (health.json of the credited attempt)"", ""batch_size/optimizer/schedule"": ""resolved.yaml of the released model (digest bound to the verification index)"", ""completed_epochs"": ""prediction_verification index actual_epochs (history entries of the credited checkpoint)"", ""planned_epochs"": ""index.cohort_evidence.planned_epochs"", ""segment_note"": null, ""stop_reason"": ""derived: completed == planned == 500 and no early stopping configured"", ""training_status"": ""index.cohort_evidence.training_status""}"
train-b81217148c704149,original500,,burgers,cno,rollout,random_50pct,20260804,cb7b6aedc56dd4cfc5a43fd6f5228f882f8b5e74ea8ab3745849e763385e5f24,fe9eed1c72bb9ea4f326a2161926dddceb674dec64b6f56425c869c61735002f,01f96c646020ce3563fc5c694e4f432a0529bb54c69c682fdeec316ef7cff131,adamw,0.001,1e-06,step,"{""scheduler_gamma"": 0.5, ""scheduler_step_size"": 100}",1.0,8,1,1,False,500,500,112500,112500,equal,900000,fixed_500_epochs_last_checkpoint (original protocol; derived from planned epochs and no early stopping),max_epochs_500,completed,"complete_valid (nine strict blocks, 200 identities each)",<COMMIT-1>,2026-09-25 (pdeobs-prediction-verification/20260925-v1),"{""actual_examples_processed"": ""derived: completed epochs x 1800 training records; code: src/pdeobs/runner.py::_loader batches the 1800 training records without drop_last in one process; src/pdeobs/training.py takes one optimizer update per batch (no gradient accumulation)"", ""actual_optimizer_updates"": ""archived_campaign index health.optimizer_steps (health.json of the credited attempt)"", ""batch_size/optimizer/schedule"": ""resolved.yaml of the released model (digest bound to the verification index)"", ""completed_epochs"": ""prediction_verification index actual_epochs (history entries of the credited checkpoint)"", ""planned_epochs"": ""index.cohort_evidence.planned_epochs"", ""segment_note"": null, ""stop_reason"": ""derived: completed == planned == 500 and no early stopping configured"", ""training_status"": ""index.cohort_evidence.training_status""}"
train-2acee9a287a8a059,original500,,burgers,cno,rollout,random_65pct,20260804,cb7b6aedc56dd4cfc5a43fd6f5228f882f8b5e74ea8ab3745849e763385e5f24,fd24222b0d8470bb48fe5b09f1c3d8c2a0d0ff183dbe908bf860bb3589fac309,67d6e4134f361c05c3a4070c6714a964cf38f1ac9cbcc81d71497a32dab6f35b,adamw,0.001,1e-06,step,"{""scheduler_gamma"": 0.5, ""scheduler_step_size"": 100}",1.0,8,1,1,False,500,500,112500,112500,equal,900000,fixed_500_epochs_last_checkpoint (original protocol; derived from planned epochs and no early stopping),max_epochs_500,completed,"complete_valid (nine strict blocks, 200 identities each)",<COMMIT-1>,2026-09-25 (pdeobs-prediction-verification/20260925-v1),"{""actual_examples_processed"": ""derived: completed epochs x 1800 training records; code: src/pdeobs/runner.py::_loader batches the 1800 training records without drop_last in one process; src/pdeobs/training.py takes one optimizer update per batch (no gradient accumulation)"", ""actual_optimizer_updates"": ""archived_campaign index health.optimizer_steps (health.json of the credited attempt)"", ""batch_size/optimizer/schedule"": ""resolved.yaml of the released model (digest bound to the verification index)"", ""completed_epochs"": ""prediction_verification index actual_epochs (history entries of the credited checkpoint)"", ""planned_epochs"": ""index.cohort_evidence.planned_epochs"", ""segment_note"": null, ""stop_reason"": ""derived: completed == planned == 500 and no early stopping configured"", ""training_status"": ""index.cohort_evidence.training_status""}"
train-cc6511cc658cb249,original500,,burgers,cno,rollout,random_80pct,20260804,cb7b6aedc56dd4cfc5a43fd6f5228f882f8b5e74ea8ab3745849e763385e5f24,0397902d0de5a4599e7eb2bff7f27b6d4f6b76421dd9fb16ae6e9e9d7345abd2,84a33080d692901de504fa4bd37c72c2790cf397b0d3b0067efce4995a5e08e7,adamw,0.001,1e-06,step,"{""scheduler_gamma"": 0.5, ""scheduler_step_size"": 100}",1.0,8,1,1,False,500,500,112500,112500,equal,900000,fixed_500_epochs_last_checkpoint (original protocol; derived from planned epochs and no early stopping),max_epochs_500,completed,"complete_valid (nine strict blocks, 200 identities each)",<COMMIT-1>,2026-09-25 (pdeobs-prediction-verification/20260925-v1),"{""actual_examples_processed"": ""derived: completed epochs x 1800 training records; code: src/pdeobs/runner.py::_loader batches the 1800 training records without drop_last in one process; src/pdeobs/training.py takes one optimizer update per batch (no gradient accumulation)"", ""actual_optimizer_updates"": ""archived_campaign index health.optimizer_steps (health.json of the credited attempt)"", ""batch_size/optimizer/schedule"": ""resolved.yaml of the released model (digest bound to the verification index)"", ""completed_epochs"": ""prediction_verification index actual_epochs (history entries of the credited checkpoint)"", ""planned_epochs"": ""index.cohort_evidence.planned_epochs"", ""segment_note"": null, ""stop_reason"": ""derived: completed == planned == 500 and no early stopping configured"", ""training_status"": ""index.cohort_evidence.training_status""}"
train-ca0283d824c72dc8,original500,,burgers,cno,rollout,vertical_lines_50pct,20260804,cb7b6aedc56dd4cfc5a43fd6f5228f882f8b5e74ea8ab3745849e763385e5f24,3f0048e09d4e2b2650f47c8ad0a48f095c3721762378d832e304fd744b081f32,4ece1bfb51d88d49b3af80fbc8ad3ad4f262d3938e4d881a4a9b93f01a720353,adamw,0.001,1e-06,step,"{""scheduler_gamma"": 0.5, ""scheduler_step_size"": 100}",1.0,8,1,1,False,500,500,112500,112500,equal,900000,fixed_500_epochs_last_checkpoint (original protocol; derived from planned epochs and no early stopping),max_epochs_500,completed,"complete_valid (nine strict blocks, 200 identities each)",<COMMIT-1>,2026-09-25 (pdeobs-prediction-verification/20260925-v1),"{""actual_examples_processed"": ""derived: completed epochs x 1800 training records; code: src/pdeobs/runner.py::_loader batches the 1800 training records without drop_last in one process; src/pdeobs/training.py takes one optimizer update per batch (no gradient accumulation)"", ""actual_optimizer_updates"": ""archived_campaign index health.optimizer_steps (health.json of the credited attempt)"", ""batch_size/optimizer/schedule"": ""resolved.yaml of the released model (digest bound to the verification index)"", ""completed_epochs"": ""prediction_verification index actual_epochs (history entries of the credited checkpoint)"", ""planned_epochs"": ""index.cohort_evidence.planned_epochs"", ""segment_note"": null, ""stop_reason"": ""derived: completed == planned == 500 and no early stopping configured"", ""training_status"": ""index.cohort_evidence.training_status""}"
train-8486a93b5893bb9a,original500,,burgers,deeponet,rollout,block_observed_50pct,20260804,cb7b6aedc56dd4cfc5a43fd6f5228f882f8b5e74ea8ab3745849e763385e5f24,db9bb041b60055fef2f3e22522ca8117b4a4b950689bbef1edfdf11c2dfde8ee,05114a54c64ed002d1b02e5c577d84e7aa5d204e7689750ce085f5db4fc26ff4,adam,0.001,0.0,step,"{""scheduler_gamma"": 0.5, ""scheduler_step_size"": 100}",1.0,4,1,1,False,500,500,225000,225000,equal,900000,fixed_500_epochs_last_checkpoint (original protocol; derived from planned epochs and no early stopping),max_epochs_500,completed,"complete_valid (nine strict blocks, 200 identities each)",<COMMIT-1>,2026-09-25 (pdeobs-prediction-verification/20260925-v1),"{""actual_examples_processed"": ""derived: completed epochs x 1800 training records; code: src/pdeobs/runner.py::_loader batches the 1800 training records without drop_last in one process; src/pdeobs/training.py takes one optimizer update per batch (no gradient accumulation)"", ""actual_optimizer_updates"": ""archived_campaign index health.optimizer_steps (health.json of the credited attempt)"", ""batch_size/optimizer/schedule"": ""resolved.yaml of the released model (digest bound to the verification index)"", ""completed_epochs"": ""prediction_verification index actual_epochs (history entries of the credited checkpoint)"", ""planned_epochs"": ""index.cohort_evidence.planned_epochs"", ""segment_note"": null, ""stop_reason"": ""derived: completed == planned == 500 and no early stopping configured"", ""training_status"": ""index.cohort_evidence.training_status""}"
train-bc05ef3622bd9299,original500,,burgers,deeponet,rollout,boundary_band_50pct,20260804,cb7b6aedc56dd4cfc5a43fd6f5228f882f8b5e74ea8ab3745849e763385e5f24,94e2c1a14cfcc1c216eff22153c97da9b4ae071b80b44ade02bda5a8a41b88fe,afecea4f15da3c7475b0996f3739222b929fba0c60044dfb8d3aa6002ad82097,adam,0.001,0.0,step,"{""scheduler_gamma"": 0.5, ""scheduler_step_size"": 100}",1.0,4,1,1,False,500,500,225000,225000,equal,900000,fixed_500_epochs_last_checkpoint (original protocol; derived from planned epochs and no early stopping),max_epochs_500,completed,"complete_valid (nine strict blocks, 200 identities each)",<COMMIT-1>,2026-09-25 (pdeobs-prediction-verification/20260925-v1),"{""actual_examples_processed"": ""derived: completed epochs x 1800 training records; code: src/pdeobs/runner.py::_loader batches the 1800 training records without drop_last in one process; src/pdeobs/training.py takes one optimizer update per batch (no gradient accumulation)"", ""actual_optimizer_updates"": ""archived_campaign index health.optimizer_steps (health.json of the credited attempt)"", ""batch_size/optimizer/schedule"": ""resolved.yaml of the released model (digest bound to the verification index)"", ""completed_epochs"": ""prediction_verification index actual_epochs (history entries of the credited checkpoint)"", ""planned_epochs"": ""index.cohort_evidence.planned_epochs"", ""segment_note"": null, ""stop_reason"": ""derived: completed == planned == 500 and no early stopping configured"", ""training_status"": ""index.cohort_evidence.training_status""}"
train-c6340a2cc2451e8c,original500_recovered,,burgers,deeponet,rollout,clustered_50pct,20260804,cb7b6aedc56dd4cfc5a43fd6f5228f882f8b5e74ea8ab3745849e763385e5f24,0085a408244a1f143d2b48b545cf1dc8caff04f50143330c0e20682336139929,aa28498bf61bcaed87a0d456790c1ef07fa477c31879798e02980b0626cccea6,adam,0.001,0.0,step,"{""scheduler_gamma"": 0.5, ""scheduler_step_size"": 100}",1.0,4,1,1,False,500,500,225000,225000,equal,900000,pdeobs.dynamic-method-budget/2026-09-14-r3,max_epochs_500,completed,"complete_valid (nine strict blocks, 200 identities each)",<COMMIT-1>,2026-09-25 (pdeobs-prediction-verification/20260925-v1),"{""actual_examples_processed"": ""derived: completed epochs x 1800 training records; code: src/pdeobs/runner.py::_loader batches the 1800 training records without drop_last in one process; src/pdeobs/training.py takes one optimizer update per batch (no gradient accumulation)"", ""actual_optimizer_updates"": ""archived_campaign index health.optimizer_steps (health.json of the credited attempt)"", ""batch_size/optimizer/schedule"": ""resolved.yaml of the released model (digest bound to the verification index)"", ""completed_epochs"": ""prediction_verification index actual_epochs (history entries of the credited checkpoint)"", ""planned_epochs"": ""index.cohort_evidence.planned_epochs"", ""segment_note"": null, ""stop_reason"": ""derived: completed == planned == 500 and no early stopping configured"", ""training_status"": ""index.cohort_evidence.training_status""}"
train-47dce46575ce1271,original500_recovered,,burgers,deeponet,rollout,horizontal_lines_50pct,20260804,cb7b6aedc56dd4cfc5a43fd6f5228f882f8b5e74ea8ab3745849e763385e5f24,635b89a79979096ad35f73abe06dc93e0976480a58b8c6ea6f0fedbd8886f6e9,aa912bee5a9955058f0b68187e80fd274cab8354c30ad9a3393b8828c08f0eec,adam,0.001,0.0,step,"{""scheduler_gamma"": 0.5, ""scheduler_step_size"": 100}",1.0,4,1,1,False,500,500,225000,225000,equal,900000,pdeobs.dynamic-method-budget/2026-09-14-r3,max_epochs_500,completed,"complete_valid (nine strict blocks, 200 identities each)",<COMMIT-1>,2026-09-25 (pdeobs-prediction-verification/20260925-v1),"{""actual_examples_processed"": ""derived: completed epochs x 1800 training records; code: src/pdeobs/runner.py::_loader batches the 1800 training records without drop_last in one process; src/pdeobs/training.py takes one optimizer update per batch (no gradient accumulation)"", ""actual_optimizer_updates"": ""archived_campaign index health.optimizer_steps (health.json of the credited attempt)"", ""batch_size/optimizer/schedule"": ""resolved.yaml of the released model (digest bound to the verification index)"", ""completed_epochs"": ""prediction_verification index actual_epochs (history entries of the credited checkpoint)"", ""planned_epochs"": ""index.cohort_evidence.planned_epochs"", ""segment_note"": null, ""stop_reason"": ""derived: completed == planned == 500 and no early stopping configured"", ""training_status"": ""index.cohort_evidence.training_status""}"
train-d6d895d3608ca9f5,interrupted_or_recovered,,burgers,deeponet,rollout,line_sensors_50pct,20260804,cb7b6aedc56dd4cfc5a43fd6f5228f882f8b5e74ea8ab3745849e763385e5f24,ada237e698dd7fc0acf3662501c4674cb2951c27f4d27d04863626d044b9b361,57bcc4c0afd542a9fb788a37b4dc3fad7856b78c749e23bc279266a75ceea70b,adam,0.001,0.0,step,"{""scheduler_gamma"": 0.5, ""scheduler_step_size"": 100}",1.0,4,1,1,False,500,443,unknown,199350,unknown,797400,fixed_500_epochs_last_checkpoint (original protocol; derived from planned epochs and no early stopping),unknown,unknown,"complete_valid (nine strict blocks, 200 identities each)",<COMMIT-1>,2026-09-25 (pdeobs-prediction-verification/20260925-v1),"{""actual_examples_processed"": ""derived: completed epochs x 1800 training records; code: src/pdeobs/runner.py::_loader batches the 1800 training records without drop_last in one process; src/pdeobs/training.py takes one optimizer update per batch (no gradient accumulation)"", ""actual_optimizer_updates"": ""unknown: no optimizer step counter in the credited receipts"", ""batch_size/optimizer/schedule"": ""resolved.yaml of the released model (digest bound to the verification index)"", ""completed_epochs"": ""prediction_verification index actual_epochs (history entries of the credited checkpoint)"", ""planned_epochs"": ""index.cohort_evidence.planned_epochs"", ""segment_note"": null, ""stop_reason"": ""no stop reason recorded"", ""training_status"": ""archived health.status""}"
train-352ce1be566ec945,original500,,burgers,deeponet,rollout,random_50pct,20260804,cb7b6aedc56dd4cfc5a43fd6f5228f882f8b5e74ea8ab3745849e763385e5f24,0dff57bcc94facf5a7e06016d77a7dbd04975fef17233231a72ae67565f7b6b2,d7ce5bf0426171ae7dbc938f83d86c9c0893dd178b6d2ea838ac7d52fb8133da,adam,0.001,0.0,step,"{""scheduler_gamma"": 0.5, ""scheduler_step_size"": 100}",1.0,4,1,1,False,500,500,225000,225000,equal,900000,fixed_500_epochs_last_checkpoint (original protocol; derived from planned epochs and no early stopping),max_epochs_500,completed,"complete_valid (nine strict blocks, 200 identities each)",<COMMIT-1>,2026-09-25 (pdeobs-prediction-verification/20260925-v1),"{""actual_examples_processed"": ""derived: completed epochs x 1800 training records; code: src/pdeobs/runner.py::_loader batches the 1800 training records without drop_last in one process; src/pdeobs/training.py takes one optimizer update per batch (no gradient accumulation)"", ""actual_optimizer_updates"": ""archived_campaign index health.optimizer_steps (health.json of the credited attempt)"", ""batch_size/optimizer/schedule"": ""resolved.yaml of the released model (digest bound to the verification index)"", ""completed_epochs"": ""prediction_verification index actual_epochs (history entries of the credited checkpoint)"", ""planned_epochs"": ""index.cohort_evidence.planned_epochs"", ""segment_note"": null, ""stop_reason"": ""derived: completed == planned == 500 and no early stopping configured"", ""training_status"": ""index.cohort_evidence.training_status""}"
train-e215e111ed99224f,interrupted_or_recovered,,burgers,deeponet,rollout,random_65pct,20260804,cb7b6aedc56dd4cfc5a43fd6f5228f882f8b5e74ea8ab3745849e763385e5f24,e72f6ef9801656c7031d88d789f82ca9c6aff54506986af5ef9deb7043e6c7a6,237b72258845e0740153701197b1dd0165f8f4a3b8227598eaae99eb6a73400d,adam,0.001,0.0,step,"{""scheduler_gamma"": 0.5, ""scheduler_step_size"": 100}",1.0,4,1,1,False,500,491,unknown,220950,unknown,883800,fixed_500_epochs_last_checkpoint (original protocol; derived from planned epochs and no early stopping),unknown,unknown,"complete_valid (nine strict blocks, 200 identities each)",<COMMIT-1>,2026-09-25 (pdeobs-prediction-verification/20260925-v1),"{""actual_examples_processed"": ""derived: completed epochs x 1800 training records; code: src/pdeobs/runner.py::_loader batches the 1800 training records without drop_last in one process; src/pdeobs/training.py takes one optimizer update per batch (no gradient accumulation)"", ""actual_optimizer_updates"": ""unknown: no optimizer step counter in the credited receipts"", ""batch_size/optimizer/schedule"": ""resolved.yaml of the released model (digest bound to the verification index)"", ""completed_epochs"": ""prediction_verification index actual_epochs (history entries of the credited checkpoint)"", ""planned_epochs"": ""index.cohort_evidence.planned_epochs"", ""segment_note"": null, ""stop_reason"": ""no stop reason recorded"", ""training_status"": ""archived health.status""}"
train-afe853eef8b968ef,original500,,burgers,deeponet,rollout,random_80pct,20260804,cb7b6aedc56dd4cfc5a43fd6f5228f882f8b5e74ea8ab3745849e763385e5f24,e43f5a6be6d70d76bcba3a5b8292ef714d6787d73907f707219a07d149d64bd4,355fcc4a6ca418652d50bfcfe57e27e0e99dece34cbe6d68ad5db1111b3b42b4,adam,0.001,0.0,step,"{""scheduler_gamma"": 0.5, ""scheduler_step_size"": 100}",1.0,4,1,1,False,500,500,225000,225000,equal,900000,fixed_500_epochs_last_checkpoint (original protocol; derived from planned epochs and no early stopping),max_epochs_500,completed,"complete_valid (nine strict blocks, 200 identities each)",<COMMIT-1>,2026-09-25 (pdeobs-prediction-verification/20260925-v1),"{""actual_examples_processed"": ""derived: completed epochs x 1800 training records; code: src/pdeobs/runner.py::_loader batches the 1800 training records without drop_last in one process; src/pdeobs/training.py takes one optimizer update per batch (no gradient accumulation)"", ""actual_optimizer_updates"": ""archived_campaign index health.optimizer_steps (health.json of the credited attempt)"", ""batch_size/optimizer/schedule"": ""resolved.yaml of the released model (digest bound to the verification index)"", ""completed_epochs"": ""prediction_verification index actual_epochs (history entries of the credited checkpoint)"", ""planned_epochs"": ""index.cohort_evidence.planned_epochs"", ""segment_note"": null, ""stop_reason"": ""derived: completed == planned == 500 and no early stopping configured"", ""training_status"": ""index.cohort_evidence.training_status""}"
train-eeccbe18cb08d4c0,interrupted_or_recovered,,burgers,deeponet,rollout,vertical_lines_50pct,20260804,cb7b6aedc56dd4cfc5a43fd6f5228f882f8b5e74ea8ab3745849e763385e5f24,5999477b736d01fd4354bc2e763d2b81993b3b15db629740d278c2f35b7cb701,dbc64854199e20424ec475fcfb8a511de79eb631b9cf3d5dd1b41663af3258e2,adam,0.001,0.0,step,"{""scheduler_gamma"": 0.5, ""scheduler_step_size"": 100}",1.0,4,1,1,False,500,339,unknown,152550,unknown,610200,fixed_500_epochs_last_checkpoint (original protocol; derived from planned epochs and no early stopping),unknown,unknown,"complete_valid (nine strict blocks, 200 identities each)",<COMMIT-1>,2026-09-25 (pdeobs-prediction-verification/20260925-v1),"{""actual_examples_processed"": ""derived: completed epochs x 1800 training records; code: src/pdeobs/runner.py::_loader batches the 1800 training records without drop_last in one process; src/pdeobs/training.py takes one optimizer update per batch (no gradient accumulation)"", ""actual_optimizer_updates"": ""unknown: no optimizer step counter in the credited receipts"", ""batch_size/optimizer/schedule"": ""resolved.yaml of the released model (digest bound to the verification index)"", ""completed_epochs"": ""prediction_verification index actual_epochs (history entries of the credited checkpoint)"", ""planned_epochs"": ""index.cohort_evidence.planned_epochs"", ""segment_note"": null, ""stop_reason"": ""no stop reason recorded"", ""training_status"": ""archived health.status""}"
train-5a0f7b6bb63cff13,original500_recovered,,burgers,fno,rollout,block_observed_50pct,20260804,cb7b6aedc56dd4cfc5a43fd6f5228f882f8b5e74ea8ab3745849e763385e5f24,85da47365041c97185343ac7f547bfb5dc83c484cd78125a44053a838db8fd96,ce4776302144d0413a85347e7f8978b8fd8fe469e59d050da4810e9eeec8388e,adam,0.001,0.0001,step,"{""scheduler_gamma"": 0.5, ""scheduler_step_size"": 100}",1.0,8,1,1,False,500,500,112500,112500,equal,900000,pdeobs.dynamic-method-budget/2026-09-14-r3,max_epochs_500,completed,"complete_valid (nine strict blocks, 200 identities each)",<COMMIT-1>,2026-09-25 (pdeobs-prediction-verification/20260925-v1),"{""actual_examples_processed"": ""derived: completed epochs x 1800 training records; code: src/pdeobs/runner.py::_loader batches the 1800 training records without drop_last in one process; src/pdeobs/training.py takes one optimizer update per batch (no gradient accumulation)"", ""actual_optimizer_updates"": ""archived_campaign index health.optimizer_steps (health.json of the credited attempt)"", ""batch_size/optimizer/schedule"": ""resolved.yaml of the released model (digest bound to the verification index)"", ""completed_epochs"": ""prediction_verification index actual_epochs (history entries of the credited checkpoint)"", ""planned_epochs"": ""index.cohort_evidence.planned_epochs"", ""segment_note"": null, ""stop_reason"": ""derived: completed == planned == 500 and no early stopping configured"", ""training_status"": ""index.cohort_evidence.training_status""}"
train-ccd3276d066c0678,original500_recovered,,burgers,fno,rollout,boundary_band_50pct,20260804,cb7b6aedc56dd4cfc5a43fd6f5228f882f8b5e74ea8ab3745849e763385e5f24,3278db5082555f83ae5c16ddcef99f6311fc9279c08781b97217eab9ce7fd2e4,9321fe1cade50bc4af9ac99b5e22296178b439eae20584c83cf0fcc3f991262d,adam,0.001,0.0001,step,"{""scheduler_gamma"": 0.5, ""scheduler_step_size"": 100}",1.0,8,1,1,False,500,500,112500,112500,equal,900000,pdeobs.dynamic-method-budget/2026-09-14-r3,max_epochs_500,completed,"complete_valid (nine strict blocks, 200 identities each)",<COMMIT-1>,2026-09-25 (pdeobs-prediction-verification/20260925-v1),"{""actual_examples_processed"": ""derived: completed epochs x 1800 training records; code: src/pdeobs/runner.py::_loader batches the 1800 training records without drop_last in one process; src/pdeobs/training.py takes one optimizer update per batch (no gradient accumulation)"", ""actual_optimizer_updates"": ""archived_campaign index health.optimizer_steps (health.json of the credited attempt)"", ""batch_size/optimizer/schedule"": ""resolved.yaml of the released model (digest bound to the verification index)"", ""completed_epochs"": ""prediction_verification index actual_epochs (history entries of the credited checkpoint)"", ""planned_epochs"": ""index.cohort_evidence.planned_epochs"", ""segment_note"": null, ""stop_reason"": ""derived: completed == planned == 500 and no early stopping configured"", ""training_status"": ""index.cohort_evidence.training_status""}"
train-9448a11024d06827,original500_recovered,,burgers,fno,rollout,clustered_50pct,20260804,cb7b6aedc56dd4cfc5a43fd6f5228f882f8b5e74ea8ab3745849e763385e5f24,6dbeb6b014b55e20b556b78a5581d8279e7e4baffbc8321453306565be685f7b,47caafc6c364d7df0a966d69d84c52a6b312241457b580d8bb90f34f674b8d17,adam,0.001,0.0001,step,"{""scheduler_gamma"": 0.5, ""scheduler_step_size"": 100}",1.0,8,1,1,False,500,500,112500,112500,equal,900000,pdeobs.dynamic-method-budget/2026-09-14-r3,max_epochs_500,completed,"complete_valid (nine strict blocks, 200 identities each)",<COMMIT-1>,2026-09-25 (pdeobs-prediction-verification/20260925-v1),"{""actual_examples_processed"": ""derived: completed epochs x 1800 training records; code: src/pdeobs/runner.py::_loader batches the 1800 training records without drop_last in one process; src/pdeobs/training.py takes one optimizer update per batch (no gradient accumulation)"", ""actual_optimizer_updates"": ""archived_campaign index health.optimizer_steps (health.json of the credited attempt)"", ""batch_size/optimizer/schedule"": ""resolved.yaml of the released model (digest bound to the verification index)"", ""completed_epochs"": ""prediction_verification index actual_epochs (history entries of the credited checkpoint)"", ""planned_epochs"": ""index.cohort_evidence.planned_epochs"", ""segment_note"": null, ""stop_reason"": ""derived: completed == planned == 500 and no early stopping configured"", ""training_status"": ""index.cohort_evidence.training_status""}"
train-de7897ee0872a5b5,original500,,burgers,fno,rollout,horizontal_lines_50pct,20260804,cb7b6aedc56dd4cfc5a43fd6f5228f882f8b5e74ea8ab3745849e763385e5f24,5c3e35186de539ae8e79b15399adfd0b84489d611d1a0f800ee660cc114fc706,3337fbc98657fa599c007159a25807e5713fd55cf97451c7166eca3a082f6786,adam,0.001,0.0001,step,"{""scheduler_gamma"": 0.5, ""scheduler_step_size"": 100}",1.0,8,1,1,False,500,500,112500,112500,equal,900000,fixed_500_epochs_last_checkpoint (original protocol; derived from planned epochs and no early stopping),max_epochs_500,completed,"complete_valid (nine strict blocks, 200 identities each)",<COMMIT-1>,2026-09-25 (pdeobs-prediction-verification/20260925-v1),"{""actual_examples_processed"": ""derived: completed epochs x 1800 training records; code: src/pdeobs/runner.py::_loader batches the 1800 training records without drop_last in one process; src/pdeobs/training.py takes one optimizer update per batch (no gradient accumulation)"", ""actual_optimizer_updates"": ""archived_campaign index health.optimizer_steps (health.json of the credited attempt)"", ""batch_size/optimizer/schedule"": ""resolved.yaml of the released model (digest bound to the verification index)"", ""completed_epochs"": ""prediction_verification index actual_epochs (history entries of the credited checkpoint)"", ""planned_epochs"": ""index.cohort_evidence.planned_epochs"", ""segment_note"": null, ""stop_reason"": ""derived: completed == planned == 500 and no early stopping configured"", ""training_status"": ""index.cohort_evidence.training_status""}"
train-5bb3eab1988b2479,original500_recovered,,burgers,fno,rollout,line_sensors_50pct,20260804,cb7b6aedc56dd4cfc5a43fd6f5228f882f8b5e74ea8ab3745849e763385e5f24,2e03b7f12964d8d99e45854f6417787538670d4e35c85b250098836c639a648a,a35a79952f6ca5b817e3762450c088ade2569ffe650e55aa1584ee748a634c0a,adam,0.001,0.0001,step,"{""scheduler_gamma"": 0.5, ""scheduler_step_size"": 100}",1.0,8,1,1,False,500,500,112500,112500,equal,900000,pdeobs.dynamic-method-budget/2026-09-14-r3,max_epochs_500,completed,"complete_valid (nine strict blocks, 200 identities each)",<COMMIT-1>,2026-09-25 (pdeobs-prediction-verification/20260925-v1),"{""actual_examples_processed"": ""derived: completed epochs x 1800 training records; code: src/pdeobs/runner.py::_loader batches the 1800 training records without drop_last in one process; src/pdeobs/training.py takes one optimizer update per batch (no gradient accumulation)"", ""actual_optimizer_updates"": ""archived_campaign index health.optimizer_steps (health.json of the credited attempt)"", ""batch_size/optimizer/schedule"": ""resolved.yaml of the released model (digest bound to the verification index)"", ""completed_epochs"": ""prediction_verification index actual_epochs (history entries of the credited checkpoint)"", ""planned_epochs"": ""index.cohort_evidence.planned_epochs"", ""segment_note"": null, ""stop_reason"": ""derived: completed == planned == 500 and no early stopping configured"", ""training_status"": ""index.cohort_evidence.training_status""}"
train-c98cf182467c1b44,original500_recovered,,burgers,fno,rollout,random_50pct,20260804,cb7b6aedc56dd4cfc5a43fd6f5228f882f8b5e74ea8ab3745849e763385e5f24,892873d2203129cef84de2ed12639d0defcd6cfbcddc85a91cc58399171af67f,67674ff118717d44dc42c9ca18488ff710f97d243438f49c9aa83f14f32271be,adam,0.001,0.0001,step,"{""scheduler_gamma"": 0.5, ""scheduler_step_size"": 100}",1.0,8,1,1,False,500,500,112500,112500,equal,900000,pdeobs.dynamic-method-budget/2026-09-14-r3,max_epochs_500,completed,"complete_valid (nine strict blocks, 200 identities each)",<COMMIT-1>,2026-09-25 (pdeobs-prediction-verification/20260925-v1),"{""actual_examples_processed"": ""derived: completed epochs x 1800 training records; code: src/pdeobs/runner.py::_loader batches the 1800 training records without drop_last in one process; src/pdeobs/training.py takes one optimizer update per batch (no gradient accumulation)"", ""actual_optimizer_updates"": ""archived_campaign index health.optimizer_steps (health.json of the credited attempt)"", ""batch_size/optimizer/schedule"": ""resolved.yaml of the released model (digest bound to the verification index)"", ""completed_epochs"": ""prediction_verification index actual_epochs (history entries of the credited checkpoint)"", ""planned_epochs"": ""index.cohort_evidence.planned_epochs"", ""segment_note"": null, ""stop_reason"": ""derived: completed == planned == 500 and no early stopping configured"", ""training_status"": ""index.cohort_evidence.training_status""}"
train-6ca68b12e34c49f1,original500_recovered,,burgers,fno,rollout,random_65pct,20260804,cb7b6aedc56dd4cfc5a43fd6f5228f882f8b5e74ea8ab3745849e763385e5f24,7ec49e3f964a3de81c2dac00913623b947b5a442b525ecccf5fbf1dbd3894915,e7c762326c1fa2b12f6f0fe83945e10ff3582bc00c0d208c143d7d96a4a9011b,adam,0.001,0.0001,step,"{""scheduler_gamma"": 0.5, ""scheduler_step_size"": 100}",1.0,8,1,1,False,500,500,112500,112500,equal,900000,pdeobs.dynamic-method-budget/2026-09-14-r3,max_epochs_500,completed,"complete_valid (nine strict blocks, 200 identities each)",<COMMIT-1>,2026-09-25 (pdeobs-prediction-verification/20260925-v1),"{""actual_examples_processed"": ""derived: completed epochs x 1800 training records; code: src/pdeobs/runner.py::_loader batches the 1800 training records without drop_last in one process; src/pdeobs/training.py takes one optimizer update per batch (no gradient accumulation)"", ""actual_optimizer_updates"": ""archived_campaign index health.optimizer_steps (health.json of the credited attempt)"", ""batch_size/optimizer/schedule"": ""resolved.yaml of the released model (digest bound to the verification index)"", ""completed_epochs"": ""prediction_verification index actual_epochs (history entries of the credited checkpoint)"", ""planned_epochs"": ""index.cohort_evidence.planned_epochs"", ""segment_note"": null, ""stop_reason"": ""derived: completed == planned == 500 and no early stopping configured"", ""training_status"": ""index.cohort_evidence.training_status""}"
train-bef6197159d39ee1,original500_recovered,,burgers,fno,rollout,random_80pct,20260804,cb7b6aedc56dd4cfc5a43fd6f5228f882f8b5e74ea8ab3745849e763385e5f24,e557110932b758d4fa477cc5744fe7b2f89165054bb5e42d8a6e42264a2edd86,5ad90075c215e0b2f7489c2dd77638989755af3f9790377b62d9c00660d06b96,adam,0.001,0.0001,step,"{""scheduler_gamma"": 0.5, ""scheduler_step_size"": 100}",1.0,8,1,1,False,500,500,112500,112500,equal,900000,pdeobs.dynamic-method-budget/2026-09-14-r3,max_epochs_500,completed,"complete_valid (nine strict blocks, 200 identities each)",<COMMIT-1>,2026-09-25 (pdeobs-prediction-verification/20260925-v1),"{""actual_examples_processed"": ""derived: completed epochs x 1800 training records; code: src/pdeobs/runner.py::_loader batches the 1800 training records without drop_last in one process; src/pdeobs/training.py takes one optimizer update per batch (no gradient accumulation)"", ""actual_optimizer_updates"": ""archived_campaign index health.optimizer_steps (health.json of the credited attempt)"", ""batch_size/optimizer/schedule"": ""resolved.yaml of the released model (digest bound to the verification index)"", ""completed_epochs"": ""prediction_verification index actual_epochs (history entries of the credited checkpoint)"", ""planned_epochs"": ""index.cohort_evidence.planned_epochs"", ""segment_note"": null, ""stop_reason"": ""derived: completed == planned == 500 and no early stopping configured"", ""training_status"": ""index.cohort_evidence.training_status""}"
train-0b697c6f17af4b46,original500_recovered,,burgers,fno,rollout,vertical_lines_50pct,20260804,cb7b6aedc56dd4cfc5a43fd6f5228f882f8b5e74ea8ab3745849e763385e5f24,3a47ea5369247245f33cd6760aca12fa9870c45fd71396552b58c8a1799ca886,7201ce35b239b9f1e322da82843ad1571d4c96109c61edc15bc05465b70449fd,adam,0.001,0.0001,step,"{""scheduler_gamma"": 0.5, ""scheduler_step_size"": 100}",1.0,8,1,1,False,500,500,112500,112500,equal,900000,pdeobs.dynamic-method-budget/2026-09-14-r3,max_epochs_500,completed,"complete_valid (nine strict blocks, 200 identities each)",<COMMIT-1>,2026-09-25 (pdeobs-prediction-verification/20260925-v1),"{""actual_examples_processed"": ""derived: completed epochs x 1800 training records; code: src/pdeobs/runner.py::_loader batches the 1800 training records without drop_last in one process; src/pdeobs/training.py takes one optimizer update per batch (no gradient accumulation)"", ""actual_optimizer_updates"": ""archived_campaign index health.optimizer_steps (health.json of the credited attempt)"", ""batch_size/optimizer/schedule"": ""resolved.yaml of the released model (digest bound to the verification index)"", ""completed_epochs"": ""prediction_verification index actual_epochs (history entries of the credited checkpoint)"", ""planned_epochs"": ""index.cohort_evidence.planned_epochs"", ""segment_note"": null, ""stop_reason"": ""derived: completed == planned == 500 and no early stopping configured"", ""training_status"": ""index.cohort_evidence.training_status""}"
train-d262a5cd35cf78fa,original500,,burgers,gnot,rollout,block_observed_50pct,20260804,cb7b6aedc56dd4cfc5a43fd6f5228f882f8b5e74ea8ab3745849e763385e5f24,04f5d5b2fec561997190ce1bf739246cd29c91309b66808f1a5728810bc86af7,e50f49f1ad7a50d1d7c2dc661e78400224762e4bdaf57b5d429c811458202f5e,adamw,0.001,5e-05,one_cycle,"{""epochs"": 500, ""scheduler_anneal_strategy"": ""cos"", ""scheduler_div_factor"": 10000.0, ""scheduler_final_div_factor"": 10000.0, ""scheduler_pct_start"": 0.2}",1000.0,4,1,1,False,500,500,225000,225000,equal,900000,fixed_500_epochs_last_checkpoint (original protocol; derived from planned epochs and no early stopping),max_epochs_500,completed,"complete_valid (nine strict blocks, 200 identities each)",<COMMIT-1>,2026-09-25 (pdeobs-prediction-verification/20260925-v1),"{""actual_examples_processed"": ""derived: completed epochs x 1800 training records; code: src/pdeobs/runner.py::_loader batches the 1800 training records without drop_last in one process; src/pdeobs/training.py takes one optimizer update per batch (no gradient accumulation)"", ""actual_optimizer_updates"": ""archived_campaign index health.optimizer_steps (health.json of the credited attempt)"", ""batch_size/optimizer/schedule"": ""resolved.yaml of the released model (digest bound to the verification index)"", ""completed_epochs"": ""prediction_verification index actual_epochs (history entries of the credited checkpoint)"", ""planned_epochs"": ""index.cohort_evidence.planned_epochs"", ""segment_note"": null, ""stop_reason"": ""derived: completed == planned == 500 and no early stopping configured"", ""training_status"": ""index.cohort_evidence.training_status""}"
train-b06c777f7493c40c,fixed200_recovered,,burgers,gnot,rollout,boundary_band_50pct,20260804,cb7b6aedc56dd4cfc5a43fd6f5228f882f8b5e74ea8ab3745849e763385e5f24,cc7b84d16a681d5254f708255f9085ec10bb5f2d336650c5d88c3f38b5a7cf9e,db59f8a450cd6bf2db7d783806ffae9f5201ba2639187830371d8980e55cb9bc,adamw,0.001,5e-05,one_cycle,"{""epochs"": 200, ""scheduler_anneal_strategy"": ""cos"", ""scheduler_div_factor"": 10000.0, ""scheduler_final_div_factor"": 10000.0, ""scheduler_pct_start"": 0.2}",1000.0,4,1,1,False,200,200,90000,90000,equal,360000,pdeobs.dynamic-method-budget/2026-09-14-r3,unknown,completed,"complete_valid (nine strict blocks, 200 identities each)",<COMMIT-1>,2026-09-25 (pdeobs-prediction-verification/20260925-v1),"{""actual_examples_processed"": ""derived: completed epochs x 1800 training records; code: src/pdeobs/runner.py::_loader batches the 1800 training records without drop_last in one process; src/pdeobs/training.py takes one optimizer update per batch (no gradient accumulation)"", ""actual_optimizer_updates"": ""archived_campaign index health.optimizer_steps (health.json of the credited attempt)"", ""batch_size/optimizer/schedule"": ""resolved.yaml of the released model (digest bound to the verification index)"", ""completed_epochs"": ""prediction_verification index actual_epochs (history entries of the credited checkpoint)"", ""planned_epochs"": ""index.cohort_evidence.planned_epochs"", ""segment_note"": null, ""stop_reason"": ""no stop reason recorded"", ""training_status"": ""index.cohort_evidence.training_status""}"
train-e9f2e9cc3586785d,fixed200_recovered,,burgers,gnot,rollout,clustered_50pct,20260804,cb7b6aedc56dd4cfc5a43fd6f5228f882f8b5e74ea8ab3745849e763385e5f24,51297c48f4ba35e005f25bfd1b6a5726648c6dafb91f6126fb3100e4734ba402,906a090e61f37a95e803206591ad7b6311e6e481ab4c29ec9ec8d9d3fa0ad152,adamw,0.001,5e-05,one_cycle,"{""epochs"": 200, ""scheduler_anneal_strategy"": ""cos"", ""scheduler_div_factor"": 10000.0, ""scheduler_final_div_factor"": 10000.0, ""scheduler_pct_start"": 0.2}",1000.0,4,1,1,False,200,200,90000,90000,equal,360000,pdeobs.dynamic-method-budget/2026-09-14-r3,unknown,completed,"complete_valid (nine strict blocks, 200 identities each)",<COMMIT-1>,2026-09-25 (pdeobs-prediction-verification/20260925-v1),"{""actual_examples_processed"": ""derived: completed epochs x 1800 training records; code: src/pdeobs/runner.py::_loader batches the 1800 training records without drop_last in one process; src/pdeobs/training.py takes one optimizer update per batch (no gradient accumulation)"", ""actual_optimizer_updates"": ""archived_campaign index health.optimizer_steps (health.json of the credited attempt)"", ""batch_size/optimizer/schedule"": ""resolved.yaml of the released model (digest bound to the verification index)"", ""completed_epochs"": ""prediction_verification index actual_epochs (history entries of the credited checkpoint)"", ""planned_epochs"": ""index.cohort_evidence.planned_epochs"", ""segment_note"": null, ""stop_reason"": ""no stop reason recorded"", ""training_status"": ""index.cohort_evidence.training_status""}"
train-1b991f8276a95482,original500,,burgers,gnot,rollout,horizontal_lines_50pct,20260804,cb7b6aedc56dd4cfc5a43fd6f5228f882f8b5e74ea8ab3745849e763385e5f24,1d00ce8389fe0e4c9a796494c7416611a046b14afc2a7ce90f438633fa574229,86390db598f17764bd6a54558c630f9544402d3fa699ee8705dd89fc902d63ae,adamw,0.001,5e-05,one_cycle,"{""epochs"": 500, ""scheduler_anneal_strategy"": ""cos"", ""scheduler_div_factor"": 10000.0, ""scheduler_final_div_factor"": 10000.0, ""scheduler_pct_start"": 0.2}",1000.0,4,1,1,False,500,500,225000,225000,equal,900000,fixed_500_epochs_last_checkpoint (original protocol; derived from planned epochs and no early stopping),max_epochs_500,completed,"complete_valid (nine strict blocks, 200 identities each)",<COMMIT-1>,2026-09-25 (pdeobs-prediction-verification/20260925-v1),"{""actual_examples_processed"": ""derived: completed epochs x 1800 training records; code: src/pdeobs/runner.py::_loader batches the 1800 training records without drop_last in one process; src/pdeobs/training.py takes one optimizer update per batch (no gradient accumulation)"", ""actual_optimizer_updates"": ""archived_campaign index health.optimizer_steps (health.json of the credited attempt)"", ""batch_size/optimizer/schedule"": ""resolved.yaml of the released model (digest bound to the verification index)"", ""completed_epochs"": ""prediction_verification index actual_epochs (history entries of the credited checkpoint)"", ""planned_epochs"": ""index.cohort_evidence.planned_epochs"", ""segment_note"": null, ""stop_reason"": ""derived: completed == planned == 500 and no early stopping configured"", ""training_status"": ""index.cohort_evidence.training_status""}"
train-5ada29eb386a5a59,budget200_patience10_no_floor,,burgers,gnot,rollout,line_sensors_50pct,20260804,cb7b6aedc56dd4cfc5a43fd6f5228f882f8b5e74ea8ab3745849e763385e5f24,061019f8febf04203cdf041edf5eec7638cb9d8a6aa8c1dc1ba49b05038302f8,0020ba3c8c1bd3940f05a88349068e38a3e30807d91f846be019400319914f7b,adamw,0.001,5e-05,one_cycle,"{""epochs"": 200, ""scheduler_anneal_strategy"": ""cos"", ""scheduler_div_factor"": 10000.0, ""scheduler_final_div_factor"": 10000.0, ""scheduler_pct_start"": 0.2}",1000.0,4,1,1,False,200,200,90000,90000,equal,360000,pdeobs.max200-train-data-patience10/20260920,max_epochs_200,completed,"complete_valid (nine strict blocks, 200 identities each)",<COMMIT-1>,2026-09-25 (pdeobs-prediction-verification/20260925-v1),"{""actual_examples_processed"": ""derived: completed epochs x 1800 training records; code: src/pdeobs/runner.py::_loader batches the 1800 training records without drop_last in one process; src/pdeobs/training.py takes one optimizer update per batch (no gradient accumulation)"", ""actual_optimizer_updates"": ""archived_campaign index health.optimizer_steps (health.json of the credited attempt)"", ""batch_size/optimizer/schedule"": ""resolved.yaml of the released model (digest bound to the verification index)"", ""completed_epochs"": ""prediction_verification index actual_epochs (history entries of the credited checkpoint)"", ""planned_epochs"": ""index.cohort_evidence.planned_epochs"", ""segment_note"": null, ""stop_reason"": ""index.stop_reason"", ""training_status"": ""index.cohort_evidence.training_status""}"
train-3856572c87480fc9,fixed200_recovered,,burgers,gnot,rollout,random_50pct,20260804,cb7b6aedc56dd4cfc5a43fd6f5228f882f8b5e74ea8ab3745849e763385e5f24,afb409a158e5a3ddaedfa2ac029113af2b9ac376c655afd6be9ed86b9e211d28,121efce69df914d763e560b00c635c9c99e98c420776fae30f59fe2856fa2eb1,adamw,0.001,5e-05,one_cycle,"{""epochs"": 200, ""scheduler_anneal_strategy"": ""cos"", ""scheduler_div_factor"": 10000.0, ""scheduler_final_div_factor"": 10000.0, ""scheduler_pct_start"": 0.2}",1000.0,4,1,1,False,200,200,90000,90000,equal,360000,pdeobs.dynamic-method-budget/2026-09-14-r3,unknown,completed,"complete_valid (nine strict blocks, 200 identities each)",<COMMIT-1>,2026-09-25 (pdeobs-prediction-verification/20260925-v1),"{""actual_examples_processed"": ""derived: completed epochs x 1800 training records; code: src/pdeobs/runner.py::_loader batches the 1800 training records without drop_last in one process; src/pdeobs/training.py takes one optimizer update per batch (no gradient accumulation)"", ""actual_optimizer_updates"": ""archived_campaign index health.optimizer_steps (health.json of the credited attempt)"", ""batch_size/optimizer/schedule"": ""resolved.yaml of the released model (digest bound to the verification index)"", ""completed_epochs"": ""prediction_verification index actual_epochs (history entries of the credited checkpoint)"", ""planned_epochs"": ""index.cohort_evidence.planned_epochs"", ""segment_note"": null, ""stop_reason"": ""no stop reason recorded"", ""training_status"": ""index.cohort_evidence.training_status""}"
train-b92911fe217752f5,fixed200_recovered,,burgers,gnot,rollout,random_65pct,20260804,cb7b6aedc56dd4cfc5a43fd6f5228f882f8b5e74ea8ab3745849e763385e5f24,27efbff59b10dc4ad6ddce10a976142bffc40d2d067e379970c7bafda63c5cd8,b6e8d715e0ab2ad12ff767df44b27ad80bdac75ed6e2b3a75aca8b6b73a2ec11,adamw,0.001,5e-05,one_cycle,"{""epochs"": 200, ""scheduler_anneal_strategy"": ""cos"", ""scheduler_div_factor"": 10000.0, ""scheduler_final_div_factor"": 10000.0, ""scheduler_pct_start"": 0.2}",1000.0,4,1,1,False,200,200,90000,90000,equal,360000,pdeobs.dynamic-method-budget/2026-09-14-r3,unknown,completed,"complete_valid (nine strict blocks, 200 identities each)",<COMMIT-1>,2026-09-25 (pdeobs-prediction-verification/20260925-v1),"{""actual_examples_processed"": ""derived: completed epochs x 1800 training records; code: src/pdeobs/runner.py::_loader batches the 1800 training records without drop_last in one process; src/pdeobs/training.py takes one optimizer update per batch (no gradient accumulation)"", ""actual_optimizer_updates"": ""archived_campaign index health.optimizer_steps (health.json of the credited attempt)"", ""batch_size/optimizer/schedule"": ""resolved.yaml of the released model (digest bound to the verification index)"", ""completed_epochs"": ""prediction_verification index actual_epochs (history entries of the credited checkpoint)"", ""planned_epochs"": ""index.cohort_evidence.planned_epochs"", ""segment_note"": null, ""stop_reason"": ""no stop reason recorded"", ""training_status"": ""index.cohort_evidence.training_status""}"
train-9e909daf2476825c,fixed200_recovered,,burgers,gnot,rollout,random_80pct,20260804,cb7b6aedc56dd4cfc5a43fd6f5228f882f8b5e74ea8ab3745849e763385e5f24,5381b83a81981dee601af751862544843b256c312da410b422b263fa2455aa19,e4c0aae377bb9cd7588461c73f2c135a0fd0b9005ecf720afdb9db82dbfbb799,adamw,0.001,5e-05,one_cycle,"{""epochs"": 200, ""scheduler_anneal_strategy"": ""cos"", ""scheduler_div_factor"": 10000.0, ""scheduler_final_div_factor"": 10000.0, ""scheduler_pct_start"": 0.2}",1000.0,4,1,1,False,200,200,90000,90000,equal,360000,pdeobs.dynamic-method-budget/2026-09-14-r3,unknown,completed,"complete_valid (nine strict blocks, 200 identities each)",<COMMIT-1>,2026-09-25 (pdeobs-prediction-verification/20260925-v1),"{""actual_examples_processed"": ""derived: completed epochs x 1800 training records; code: src/pdeobs/runner.py::_loader batches the 1800 training records without drop_last in one process; src/pdeobs/training.py takes one optimizer update per batch (no gradient accumulation)"", ""actual_optimizer_updates"": ""archived_campaign index health.optimizer_steps (health.json of the credited attempt)"", ""batch_size/optimizer/schedule"": ""resolved.yaml of the released model (digest bound to the verification index)"", ""completed_epochs"": ""prediction_verification index actual_epochs (history entries of the credited checkpoint)"", ""planned_epochs"": ""index.cohort_evidence.planned_epochs"", ""segment_note"": null, ""stop_reason"": ""no stop reason recorded"", ""training_status"": ""index.cohort_evidence.training_status""}"
train-2c91e2e0c830fa20,fixed200_recovered,,burgers,gnot,rollout,vertical_lines_50pct,20260804,cb7b6aedc56dd4cfc5a43fd6f5228f882f8b5e74ea8ab3745849e763385e5f24,e13938cf2c0bee795bd8f2bf4d61278d41dcf57f1922a8113f5854756007cfd6,bd8c2654e42efe6f12cadc50cc71b04a33c030898b9005503acf04de40ed23c3,adamw,0.001,5e-05,one_cycle,"{""epochs"": 200, ""scheduler_anneal_strategy"": ""cos"", ""scheduler_div_factor"": 10000.0, ""scheduler_final_div_factor"": 10000.0, ""scheduler_pct_start"": 0.2}",1000.0,4,1,1,False,200,200,90000,90000,equal,360000,pdeobs.dynamic-method-budget/2026-09-14-r3,unknown,completed,"complete_valid (nine strict blocks, 200 identities each)",<COMMIT-1>,2026-09-25 (pdeobs-prediction-verification/20260925-v1),"{""actual_examples_processed"": ""derived: completed epochs x 1800 training records; code: src/pdeobs/runner.py::_loader batches the 1800 training records without drop_last in one process; src/pdeobs/training.py takes one optimizer update per batch (no gradient accumulation)"", ""actual_optimizer_updates"": ""archived_campaign index health.optimizer_steps (health.json of the credited attempt)"", ""batch_size/optimizer/schedule"": ""resolved.yaml of the released model (digest bound to the verification index)"", ""completed_epochs"": ""prediction_verification index actual_epochs (history entries of the credited checkpoint)"", ""planned_epochs"": ""index.cohort_evidence.planned_epochs"", ""segment_note"": null, ""stop_reason"": ""no stop reason recorded"", ""training_status"": ""index.cohort_evidence.training_status""}"
train-dd1e1cf11ecbdbde,original500,,burgers,pino,rollout,block_observed_50pct,20260804,cb7b6aedc56dd4cfc5a43fd6f5228f882f8b5e74ea8ab3745849e763385e5f24,d632849b30abe673a55a8ca88686d1c66ccb18ffbb469a208fb4457179398116,3b7c8b392c0e507f5e83904a928c42171d71f7e1f13e5241eef3430917adc47c,adam,0.001,0.0,step,"{""scheduler_gamma"": 0.5, ""scheduler_step_size"": 100}",1.0,4,1,1,False,500,500,225000,225000,equal,900000,fixed_500_epochs_last_checkpoint (original protocol; derived from planned epochs and no early stopping),max_epochs_500,completed,"complete_valid (nine strict blocks, 200 identities each)",<COMMIT-1>,2026-09-25 (pdeobs-prediction-verification/20260925-v1),"{""actual_examples_processed"": ""derived: completed epochs x 1800 training records; code: src/pdeobs/runner.py::_loader batches the 1800 training records without drop_last in one process; src/pdeobs/training.py takes one optimizer update per batch (no gradient accumulation)"", ""actual_optimizer_updates"": ""archived_campaign index health.optimizer_steps (health.json of the credited attempt)"", ""batch_size/optimizer/schedule"": ""resolved.yaml of the released model (digest bound to the verification index)"", ""completed_epochs"": ""prediction_verification index actual_epochs (history entries of the credited checkpoint)"", ""planned_epochs"": ""index.cohort_evidence.planned_epochs"", ""segment_note"": null, ""stop_reason"": ""derived: completed == planned == 500 and no early stopping configured"", ""training_status"": ""index.cohort_evidence.training_status""}"
train-a51f415321a39fba,original500_recovered,,burgers,pino,rollout,boundary_band_50pct,20260804,cb7b6aedc56dd4cfc5a43fd6f5228f882f8b5e74ea8ab3745849e763385e5f24,a98888a604a564330efb344f37906fbe297481d51a96cf0b94a7d5dd77c058cb,56e2517e2440b1344d4cd939cc4ae9020e69e3e2a7fbd58d146e44eeb06c36f3,adam,0.001,0.0,step,"{""scheduler_gamma"": 0.5, ""scheduler_step_size"": 100}",1.0,4,1,1,False,500,500,225000,225000,equal,900000,pdeobs.dynamic-method-budget/2026-09-14-r3,max_epochs_500,completed,"complete_valid (nine strict blocks, 200 identities each)",<COMMIT-1>,2026-09-25 (pdeobs-prediction-verification/20260925-v1),"{""actual_examples_processed"": ""derived: completed epochs x 1800 training records; code: src/pdeobs/runner.py::_loader batches the 1800 training records without drop_last in one process; src/pdeobs/training.py takes one optimizer update per batch (no gradient accumulation)"", ""actual_optimizer_updates"": ""archived_campaign index health.optimizer_steps (health.json of the credited attempt)"", ""batch_size/optimizer/schedule"": ""resolved.yaml of the released model (digest bound to the verification index)"", ""completed_epochs"": ""prediction_verification index actual_epochs (history entries of the credited checkpoint)"", ""planned_epochs"": ""index.cohort_evidence.planned_epochs"", ""segment_note"": null, ""stop_reason"": ""derived: completed == planned == 500 and no early stopping configured"", ""training_status"": ""index.cohort_evidence.training_status""}"
train-1e2a89eb931dd67e,original500_recovered,,burgers,pino,rollout,clustered_50pct,20260804,cb7b6aedc56dd4cfc5a43fd6f5228f882f8b5e74ea8ab3745849e763385e5f24,9a26c0aa45394a750f04f711a2bfb693fcede2a5f145d225dc4c54269257706f,fccc11e38ec35b76b5e2220e8bcb2fa8d2c97215e60538bea6120dc5f92fd941,adam,0.001,0.0,step,"{""scheduler_gamma"": 0.5, ""scheduler_step_size"": 100}",1.0,4,1,1,False,500,500,225000,225000,equal,900000,pdeobs.dynamic-method-budget/2026-09-14-r3,max_epochs_500,completed,"complete_valid (nine strict blocks, 200 identities each)",<COMMIT-1>,2026-09-25 (pdeobs-prediction-verification/20260925-v1),"{""actual_examples_processed"": ""derived: completed epochs x 1800 training records; code: src/pdeobs/runner.py::_loader batches the 1800 training records without drop_last in one process; src/pdeobs/training.py takes one optimizer update per batch (no gradient accumulation)"", ""actual_optimizer_updates"": ""archived_campaign index health.optimizer_steps (health.json of the credited attempt)"", ""batch_size/optimizer/schedule"": ""resolved.yaml of the released model (digest bound to the verification index)"", ""completed_epochs"": ""prediction_verification index actual_epochs (history entries of the credited checkpoint)"", ""planned_epochs"": ""index.cohort_evidence.planned_epochs"", ""segment_note"": null, ""stop_reason"": ""derived: completed == planned == 500 and no early stopping configured"", ""training_status"": ""index.cohort_evidence.training_status""}"
train-c591060a01d5431e,original500,,burgers,pino,rollout,horizontal_lines_50pct,20260804,cb7b6aedc56dd4cfc5a43fd6f5228f882f8b5e74ea8ab3745849e763385e5f24,bd9ca4ec400d01ad93bd57068e0d5434991e95db5351e639dac735919a5664a5,a1e395fb10c6d3aefef649a98d712f28592ad9dc34fa0863f33b854ca5a6554d,adam,0.001,0.0,step,"{""scheduler_gamma"": 0.5, ""scheduler_step_size"": 100}",1.0,4,1,1,False,500,500,225000,225000,equal,900000,fixed_500_epochs_last_checkpoint (original protocol; derived from planned epochs and no early stopping),max_epochs_500,completed,"complete_valid (nine strict blocks, 200 identities each)",<COMMIT-1>,2026-09-25 (pdeobs-prediction-verification/20260925-v1),"{""actual_examples_processed"": ""derived: completed epochs x 1800 training records; code: src/pdeobs/runner.py::_loader batches the 1800 training records without drop_last in one process; src/pdeobs/training.py takes one optimizer update per batch (no gradient accumulation)"", ""actual_optimizer_updates"": ""archived_campaign index health.optimizer_steps (health.json of the credited attempt)"", ""batch_size/optimizer/schedule"": ""resolved.yaml of the released model (digest bound to the verification index)"", ""completed_epochs"": ""prediction_verification index actual_epochs (history entries of the credited checkpoint)"", ""planned_epochs"": ""index.cohort_evidence.planned_epochs"", ""segment_note"": null, ""stop_reason"": ""derived: completed == planned == 500 and no early stopping configured"", ""training_status"": ""index.cohort_evidence.training_status""}"
train-599bd7c978740768,original500_recovered,,burgers,pino,rollout,line_sensors_50pct,20260804,cb7b6aedc56dd4cfc5a43fd6f5228f882f8b5e74ea8ab3745849e763385e5f24,562d440b354e9abc3c94da5eb8d1c79bee793605405b94a00f8968005da4b9d8,a00ab67fb52b0e6da37a3e4d48076dc376f870209f10aa25c4a7444a2585cd9c,adam,0.001,0.0,step,"{""scheduler_gamma"": 0.5, ""scheduler_step_size"": 100}",1.0,4,1,1,False,500,500,225000,225000,equal,900000,pdeobs.dynamic-method-budget/2026-09-14-r3,max_epochs_500,completed,"complete_valid (nine strict blocks, 200 identities each)",<COMMIT-1>,2026-09-25 (pdeobs-prediction-verification/20260925-v1),"{""actual_examples_processed"": ""derived: completed epochs x 1800 training records; code: src/pdeobs/runner.py::_loader batches the 1800 training records without drop_last in one process; src/pdeobs/training.py takes one optimizer update per batch (no gradient accumulation)"", ""actual_optimizer_updates"": ""archived_campaign index health.optimizer_steps (health.json of the credited attempt)"", ""batch_size/optimizer/schedule"": ""resolved.yaml of the released model (digest bound to the verification index)"", ""completed_epochs"": ""prediction_verification index actual_epochs (history entries of the credited checkpoint)"", ""planned_epochs"": ""index.cohort_evidence.planned_epochs"", ""segment_note"": null, ""stop_reason"": ""derived: completed == planned == 500 and no early stopping configured"", ""training_status"": ""index.cohort_evidence.training_status""}"
train-561806702066cfbc,original500_recovered,,burgers,pino,rollout,random_50pct,20260804,cb7b6aedc56dd4cfc5a43fd6f5228f882f8b5e74ea8ab3745849e763385e5f24,3beffdf5528ba5eb0b30c0487f48eb7dde62bb2b308f799411898d50b7ec0280,603dabb59e532136eeaa7e89e27c95348759b591f2412013231f5eb5e20b4ade,adam,0.001,0.0,step,"{""scheduler_gamma"": 0.5, ""scheduler_step_size"": 100}",1.0,4,1,1,False,500,500,225000,225000,equal,900000,pdeobs.dynamic-method-budget/2026-09-14-r3,max_epochs_500,completed,"complete_valid (nine strict blocks, 200 identities each)",<COMMIT-1>,2026-09-25 (pdeobs-prediction-verification/20260925-v1),"{""actual_examples_processed"": ""derived: completed epochs x 1800 training records; code: src/pdeobs/runner.py::_loader batches the 1800 training records without drop_last in one process; src/pdeobs/training.py takes one optimizer update per batch (no gradient accumulation)"", ""actual_optimizer_updates"": ""archived_campaign index health.optimizer_steps (health.json of the credited attempt)"", ""batch_size/optimizer/schedule"": ""resolved.yaml of the released model (digest bound to the verification index)"", ""completed_epochs"": ""prediction_verification index actual_epochs (history entries of the credited checkpoint)"", ""planned_epochs"": ""index.cohort_evidence.planned_epochs"", ""segment_note"": null, ""stop_reason"": ""derived: completed == planned == 500 and no early stopping configured"", ""training_status"": ""index.cohort_evidence.training_status""}"
train-e468221fd9750d82,original500,,burgers,pino,rollout,random_65pct,20260804,cb7b6aedc56dd4cfc5a43fd6f5228f882f8b5e74ea8ab3745849e763385e5f24,ab974f4e6e66551e59de35dda24169d54492bbd8b0b4bfed9b26c95e1866d668,3a1803cdaa8429505a46a026a536562b0c0844f3eca118f1df02057ca028ecb3,adam,0.001,0.0,step,"{""scheduler_gamma"": 0.5, ""scheduler_step_size"": 100}",1.0,4,1,1,False,500,500,225000,225000,equal,900000,fixed_500_epochs_last_checkpoint (original protocol; derived from planned epochs and no early stopping),max_epochs_500,completed,"complete_valid (nine strict blocks, 200 identities each)",<COMMIT-1>,2026-09-25 (pdeobs-prediction-verification/20260925-v1),"{""actual_examples_processed"": ""derived: completed epochs x 1800 training records; code: src/pdeobs/runner.py::_loader batches the 1800 training records without drop_last in one process; src/pdeobs/training.py takes one optimizer update per batch (no gradient accumulation)"", ""actual_optimizer_updates"": ""archived_campaign index health.optimizer_steps (health.json of the credited attempt)"", ""batch_size/optimizer/schedule"": ""resolved.yaml of the released model (digest bound to the verification index)"", ""completed_epochs"": ""prediction_verification index actual_epochs (history entries of the credited checkpoint)"", ""planned_epochs"": ""index.cohort_evidence.planned_epochs"", ""segment_note"": null, ""stop_reason"": ""derived: completed == planned == 500 and no early stopping configured"", ""training_status"": ""index.cohort_evidence.training_status""}"
train-b154459d30e53d34,original500,,burgers,pino,rollout,random_80pct,20260804,cb7b6aedc56dd4cfc5a43fd6f5228f882f8b5e74ea8ab3745849e763385e5f24,f539588053973df7b2ca662aa3011926809bca2d6a9cb5f4dbf6ca11d20374a6,78cdbbb537b0ee8cddf357fefa94f00bba14e7400bf780eb29fd6d11b5bb28a1,adam,0.001,0.0,step,"{""scheduler_gamma"": 0.5, ""scheduler_step_size"": 100}",1.0,4,1,1,False,500,500,225000,225000,equal,900000,fixed_500_epochs_last_checkpoint (original protocol; derived from planned epochs and no early stopping),max_epochs_500,completed,"complete_valid (nine strict blocks, 200 identities each)",<COMMIT-1>,2026-09-25 (pdeobs-prediction-verification/20260925-v1),"{""actual_examples_processed"": ""derived: completed epochs x 1800 training records; code: src/pdeobs/runner.py::_loader batches the 1800 training records without drop_last in one process; src/pdeobs/training.py takes one optimizer update per batch (no gradient accumulation)"", ""actual_optimizer_updates"": ""archived_campaign index health.optimizer_steps (health.json of the credited attempt)"", ""batch_size/optimizer/schedule"": ""resolved.yaml of the released model (digest bound to the verification index)"", ""completed_epochs"": ""prediction_verification index actual_epochs (history entries of the credited checkpoint)"", ""planned_epochs"": ""index.cohort_evidence.planned_epochs"", ""segment_note"": null, ""stop_reason"": ""derived: completed == planned == 500 and no early stopping configured"", ""training_status"": ""index.cohort_evidence.training_status""}"
train-057b003e428cc3e7,original500_recovered,,burgers,pino,rollout,vertical_lines_50pct,20260804,cb7b6aedc56dd4cfc5a43fd6f5228f882f8b5e74ea8ab3745849e763385e5f24,f0c0148fd99ed2ba37f9dd8d0e305d53f83218d47b119340147a9e7f221f73de,ab792c067dbc4240316fc04608c4df8d5168a8383c9361e2ec4f07e3d3db39d3,adam,0.001,0.0,step,"{""scheduler_gamma"": 0.5, ""scheduler_step_size"": 100}",1.0,4,1,1,False,500,500,225000,225000,equal,900000,pdeobs.dynamic-method-budget/2026-09-14-r3,max_epochs_500,completed,"complete_valid (nine strict blocks, 200 identities each)",<COMMIT-1>,2026-09-25 (pdeobs-prediction-verification/20260925-v1),"{""actual_examples_processed"": ""derived: completed epochs x 1800 training records; code: src/pdeobs/runner.py::_loader batches the 1800 training records without drop_last in one process; src/pdeobs/training.py takes one optimizer update per batch (no gradient accumulation)"", ""actual_optimizer_updates"": ""archived_campaign index health.optimizer_steps (health.json of the credited attempt)"", ""batch_size/optimizer/schedule"": ""resolved.yaml of the released model (digest bound to the verification index)"", ""completed_epochs"": ""prediction_verification index actual_epochs (history entries of the credited checkpoint)"", ""planned_epochs"": ""index.cohort_evidence.planned_epochs"", ""segment_note"": null, ""stop_reason"": ""derived: completed == planned == 500 and no early stopping configured"", ""training_status"": ""index.cohort_evidence.training_status""}"
train-dc1557ea78c319c8,budget200_min120,,burgers,transolver,rollout,block_observed_50pct,20260804,cb7b6aedc56dd4cfc5a43fd6f5228f882f8b5e74ea8ab3745849e763385e5f24,6f0c2c36722b23432b3feb9d256a6147faa08db1ec126e2206dc332110d22e7e,83bc70aa5cd66156521d81507e162d0def6c7cc7faaff48765808a9fd97b2453,adamw,0.0005,1e-05,one_cycle,"{""epochs"": 200, ""scheduler_anneal_strategy"": ""cos"", ""scheduler_div_factor"": 25.0, ""scheduler_final_div_factor"": 10000.0, ""scheduler_pct_start"": 0.3}",1.0,2,1,1,False,200,200,180000,180000,equal,360000,pdeobs.max200-min120-then-train-data-patience10/20260920,max_epochs_200,completed,"complete_valid (nine strict blocks, 200 identities each)",<COMMIT-1>,2026-09-25 (pdeobs-prediction-verification/20260925-v1),"{""actual_examples_processed"": ""derived: completed epochs x 1800 training records; code: src/pdeobs/runner.py::_loader batches the 1800 training records without drop_last in one process; src/pdeobs/training.py takes one optimizer update per batch (no gradient accumulation)"", ""actual_optimizer_updates"": ""archived_campaign index health.optimizer_steps (health.json of the credited attempt)"", ""batch_size/optimizer/schedule"": ""resolved.yaml of the released model (digest bound to the verification index)"", ""completed_epochs"": ""prediction_verification index actual_epochs (history entries of the credited checkpoint)"", ""planned_epochs"": ""index.cohort_evidence.planned_epochs"", ""segment_note"": null, ""stop_reason"": ""index.stop_reason"", ""training_status"": ""index.cohort_evidence.training_status""}"
train-cdccb9a4d1e21e05,budget200_patience10_no_floor,,burgers,transolver,rollout,boundary_band_50pct,20260804,cb7b6aedc56dd4cfc5a43fd6f5228f882f8b5e74ea8ab3745849e763385e5f24,465113da05090ccb7a5b7e3ffcc77cda7e00fafeb58aca6dd539dad4cac1b10d,bf0b67958518d8af1d64a1decc98e5ca8acd00369740c4d404aa59f9e7541baa,adamw,0.001,1e-05,one_cycle,"{""epochs"": 200, ""scheduler_anneal_strategy"": ""cos"", ""scheduler_div_factor"": 25.0, ""scheduler_final_div_factor"": 10000.0, ""scheduler_pct_start"": 0.3}",,2,1,1,False,200,73,65700,65700,equal,131400,pdeobs.max200-train-data-patience10/20260920,train_data_patience_10,completed,"complete_valid (nine strict blocks, 200 identities each)",<COMMIT-1>,2026-09-25 (pdeobs-prediction-verification/20260925-v1),"{""actual_examples_processed"": ""derived: completed epochs x 1800 training records; code: src/pdeobs/runner.py::_loader batches the 1800 training records without drop_last in one process; src/pdeobs/training.py takes one optimizer update per batch (no gradient accumulation)"", ""actual_optimizer_updates"": ""archived_campaign index health.optimizer_steps (health.json of the credited attempt)"", ""batch_size/optimizer/schedule"": ""resolved.yaml of the released model (digest bound to the verification index)"", ""completed_epochs"": ""prediction_verification index actual_epochs (history entries of the credited checkpoint)"", ""planned_epochs"": ""index.cohort_evidence.planned_epochs"", ""segment_note"": null, ""stop_reason"": ""index.stop_reason"", ""training_status"": ""index.cohort_evidence.training_status""}"
train-77398350f925e30f,budget200_min120,,burgers,transolver,rollout,clustered_50pct,20260804,cb7b6aedc56dd4cfc5a43fd6f5228f882f8b5e74ea8ab3745849e763385e5f24,f58efa25318780b076102153f33181e79b1d6e228b71cd55cae6554ed3a1fc58,f4f2f818899cf0dfe3b950c320102abd7728cc48929152ea081888dfc9179562,adamw,0.0005,1e-05,one_cycle,"{""epochs"": 200, ""scheduler_anneal_strategy"": ""cos"", ""scheduler_div_factor"": 25.0, ""scheduler_final_div_factor"": 10000.0, ""scheduler_pct_start"": 0.3}",1.0,2,1,1,False,200,200,180000,180000,equal,360000,pdeobs.max200-min120-then-train-data-patience10/20260920,max_epochs_200,completed,"complete_valid (nine strict blocks, 200 identities each)",<COMMIT-1>,2026-09-25 (pdeobs-prediction-verification/20260925-v1),"{""actual_examples_processed"": ""derived: completed epochs x 1800 training records; code: src/pdeobs/runner.py::_loader batches the 1800 training records without drop_last in one process; src/pdeobs/training.py takes one optimizer update per batch (no gradient accumulation)"", ""actual_optimizer_updates"": ""archived_campaign index health.optimizer_steps (health.json of the credited attempt)"", ""batch_size/optimizer/schedule"": ""resolved.yaml of the released model (digest bound to the verification index)"", ""completed_epochs"": ""prediction_verification index actual_epochs (history entries of the credited checkpoint)"", ""planned_epochs"": ""index.cohort_evidence.planned_epochs"", ""segment_note"": null, ""stop_reason"": ""index.stop_reason"", ""training_status"": ""index.cohort_evidence.training_status""}"
train-b9e94d78c1a22d8a,budget200_min120,,burgers,transolver,rollout,horizontal_lines_50pct,20260804,cb7b6aedc56dd4cfc5a43fd6f5228f882f8b5e74ea8ab3745849e763385e5f24,8e0b9c80c589565754133654402024c70bbc538b79f331a02b01fb0f6bebe01e,4b4438470e289e35ba388d9531ed841171b5cd3274a92f391e814da0389b808f,adamw,0.0005,1e-05,one_cycle,"{""epochs"": 200, ""scheduler_anneal_strategy"": ""cos"", ""scheduler_div_factor"": 25.0, ""scheduler_final_div_factor"": 10000.0, ""scheduler_pct_start"": 0.3}",1.0,2,1,1,False,200,200,180000,180000,equal,360000,pdeobs.max200-min120-then-train-data-patience10/20260920,max_epochs_200,completed,"complete_valid (nine strict blocks, 200 identities each)",<COMMIT-1>,2026-09-25 (pdeobs-prediction-verification/20260925-v1),"{""actual_examples_processed"": ""derived: completed epochs x 1800 training records; code: src/pdeobs/runner.py::_loader batches the 1800 training records without drop_last in one process; src/pdeobs/training.py takes one optimizer update per batch (no gradient accumulation)"", ""actual_optimizer_updates"": ""archived_campaign index health.optimizer_steps (health.json of the credited attempt)"", ""batch_size/optimizer/schedule"": ""resolved.yaml of the released model (digest bound to the verification index)"", ""completed_epochs"": ""prediction_verification index actual_epochs (history entries of the credited checkpoint)"", ""planned_epochs"": ""index.cohort_evidence.planned_epochs"", ""segment_note"": null, ""stop_reason"": ""index.stop_reason"", ""training_status"": ""index.cohort_evidence.training_status""}"
train-b753166a6a45f472,budget200_min120,,burgers,transolver,rollout,line_sensors_50pct,20260804,cb7b6aedc56dd4cfc5a43fd6f5228f882f8b5e74ea8ab3745849e763385e5f24,1041d49335c6792e6a2fe18fea20f83fbcc376fdbb5f150b7113491f72731ba3,18b77681699b36c6337030b9cd62640d6c2b7f3e518a91898892707c487fee93,adamw,0.0005,1e-05,one_cycle,"{""epochs"": 200, ""scheduler_anneal_strategy"": ""cos"", ""scheduler_div_factor"": 25.0, ""scheduler_final_div_factor"": 10000.0, ""scheduler_pct_start"": 0.3}",1.0,2,1,1,False,200,200,180000,180000,equal,360000,pdeobs.max200-min120-then-train-data-patience10/20260920,max_epochs_200,completed,"complete_valid (nine strict blocks, 200 identities each)",<COMMIT-1>,2026-09-25 (pdeobs-prediction-verification/20260925-v1),"{""actual_examples_processed"": ""derived: completed epochs x 1800 training records; code: src/pdeobs/runner.py::_loader batches the 1800 training records without drop_last in one process; src/pdeobs/training.py takes one optimizer update per batch (no gradient accumulation)"", ""actual_optimizer_updates"": ""archived_campaign index health.optimizer_steps (health.json of the credited attempt)"", ""batch_size/optimizer/schedule"": ""resolved.yaml of the released model (digest bound to the verification index)"", ""completed_epochs"": ""prediction_verification index actual_epochs (history entries of the credited checkpoint)"", ""planned_epochs"": ""index.cohort_evidence.planned_epochs"", ""segment_note"": null, ""stop_reason"": ""index.stop_reason"", ""training_status"": ""index.cohort_evidence.training_status""}"
train-4c6e2dd7ed1df158,fixed200_recovered,continuation_of:operational-continuation-20260919T2255Z-r2.json;operational-continuation.json,burgers,transolver,rollout,random_50pct,20260804,cb7b6aedc56dd4cfc5a43fd6f5228f882f8b5e74ea8ab3745849e763385e5f24,cfb3ee3e0b05354fb415aac3f644a435b6dfc746b843daced5253f8bea99e16e,7ba102ab88fdfa860133c8002c5403d9fb44db33555f8df185cfe88db6066169,adamw,0.001,1e-05,one_cycle,"{""epochs"": 200, ""scheduler_anneal_strategy"": ""cos"", ""scheduler_div_factor"": 25.0, ""scheduler_final_div_factor"": 10000.0, ""scheduler_pct_start"": 0.3}",,2,1,1,False,200,200,180000,180000,equal,360000,pdeobs.dynamic-method-budget/2026-09-14-r3,unknown,completed,"complete_valid (nine strict blocks, 200 identities each)",<COMMIT-1>,2026-09-25 (pdeobs-prediction-verification/20260925-v1),"{""actual_examples_processed"": ""derived: completed epochs x 1800 training records; code: src/pdeobs/runner.py::_loader batches the 1800 training records without drop_last in one process; src/pdeobs/training.py takes one optimizer update per batch (no gradient accumulation)"", ""actual_optimizer_updates"": ""archived_campaign index health.optimizer_steps (health.json of the credited attempt)"", ""batch_size/optimizer/schedule"": ""resolved.yaml of the released model (digest bound to the verification index)"", ""completed_epochs"": ""prediction_verification index actual_epochs (history entries of the credited checkpoint)"", ""planned_epochs"": ""index.cohort_evidence.planned_epochs"", ""segment_note"": ""optimizer step counter and history may cover the last continuation segment only: operational-continuation-20260919T2255Z-r2.json;operational-continuation.json"", ""stop_reason"": ""no stop reason recorded"", ""training_status"": ""index.cohort_evidence.training_status""}"
train-9455a8cbd249e75c,fixed200_recovered,continuation_of:operational-continuation-20260919T2255Z-r2.json;operational-continuation.json,burgers,transolver,rollout,random_65pct,20260804,cb7b6aedc56dd4cfc5a43fd6f5228f882f8b5e74ea8ab3745849e763385e5f24,031731600f2bd32af18f710fe831ba5d32ba178d1c55ff009a9423deaf78de07,494d6d6aa08898aaf9aae681bbf11eb8c49ebcf75b11f931ca685d318192734e,adamw,0.001,1e-05,one_cycle,"{""epochs"": 200, ""scheduler_anneal_strategy"": ""cos"", ""scheduler_div_factor"": 25.0, ""scheduler_final_div_factor"": 10000.0, ""scheduler_pct_start"": 0.3}",,2,1,1,False,200,200,180000,180000,equal,360000,pdeobs.dynamic-method-budget/2026-09-14-r3,unknown,completed,"complete_valid (nine strict blocks, 200 identities each)",<COMMIT-1>,2026-09-25 (pdeobs-prediction-verification/20260925-v1),"{""actual_examples_processed"": ""derived: completed epochs x 1800 training records; code: src/pdeobs/runner.py::_loader batches the 1800 training records without drop_last in one process; src/pdeobs/training.py takes one optimizer update per batch (no gradient accumulation)"", ""actual_optimizer_updates"": ""archived_campaign index health.optimizer_steps (health.json of the credited attempt)"", ""batch_size/optimizer/schedule"": ""resolved.yaml of the released model (digest bound to the verification index)"", ""completed_epochs"": ""prediction_verification index actual_epochs (history entries of the credited checkpoint)"", ""planned_epochs"": ""index.cohort_evidence.planned_epochs"", ""segment_note"": ""optimizer step counter and history may cover the last continuation segment only: operational-continuation-20260919T2255Z-r2.json;operational-continuation.json"", ""stop_reason"": ""no stop reason recorded"", ""training_status"": ""index.cohort_evidence.training_status""}"
train-9e735d943bf596be,fixed200_recovered,,burgers,transolver,rollout,random_80pct,20260804,cb7b6aedc56dd4cfc5a43fd6f5228f882f8b5e74ea8ab3745849e763385e5f24,5ca6f7e010a055ca703e7ea01894404b933c475091263c9613a7a82294d4071f,538a979e7c994bb1a32d2463f7b5357c0be87217fdd71f1fb338652f9a34d19e,adamw,0.0005,1e-05,one_cycle,"{""epochs"": 200, ""scheduler_anneal_strategy"": ""cos"", ""scheduler_div_factor"": 25.0, ""scheduler_final_div_factor"": 10000.0, ""scheduler_pct_start"": 0.3}",,2,1,1,False,200,200,180000,180000,equal,360000,pdeobs.dynamic-method-budget/lrhalf-burgers-transolver-r80-20260919-r1,unknown,completed,"complete_valid (nine strict blocks, 200 identities each)",<COMMIT-1>,2026-09-25 (pdeobs-prediction-verification/20260925-v1),"{""actual_examples_processed"": ""derived: completed epochs x 1800 training records; code: src/pdeobs/runner.py::_loader batches the 1800 training records without drop_last in one process; src/pdeobs/training.py takes one optimizer update per batch (no gradient accumulation)"", ""actual_optimizer_updates"": ""archived_campaign index health.optimizer_steps (health.json of the credited attempt)"", ""batch_size/optimizer/schedule"": ""resolved.yaml of the released model (digest bound to the verification index)"", ""completed_epochs"": ""prediction_verification index actual_epochs (history entries of the credited checkpoint)"", ""planned_epochs"": ""index.cohort_evidence.planned_epochs"", ""segment_note"": null, ""stop_reason"": ""no stop reason recorded"", ""training_status"": ""index.cohort_evidence.training_status""}"
train-c15cbf7b39448b48,budget200_min120,,burgers,transolver,rollout,vertical_lines_50pct,20260804,cb7b6aedc56dd4cfc5a43fd6f5228f882f8b5e74ea8ab3745849e763385e5f24,b233bf54c4352ecebb7fd3e97378741ae5741ffa3dac34b4e49b2d41c5bb111a,173025da49494cb903fa5a2fca2db5a2d067ad643a94eeefe58d0ca70b7f1f79,adamw,0.0005,1e-05,one_cycle,"{""epochs"": 200, ""scheduler_anneal_strategy"": ""cos"", ""scheduler_div_factor"": 25.0, ""scheduler_final_div_factor"": 10000.0, ""scheduler_pct_start"": 0.3}",1.0,2,1,1,False,200,200,180000,180000,equal,360000,pdeobs.max200-min120-then-train-data-patience10/20260920,max_epochs_200,completed,"complete_valid (nine strict blocks, 200 identities each)",<COMMIT-1>,2026-09-25 (pdeobs-prediction-verification/20260925-v1),"{""actual_examples_processed"": ""derived: completed epochs x 1800 training records; code: src/pdeobs/runner.py::_loader batches the 1800 training records without drop_last in one process; src/pdeobs/training.py takes one optimizer update per batch (no gradient accumulation)"", ""actual_optimizer_updates"": ""archived_campaign index health.optimizer_steps (health.json of the credited attempt)"", ""batch_size/optimizer/schedule"": ""resolved.yaml of the released model (digest bound to the verification index)"", ""completed_epochs"": ""prediction_verification index actual_epochs (history entries of the credited checkpoint)"", ""planned_epochs"": ""index.cohort_evidence.planned_epochs"", ""segment_note"": null, ""stop_reason"": ""index.stop_reason"", ""training_status"": ""index.cohort_evidence.training_status""}"
train-0a6f3c62d5e297c7,original500_recovered,,burgers,ufno_2d,rollout,block_observed_50pct,20260804,cb7b6aedc56dd4cfc5a43fd6f5228f882f8b5e74ea8ab3745849e763385e5f24,c67ed3da0554eb738f3df2a872c99d6118f0fc5f644aed6e9d3386182ff54bbf,8a3b18285392a0e54fbe9c950ff1323abce1a088e3c8d92b907a6fbc0366be30,adam,0.001,0.0001,step,"{""scheduler_gamma"": 0.5, ""scheduler_step_size"": 100}",1.0,4,1,1,False,500,500,225000,225000,equal,900000,pdeobs.dynamic-method-budget/2026-09-14-r3,max_epochs_500,completed,"complete_valid (nine strict blocks, 200 identities each)",<COMMIT-1>,2026-09-25 (pdeobs-prediction-verification/20260925-v1),"{""actual_examples_processed"": ""derived: completed epochs x 1800 training records; code: src/pdeobs/runner.py::_loader batches the 1800 training records without drop_last in one process; src/pdeobs/training.py takes one optimizer update per batch (no gradient accumulation)"", ""actual_optimizer_updates"": ""archived_campaign index health.optimizer_steps (health.json of the credited attempt)"", ""batch_size/optimizer/schedule"": ""resolved.yaml of the released model (digest bound to the verification index)"", ""completed_epochs"": ""prediction_verification index actual_epochs (history entries of the credited checkpoint)"", ""planned_epochs"": ""index.cohort_evidence.planned_epochs"", ""segment_note"": null, ""stop_reason"": ""derived: completed == planned == 500 and no early stopping configured"", ""training_status"": ""index.cohort_evidence.training_status""}"
train-1f461e0d27e9ec99,original500_recovered,,burgers,ufno_2d,rollout,boundary_band_50pct,20260804,cb7b6aedc56dd4cfc5a43fd6f5228f882f8b5e74ea8ab3745849e763385e5f24,6362020c03c962f242457351ab2739bd21e05435deadaf7ded4ae2da9b355f5e,044a37303a614314f27859d965456aad03e5f5d1fc45db7c9c6a4fb04d26f61e,adam,0.001,0.0001,step,"{""scheduler_gamma"": 0.5, ""scheduler_step_size"": 100}",1.0,4,1,1,False,500,500,225000,225000,equal,900000,pdeobs.dynamic-method-budget/2026-09-14-r3,max_epochs_500,completed,"complete_valid (nine strict blocks, 200 identities each)",<COMMIT-1>,2026-09-25 (pdeobs-prediction-verification/20260925-v1),"{""actual_examples_processed"": ""derived: completed epochs x 1800 training records; code: src/pdeobs/runner.py::_loader batches the 1800 training records without drop_last in one process; src/pdeobs/training.py takes one optimizer update per batch (no gradient accumulation)"", ""actual_optimizer_updates"": ""archived_campaign index health.optimizer_steps (health.json of the credited attempt)"", ""batch_size/optimizer/schedule"": ""resolved.yaml of the released model (digest bound to the verification index)"", ""completed_epochs"": ""prediction_verification index actual_epochs (history entries of the credited checkpoint)"", ""planned_epochs"": ""index.cohort_evidence.planned_epochs"", ""segment_note"": null, ""stop_reason"": ""derived: completed == planned == 500 and no early stopping configured"", ""training_status"": ""index.cohort_evidence.training_status""}"
train-af9faaedeb521bfd,original500_recovered,,burgers,ufno_2d,rollout,clustered_50pct,20260804,cb7b6aedc56dd4cfc5a43fd6f5228f882f8b5e74ea8ab3745849e763385e5f24,efb5cb2acc1bab3567aa58868c24f4ae7ae62150383ab3843547d71e12f65e5b,e5d76b5976f89022e217b49f5befb2409b42c82f81c9d6385959eaaef7617862,adam,0.001,0.0001,step,"{""scheduler_gamma"": 0.5, ""scheduler_step_size"": 100}",1.0,4,1,1,False,500,500,225000,225000,equal,900000,pdeobs.dynamic-method-budget/2026-09-14-r3,max_epochs_500,completed,"complete_valid (nine strict blocks, 200 identities each)",<COMMIT-1>,2026-09-25 (pdeobs-prediction-verification/20260925-v1),"{""actual_examples_processed"": ""derived: completed epochs x 1800 training records; code: src/pdeobs/runner.py::_loader batches the 1800 training records without drop_last in one process; src/pdeobs/training.py takes one optimizer update per batch (no gradient accumulation)"", ""actual_optimizer_updates"": ""archived_campaign index health.optimizer_steps (health.json of the credited attempt)"", ""batch_size/optimizer/schedule"": ""resolved.yaml of the released model (digest bound to the verification index)"", ""completed_epochs"": ""prediction_verification index actual_epochs (history entries of the credited checkpoint)"", ""planned_epochs"": ""index.cohort_evidence.planned_epochs"", ""segment_note"": null, ""stop_reason"": ""derived: completed == planned == 500 and no early stopping configured"", ""training_status"": ""index.cohort_evidence.training_status""}"
train-d8575034dd82d628,original500_recovered,continuation_of:operational-continuation-304.json,burgers,ufno_2d,rollout,horizontal_lines_50pct,20260804,cb7b6aedc56dd4cfc5a43fd6f5228f882f8b5e74ea8ab3745849e763385e5f24,d4ae14a7a45aef88d457ed1899bf9100e683e4972430531c9246446038438ea4,8e04340d729083983371bfb33c1ba339d71342fa65fc45f99061f2fa696afcc3,adam,0.001,0.0001,step,"{""scheduler_gamma"": 0.5, ""scheduler_step_size"": 100}",1.0,4,1,1,False,500,500,225000,225000,equal,900000,pdeobs.dynamic-method-budget/2026-09-14-r3,max_epochs_500,completed,"complete_valid (nine strict blocks, 200 identities each)",<COMMIT-1>,2026-09-25 (pdeobs-prediction-verification/20260925-v1),"{""actual_examples_processed"": ""derived: completed epochs x 1800 training records; code: src/pdeobs/runner.py::_loader batches the 1800 training records without drop_last in one process; src/pdeobs/training.py takes one optimizer update per batch (no gradient accumulation)"", ""actual_optimizer_updates"": ""archived_campaign index health.optimizer_steps (health.json of the credited attempt)"", ""batch_size/optimizer/schedule"": ""resolved.yaml of the released model (digest bound to the verification index)"", ""completed_epochs"": ""prediction_verification index actual_epochs (history entries of the credited checkpoint)"", ""planned_epochs"": ""index.cohort_evidence.planned_epochs"", ""segment_note"": ""optimizer step counter and history may cover the last continuation segment only: operational-continuation-304.json"", ""stop_reason"": ""derived: completed == planned == 500 and no early stopping configured"", ""training_status"": ""index.cohort_evidence.training_status""}"
train-7e63e29a86e56849,original500_recovered,,burgers,ufno_2d,rollout,line_sensors_50pct,20260804,cb7b6aedc56dd4cfc5a43fd6f5228f882f8b5e74ea8ab3745849e763385e5f24,579f089b9b1244e174d63166969e971fc4d2f74b2523297c8440a7d625773b7c,e9a4ed4984c064fa3a25a013b91792ce9a5f4724cdbdf567b62ca2c33bff5404,adam,0.001,0.0001,step,"{""scheduler_gamma"": 0.5, ""scheduler_step_size"": 100}",1.0,4,1,1,False,500,500,225000,225000,equal,900000,pdeobs.dynamic-method-budget/2026-09-14-r3,max_epochs_500,completed,"complete_valid (nine strict blocks, 200 identities each)",<COMMIT-1>,2026-09-25 (pdeobs-prediction-verification/20260925-v1),"{""actual_examples_processed"": ""derived: completed epochs x 1800 training records; code: src/pdeobs/runner.py::_loader batches the 1800 training records without drop_last in one process; src/pdeobs/training.py takes one optimizer update per batch (no gradient accumulation)"", ""actual_optimizer_updates"": ""archived_campaign index health.optimizer_steps (health.json of the credited attempt)"", ""batch_size/optimizer/schedule"": ""resolved.yaml of the released model (digest bound to the verification index)"", ""completed_epochs"": ""prediction_verification index actual_epochs (history entries of the credited checkpoint)"", ""planned_epochs"": ""index.cohort_evidence.planned_epochs"", ""segment_note"": null, ""stop_reason"": ""derived: completed == planned == 500 and no early stopping configured"", ""training_status"": ""index.cohort_evidence.training_status""}"
train-9f532dfec616ba84,original500_recovered,,burgers,ufno_2d,rollout,random_50pct,20260804,cb7b6aedc56dd4cfc5a43fd6f5228f882f8b5e74ea8ab3745849e763385e5f24,9dc0f0b4a2997d5320d8cf39b7e1f9bcf3146839b46c3dcb2ae3276b25d36d2a,7e695c2c009556d3945bd6344889568dbb38d62c74026a4d15780a544ff702ad,adam,0.001,0.0001,step,"{""scheduler_gamma"": 0.5, ""scheduler_step_size"": 100}",1.0,4,1,1,False,500,500,225000,225000,equal,900000,pdeobs.dynamic-method-budget/2026-09-14-r3,max_epochs_500,completed,"complete_valid (nine strict blocks, 200 identities each)",<COMMIT-1>,2026-09-25 (pdeobs-prediction-verification/20260925-v1),"{""actual_examples_processed"": ""derived: completed epochs x 1800 training records; code: src/pdeobs/runner.py::_loader batches the 1800 training records without drop_last in one process; src/pdeobs/training.py takes one optimizer update per batch (no gradient accumulation)"", ""actual_optimizer_updates"": ""archived_campaign index health.optimizer_steps (health.json of the credited attempt)"", ""batch_size/optimizer/schedule"": ""resolved.yaml of the released model (digest bound to the verification index)"", ""completed_epochs"": ""prediction_verification index actual_epochs (history entries of the credited checkpoint)"", ""planned_epochs"": ""index.cohort_evidence.planned_epochs"", ""segment_note"": null, ""stop_reason"": ""derived: completed == planned == 500 and no early stopping configured"", ""training_status"": ""index.cohort_evidence.training_status""}"
train-0b34d9bb2a645c6f,original500_recovered,,burgers,ufno_2d,rollout,random_65pct,20260804,cb7b6aedc56dd4cfc5a43fd6f5228f882f8b5e74ea8ab3745849e763385e5f24,11a35c52de39e55a1c71f95674feb48d1e9c6f00138449403ad7b03c41404df8,db397b9608538cb0995f918e826714e4c1fa7851aac137af2b289a9a7329264f,adam,0.001,0.0001,step,"{""scheduler_gamma"": 0.5, ""scheduler_step_size"": 100}",1.0,4,1,1,False,500,500,225000,225000,equal,900000,pdeobs.dynamic-method-budget/2026-09-14-r3,max_epochs_500,completed,"complete_valid (nine strict blocks, 200 identities each)",<COMMIT-1>,2026-09-25 (pdeobs-prediction-verification/20260925-v1),"{""actual_examples_processed"": ""derived: completed epochs x 1800 training records; code: src/pdeobs/runner.py::_loader batches the 1800 training records without drop_last in one process; src/pdeobs/training.py takes one optimizer update per batch (no gradient accumulation)"", ""actual_optimizer_updates"": ""archived_campaign index health.optimizer_steps (health.json of the credited attempt)"", ""batch_size/optimizer/schedule"": ""resolved.yaml of the released model (digest bound to the verification index)"", ""completed_epochs"": ""prediction_verification index actual_epochs (history entries of the credited checkpoint)"", ""planned_epochs"": ""index.cohort_evidence.planned_epochs"", ""segment_note"": null, ""stop_reason"": ""derived: completed == planned == 500 and no early stopping configured"", ""training_status"": ""index.cohort_evidence.training_status""}"
train-6804eaac14895363,original500_recovered,,burgers,ufno_2d,rollout,random_80pct,20260804,cb7b6aedc56dd4cfc5a43fd6f5228f882f8b5e74ea8ab3745849e763385e5f24,56a1756477aba12bda68d876a75e8d6d639b666b12b420beb4808f15bc2eb9d8,594f3db00d0d133444cca0b8689fb45a1f29efa06cf39115d59e25a5f87f0ea9,adam,0.001,0.0001,step,"{""scheduler_gamma"": 0.5, ""scheduler_step_size"": 100}",1.0,4,1,1,False,500,500,225000,225000,equal,900000,pdeobs.dynamic-method-budget/2026-09-14-r3,max_epochs_500,completed,"complete_valid (nine strict blocks, 200 identities each)",<COMMIT-1>,2026-09-25 (pdeobs-prediction-verification/20260925-v1),"{""actual_examples_processed"": ""derived: completed epochs x 1800 training records; code: src/pdeobs/runner.py::_loader batches the 1800 training records without drop_last in one process; src/pdeobs/training.py takes one optimizer update per batch (no gradient accumulation)"", ""actual_optimizer_updates"": ""archived_campaign index health.optimizer_steps (health.json of the credited attempt)"", ""batch_size/optimizer/schedule"": ""resolved.yaml of the released model (digest bound to the verification index)"", ""completed_epochs"": ""prediction_verification index actual_epochs (history entries of the credited checkpoint)"", ""planned_epochs"": ""index.cohort_evidence.planned_epochs"", ""segment_note"": null, ""stop_reason"": ""derived: completed == planned == 500 and no early stopping configured"", ""training_status"": ""index.cohort_evidence.training_status""}"
train-b08c4168b0748310,original500_recovered,,burgers,ufno_2d,rollout,vertical_lines_50pct,20260804,cb7b6aedc56dd4cfc5a43fd6f5228f882f8b5e74ea8ab3745849e763385e5f24,a4ce6a4e1fb77149444219b65d1fc86faed03bcd4ece4238afb834f719fce77c,302801490f80eff2c7fdab6a098ff164856c5c04a27027ae347cebd9fd957989,adam,0.001,0.0001,step,"{""scheduler_gamma"": 0.5, ""scheduler_step_size"": 100}",1.0,4,1,1,False,500,500,225000,225000,equal,900000,pdeobs.dynamic-method-budget/2026-09-14-r3,max_epochs_500,completed,"complete_valid (nine strict blocks, 200 identities each)",<COMMIT-1>,2026-09-25 (pdeobs-prediction-verification/20260925-v1),"{""actual_examples_processed"": ""derived: completed epochs x 1800 training records; code: src/pdeobs/runner.py::_loader batches the 1800 training records without drop_last in one process; src/pdeobs/training.py takes one optimizer update per batch (no gradient accumulation)"", ""actual_optimizer_updates"": ""archived_campaign index health.optimizer_steps (health.json of the credited attempt)"", ""batch_size/optimizer/schedule"": ""resolved.yaml of the released model (digest bound to the verification index)"", ""completed_epochs"": ""prediction_verification index actual_epochs (history entries of the credited checkpoint)"", ""planned_epochs"": ""index.cohort_evidence.planned_epochs"", ""segment_note"": null, ""stop_reason"": ""derived: completed == planned == 500 and no early stopping configured"", ""training_status"": ""index.cohort_evidence.training_status""}"
train-22c135ba2e409015,original500,,darcy,cno,recovery,block_observed_50pct,20260804,30e23377fb63c7ab5a7a5ce3f59309c45b2dd1b6b80e5a201b554afc1022660d,a024f97d2e35b2e3d1c27d757ccc383a301f3749a4ccdf888c692b2199f152eb,ed86e04c630fc64b63b83f421c0c18bd6d14273ec556d5c88e3b8a226bc9bdd9,adamw,0.001,1e-06,step,"{""scheduler_gamma"": 0.5, ""scheduler_step_size"": 100}",1.0,8,1,1,False,500,500,112500,112500,equal,900000,fixed_500_epochs_last_checkpoint (original protocol; derived from planned epochs and no early stopping),max_epochs_500,completed,"complete_valid (nine strict blocks, 200 identities each)",<COMMIT-1>,2026-09-25 (pdeobs-prediction-verification/20260925-v1),"{""actual_examples_processed"": ""derived: completed epochs x 1800 training records; code: src/pdeobs/runner.py::_loader batches the 1800 training records without drop_last in one process; src/pdeobs/training.py takes one optimizer update per batch (no gradient accumulation)"", ""actual_optimizer_updates"": ""archived_campaign index health.optimizer_steps (health.json of the credited attempt)"", ""batch_size/optimizer/schedule"": ""resolved.yaml of the released model (digest bound to the verification index)"", ""completed_epochs"": ""prediction_verification index actual_epochs (history entries of the credited checkpoint)"", ""planned_epochs"": ""index.cohort_evidence.planned_epochs"", ""segment_note"": null, ""stop_reason"": ""derived: completed == planned == 500 and no early stopping configured"", ""training_status"": ""index.cohort_evidence.training_status""}"
train-6a4f8ca27dd84c68,original500,,darcy,cno,recovery,boundary_band_50pct,20260804,30e23377fb63c7ab5a7a5ce3f59309c45b2dd1b6b80e5a201b554afc1022660d,5384814dd49cd9c1524fe78d92579ba7d5a594f88ca88cb28ab30f94e069fb48,5d19bc908a17359969c59c2c4c20376b2fbfaf82ef7c9ecbc1209a199513d789,adamw,0.001,1e-06,step,"{""scheduler_gamma"": 0.5, ""scheduler_step_size"": 100}",1.0,8,1,1,False,500,500,112500,112500,equal,900000,fixed_500_epochs_last_checkpoint (original protocol; derived from planned epochs and no early stopping),max_epochs_500,completed,"complete_valid (nine strict blocks, 200 identities each)",<COMMIT-1>,2026-09-25 (pdeobs-prediction-verification/20260925-v1),"{""actual_examples_processed"": ""derived: completed epochs x 1800 training records; code: src/pdeobs/runner.py::_loader batches the 1800 training records without drop_last in one process; src/pdeobs/training.py takes one optimizer update per batch (no gradient accumulation)"", ""actual_optimizer_updates"": ""archived_campaign index health.optimizer_steps (health.json of the credited attempt)"", ""batch_size/optimizer/schedule"": ""resolved.yaml of the released model (digest bound to the verification index)"", ""completed_epochs"": ""prediction_verification index actual_epochs (history entries of the credited checkpoint)"", ""planned_epochs"": ""index.cohort_evidence.planned_epochs"", ""segment_note"": null, ""stop_reason"": ""derived: completed == planned == 500 and no early stopping configured"", ""training_status"": ""index.cohort_evidence.training_status""}"
train-7e0cdfa19c39439e,original500,,darcy,cno,recovery,clustered_50pct,20260804,30e23377fb63c7ab5a7a5ce3f59309c45b2dd1b6b80e5a201b554afc1022660d,df7582e50320d87e5692363a6853f99d0e325ffb566c964596a631bc1b31f2c7,5ac2521cd3e74add443d5b480c7dc380d864e2118e97ad573f060f649f49bc3f,adamw,0.001,1e-06,step,"{""scheduler_gamma"": 0.5, ""scheduler_step_size"": 100}",1.0,8,1,1,False,500,500,112500,112500,equal,900000,fixed_500_epochs_last_checkpoint (original protocol; derived from planned epochs and no early stopping),max_epochs_500,completed,"complete_valid (nine strict blocks, 200 identities each)",<COMMIT-1>,2026-09-25 (pdeobs-prediction-verification/20260925-v1),"{""actual_examples_processed"": ""derived: completed epochs x 1800 training records; code: src/pdeobs/runner.py::_loader batches the 1800 training records without drop_last in one process; src/pdeobs/training.py takes one optimizer update per batch (no gradient accumulation)"", ""actual_optimizer_updates"": ""archived_campaign index health.optimizer_steps (health.json of the credited attempt)"", ""batch_size/optimizer/schedule"": ""resolved.yaml of the released model (digest bound to the verification index)"", ""completed_epochs"": ""prediction_verification index actual_epochs (history entries of the credited checkpoint)"", ""planned_epochs"": ""index.cohort_evidence.planned_epochs"", ""segment_note"": null, ""stop_reason"": ""derived: completed == planned == 500 and no early stopping configured"", ""training_status"": ""index.cohort_evidence.training_status""}"
train-15c91ed3259c16b9,original500,,darcy,cno,recovery,horizontal_lines_50pct,20260804,30e23377fb63c7ab5a7a5ce3f59309c45b2dd1b6b80e5a201b554afc1022660d,dec28026d9bbe57e8167424e4760306feb9e053cb016b8e4275b4d789caa6781,0f65150416a2832b14570c5e885ec3f0d3d8c6487f08a66d99c3cf362a3c376a,adamw,0.001,1e-06,step,"{""scheduler_gamma"": 0.5, ""scheduler_step_size"": 100}",1.0,8,1,1,False,500,500,112500,112500,equal,900000,fixed_500_epochs_last_checkpoint (original protocol; derived from planned epochs and no early stopping),max_epochs_500,completed,"complete_valid (nine strict blocks, 200 identities each)",<COMMIT-1>,2026-09-25 (pdeobs-prediction-verification/20260925-v1),"{""actual_examples_processed"": ""derived: completed epochs x 1800 training records; code: src/pdeobs/runner.py::_loader batches the 1800 training records without drop_last in one process; src/pdeobs/training.py takes one optimizer update per batch (no gradient accumulation)"", ""actual_optimizer_updates"": ""archived_campaign index health.optimizer_steps (health.json of the credited attempt)"", ""batch_size/optimizer/schedule"": ""resolved.yaml of the released model (digest bound to the verification index)"", ""completed_epochs"": ""prediction_verification index actual_epochs (history entries of the credited checkpoint)"", ""planned_epochs"": ""index.cohort_evidence.planned_epochs"", ""segment_note"": null, ""stop_reason"": ""derived: completed == planned == 500 and no early stopping configured"", ""training_status"": ""index.cohort_evidence.training_status""}"
train-379b4d114e999533,original500,,darcy,cno,recovery,line_sensors_50pct,20260804,30e23377fb63c7ab5a7a5ce3f59309c45b2dd1b6b80e5a201b554afc1022660d,c44f189aa2fae281432cc244a334c5e1aeca13a8dd844047bb3769f5cec2bbb7,f1258f5449538802eb4014ad38327bf1df50fc5f9fbe07a198be4c2932bd9b23,adamw,0.001,1e-06,step,"{""scheduler_gamma"": 0.5, ""scheduler_step_size"": 100}",1.0,8,1,1,False,500,500,112500,112500,equal,900000,fixed_500_epochs_last_checkpoint (original protocol; derived from planned epochs and no early stopping),max_epochs_500,completed,"complete_valid (nine strict blocks, 200 identities each)",<COMMIT-1>,2026-09-25 (pdeobs-prediction-verification/20260925-v1),"{""actual_examples_processed"": ""derived: completed epochs x 1800 training records; code: src/pdeobs/runner.py::_loader batches the 1800 training records without drop_last in one process; src/pdeobs/training.py takes one optimizer update per batch (no gradient accumulation)"", ""actual_optimizer_updates"": ""archived_campaign index health.optimizer_steps (health.json of the credited attempt)"", ""batch_size/optimizer/schedule"": ""resolved.yaml of the released model (digest bound to the verification index)"", ""completed_epochs"": ""prediction_verification index actual_epochs (history entries of the credited checkpoint)"", ""planned_epochs"": ""index.cohort_evidence.planned_epochs"", ""segment_note"": null, ""stop_reason"": ""derived: completed == planned == 500 and no early stopping configured"", ""training_status"": ""index.cohort_evidence.training_status""}"
train-f2d7915d8cdca225,original500,,darcy,cno,recovery,random_50pct,20260804,30e23377fb63c7ab5a7a5ce3f59309c45b2dd1b6b80e5a201b554afc1022660d,e8163f3ed51bf6fb965a4c946deecd78abd37ae509d0982473191329f7ae2fab,7f3d1919946bc33fc134e4de6268f5c6e8bdd6e79d92decb3ebd2fdb7cb09dcf,adamw,0.001,1e-06,step,"{""scheduler_gamma"": 0.5, ""scheduler_step_size"": 100}",1.0,8,1,1,False,500,500,112500,112500,equal,900000,fixed_500_epochs_last_checkpoint (original protocol; derived from planned epochs and no early stopping),max_epochs_500,completed,"complete_valid (nine strict blocks, 200 identities each)",<COMMIT-1>,2026-09-25 (pdeobs-prediction-verification/20260925-v1),"{""actual_examples_processed"": ""derived: completed epochs x 1800 training records; code: src/pdeobs/runner.py::_loader batches the 1800 training records without drop_last in one process; src/pdeobs/training.py takes one optimizer update per batch (no gradient accumulation)"", ""actual_optimizer_updates"": ""archived_campaign index health.optimizer_steps (health.json of the credited attempt)"", ""batch_size/optimizer/schedule"": ""resolved.yaml of the released model (digest bound to the verification index)"", ""completed_epochs"": ""prediction_verification index actual_epochs (history entries of the credited checkpoint)"", ""planned_epochs"": ""index.cohort_evidence.planned_epochs"", ""segment_note"": null, ""stop_reason"": ""derived: completed == planned == 500 and no early stopping configured"", ""training_status"": ""index.cohort_evidence.training_status""}"
train-50c72bfe5ee55a92,original500,,darcy,cno,recovery,random_65pct,20260804,30e23377fb63c7ab5a7a5ce3f59309c45b2dd1b6b80e5a201b554afc1022660d,1779c59d530693fdf4a83470dbde1f5797d827f8c9623e66e9aaeeb2a7e6ee07,cd9dbd325be58dfb1ec71406586ac578826173b077322bdb31369f83cc8f0604,adamw,0.001,1e-06,step,"{""scheduler_gamma"": 0.5, ""scheduler_step_size"": 100}",1.0,8,1,1,False,500,500,112500,112500,equal,900000,fixed_500_epochs_last_checkpoint (original protocol; derived from planned epochs and no early stopping),max_epochs_500,completed,"complete_valid (nine strict blocks, 200 identities each)",<COMMIT-1>,2026-09-25 (pdeobs-prediction-verification/20260925-v1),"{""actual_examples_processed"": ""derived: completed epochs x 1800 training records; code: src/pdeobs/runner.py::_loader batches the 1800 training records without drop_last in one process; src/pdeobs/training.py takes one optimizer update per batch (no gradient accumulation)"", ""actual_optimizer_updates"": ""archived_campaign index health.optimizer_steps (health.json of the credited attempt)"", ""batch_size/optimizer/schedule"": ""resolved.yaml of the released model (digest bound to the verification index)"", ""completed_epochs"": ""prediction_verification index actual_epochs (history entries of the credited checkpoint)"", ""planned_epochs"": ""index.cohort_evidence.planned_epochs"", ""segment_note"": null, ""stop_reason"": ""derived: completed == planned == 500 and no early stopping configured"", ""training_status"": ""index.cohort_evidence.training_status""}"
train-87ad67166254047a,original500,,darcy,cno,recovery,random_80pct,20260804,30e23377fb63c7ab5a7a5ce3f59309c45b2dd1b6b80e5a201b554afc1022660d,f2705ac237ec7dad3d3c31a0ae40382a8c2ef595e3ad54857c88a01e330ce1ae,3eb1e9797fda8c0b31168067b44f258a50776b5adc8f68f83fe73faf249475e3,adamw,0.001,1e-06,step,"{""scheduler_gamma"": 0.5, ""scheduler_step_size"": 100}",1.0,8,1,1,False,500,500,112500,112500,equal,900000,fixed_500_epochs_last_checkpoint (original protocol; derived from planned epochs and no early stopping),max_epochs_500,completed,"complete_valid (nine strict blocks, 200 identities each)",<COMMIT-1>,2026-09-25 (pdeobs-prediction-verification/20260925-v1),"{""actual_examples_processed"": ""derived: completed epochs x 1800 training records; code: src/pdeobs/runner.py::_loader batches the 1800 training records without drop_last in one process; src/pdeobs/training.py takes one optimizer update per batch (no gradient accumulation)"", ""actual_optimizer_updates"": ""archived_campaign index health.optimizer_steps (health.json of the credited attempt)"", ""batch_size/optimizer/schedule"": ""resolved.yaml of the released model (digest bound to the verification index)"", ""completed_epochs"": ""prediction_verification index actual_epochs (history entries of the credited checkpoint)"", ""planned_epochs"": ""index.cohort_evidence.planned_epochs"", ""segment_note"": null, ""stop_reason"": ""derived: completed == planned == 500 and no early stopping configured"", ""training_status"": ""index.cohort_evidence.training_status""}"
train-f6ad6648024cc287,original500,,darcy,cno,recovery,vertical_lines_50pct,20260804,30e23377fb63c7ab5a7a5ce3f59309c45b2dd1b6b80e5a201b554afc1022660d,f34e52e33b1c873f8584208504881259448aecc5b2a39efded7ce86e8e2795a4,80ccadc91d9fe49c8f2f1f92c523287f245bd593df1a863cf5aa01437eb86dfb,adamw,0.001,1e-06,step,"{""scheduler_gamma"": 0.5, ""scheduler_step_size"": 100}",1.0,8,1,1,False,500,500,112500,112500,equal,900000,fixed_500_epochs_last_checkpoint (original protocol; derived from planned epochs and no early stopping),max_epochs_500,completed,"complete_valid (nine strict blocks, 200 identities each)",<COMMIT-1>,2026-09-25 (pdeobs-prediction-verification/20260925-v1),"{""actual_examples_processed"": ""derived: completed epochs x 1800 training records; code: src/pdeobs/runner.py::_loader batches the 1800 training records without drop_last in one process; src/pdeobs/training.py takes one optimizer update per batch (no gradient accumulation)"", ""actual_optimizer_updates"": ""archived_campaign index health.optimizer_steps (health.json of the credited attempt)"", ""batch_size/optimizer/schedule"": ""resolved.yaml of the released model (digest bound to the verification index)"", ""completed_epochs"": ""prediction_verification index actual_epochs (history entries of the credited checkpoint)"", ""planned_epochs"": ""index.cohort_evidence.planned_epochs"", ""segment_note"": null, ""stop_reason"": ""derived: completed == planned == 500 and no early stopping configured"", ""training_status"": ""index.cohort_evidence.training_status""}"
train-19e030e6e8b0d1ef,original500,,darcy,deeponet,recovery,block_observed_50pct,20260804,30e23377fb63c7ab5a7a5ce3f59309c45b2dd1b6b80e5a201b554afc1022660d,d14db02ee1034167aecee2b3f178826fc2da430543b991a0ed285696d2917eb9,3ab567bd6788b11de5c0179ea4195a194ad1f9d2ac767386c2990e3cbd598c56,adam,0.001,0.0,step,"{""scheduler_gamma"": 0.5, ""scheduler_step_size"": 100}",1.0,4,1,1,False,500,500,225000,225000,equal,900000,fixed_500_epochs_last_checkpoint (original protocol; derived from planned epochs and no early stopping),max_epochs_500,completed,"complete_valid (nine strict blocks, 200 identities each)",<COMMIT-1>,2026-09-25 (pdeobs-prediction-verification/20260925-v1),"{""actual_examples_processed"": ""derived: completed epochs x 1800 training records; code: src/pdeobs/runner.py::_loader batches the 1800 training records without drop_last in one process; src/pdeobs/training.py takes one optimizer update per batch (no gradient accumulation)"", ""actual_optimizer_updates"": ""archived_campaign index health.optimizer_steps (health.json of the credited attempt)"", ""batch_size/optimizer/schedule"": ""resolved.yaml of the released model (digest bound to the verification index)"", ""completed_epochs"": ""prediction_verification index actual_epochs (history entries of the credited checkpoint)"", ""planned_epochs"": ""index.cohort_evidence.planned_epochs"", ""segment_note"": null, ""stop_reason"": ""derived: completed == planned == 500 and no early stopping configured"", ""training_status"": ""index.cohort_evidence.training_status""}"
train-8bd2e384431729e3,original500,,darcy,deeponet,recovery,boundary_band_50pct,20260804,30e23377fb63c7ab5a7a5ce3f59309c45b2dd1b6b80e5a201b554afc1022660d,160ca15fcd912fc96f7a6dde9579e1a002b93a89d23356480d6a60bbf06cf5b8,b49f66ea08952e04411b5db548bb392fcfdf891f773e6ace15cba287b691127b,adam,0.001,0.0,step,"{""scheduler_gamma"": 0.5, ""scheduler_step_size"": 100}",1.0,4,1,1,False,500,500,225000,225000,equal,900000,fixed_500_epochs_last_checkpoint (original protocol; derived from planned epochs and no early stopping),max_epochs_500,completed,"complete_valid (nine strict blocks, 200 identities each)",<COMMIT-1>,2026-09-25 (pdeobs-prediction-verification/20260925-v1),"{""actual_examples_processed"": ""derived: completed epochs x 1800 training records; code: src/pdeobs/runner.py::_loader batches the 1800 training records without drop_last in one process; src/pdeobs/training.py takes one optimizer update per batch (no gradient accumulation)"", ""actual_optimizer_updates"": ""archived_campaign index health.optimizer_steps (health.json of the credited attempt)"", ""batch_size/optimizer/schedule"": ""resolved.yaml of the released model (digest bound to the verification index)"", ""completed_epochs"": ""prediction_verification index actual_epochs (history entries of the credited checkpoint)"", ""planned_epochs"": ""index.cohort_evidence.planned_epochs"", ""segment_note"": null, ""stop_reason"": ""derived: completed == planned == 500 and no early stopping configured"", ""training_status"": ""index.cohort_evidence.training_status""}"
train-b3b88b897061a567,original500,,darcy,deeponet,recovery,clustered_50pct,20260804,30e23377fb63c7ab5a7a5ce3f59309c45b2dd1b6b80e5a201b554afc1022660d,1aecd9ca526f42b28232645ac4cec89baeb6dfc4427f52f7655425f67cc67387,0ba1cf18595ea88e6b954f3d59b42a0d24b9848d62dc9e4d2eb067680d3e60d1,adam,0.001,0.0,step,"{""scheduler_gamma"": 0.5, ""scheduler_step_size"": 100}",1.0,4,1,1,False,500,500,225000,225000,equal,900000,fixed_500_epochs_last_checkpoint (original protocol; derived from planned epochs and no early stopping),max_epochs_500,completed,"complete_valid (nine strict blocks, 200 identities each)",<COMMIT-1>,2026-09-25 (pdeobs-prediction-verification/20260925-v1),"{""actual_examples_processed"": ""derived: completed epochs x 1800 training records; code: src/pdeobs/runner.py::_loader batches the 1800 training records without drop_last in one process; src/pdeobs/training.py takes one optimizer update per batch (no gradient accumulation)"", ""actual_optimizer_updates"": ""archived_campaign index health.optimizer_steps (health.json of the credited attempt)"", ""batch_size/optimizer/schedule"": ""resolved.yaml of the released model (digest bound to the verification index)"", ""completed_epochs"": ""prediction_verification index actual_epochs (history entries of the credited checkpoint)"", ""planned_epochs"": ""index.cohort_evidence.planned_epochs"", ""segment_note"": null, ""stop_reason"": ""derived: completed == planned == 500 and no early stopping configured"", ""training_status"": ""index.cohort_evidence.training_status""}"
train-7a61014763378ef7,original500,,darcy,deeponet,recovery,horizontal_lines_50pct,20260804,30e23377fb63c7ab5a7a5ce3f59309c45b2dd1b6b80e5a201b554afc1022660d,2395678668b0413d4656355de620e6705c57868c2572a1d7f1a95bdc517694d2,071d07404c55dc4c5a8f4ae04458b61eb83b0ed536675691ee30e0c97322786c,adam,0.001,0.0,step,"{""scheduler_gamma"": 0.5, ""scheduler_step_size"": 100}",1.0,4,1,1,False,500,500,225000,225000,equal,900000,fixed_500_epochs_last_checkpoint (original protocol; derived from planned epochs and no early stopping),max_epochs_500,completed,"complete_valid (nine strict blocks, 200 identities each)",<COMMIT-1>,2026-09-25 (pdeobs-prediction-verification/20260925-v1),"{""actual_examples_processed"": ""derived: completed epochs x 1800 training records; code: src/pdeobs/runner.py::_loader batches the 1800 training records without drop_last in one process; src/pdeobs/training.py takes one optimizer update per batch (no gradient accumulation)"", ""actual_optimizer_updates"": ""archived_campaign index health.optimizer_steps (health.json of the credited attempt)"", ""batch_size/optimizer/schedule"": ""resolved.yaml of the released model (digest bound to the verification index)"", ""completed_epochs"": ""prediction_verification index actual_epochs (history entries of the credited checkpoint)"", ""planned_epochs"": ""index.cohort_evidence.planned_epochs"", ""segment_note"": null, ""stop_reason"": ""derived: completed == planned == 500 and no early stopping configured"", ""training_status"": ""index.cohort_evidence.training_status""}"
train-db6e05fa4673ce96,original500,,darcy,deeponet,recovery,line_sensors_50pct,20260804,30e23377fb63c7ab5a7a5ce3f59309c45b2dd1b6b80e5a201b554afc1022660d,2f646a2713565f733e353441ad97e47d0de9a9cc6b44d0dde1c85a4e622d47a3,db2e3690f1b6589236b499487b69f800181a75f8bb3d54ca3d58811ad4408d4a,adam,0.001,0.0,step,"{""scheduler_gamma"": 0.5, ""scheduler_step_size"": 100}",1.0,4,1,1,False,500,500,225000,225000,equal,900000,fixed_500_epochs_last_checkpoint (original protocol; derived from planned epochs and no early stopping),max_epochs_500,completed,"complete_valid (nine strict blocks, 200 identities each)",<COMMIT-1>,2026-09-25 (pdeobs-prediction-verification/20260925-v1),"{""actual_examples_processed"": ""derived: completed epochs x 1800 training records; code: src/pdeobs/runner.py::_loader batches the 1800 training records without drop_last in one process; src/pdeobs/training.py takes one optimizer update per batch (no gradient accumulation)"", ""actual_optimizer_updates"": ""archived_campaign index health.optimizer_steps (health.json of the credited attempt)"", ""batch_size/optimizer/schedule"": ""resolved.yaml of the released model (digest bound to the verification index)"", ""completed_epochs"": ""prediction_verification index actual_epochs (history entries of the credited checkpoint)"", ""planned_epochs"": ""index.cohort_evidence.planned_epochs"", ""segment_note"": null, ""stop_reason"": ""derived: completed == planned == 500 and no early stopping configured"", ""training_status"": ""index.cohort_evidence.training_status""}"
train-1261d4bf2fcb8b92,original500,,darcy,deeponet,recovery,random_50pct,20260804,30e23377fb63c7ab5a7a5ce3f59309c45b2dd1b6b80e5a201b554afc1022660d,18f0213737676a7c2bb79db6b7c897e3f8d597254dc7ae40b6918d7af795e88c,7186bcce1483598912374d842c1f31d69910b76c80b79ce40d42a640682136a3,adam,0.001,0.0,step,"{""scheduler_gamma"": 0.5, ""scheduler_step_size"": 100}",1.0,4,1,1,False,500,500,225000,225000,equal,900000,fixed_500_epochs_last_checkpoint (original protocol; derived from planned epochs and no early stopping),max_epochs_500,completed,"complete_valid (nine strict blocks, 200 identities each)",<COMMIT-1>,2026-09-25 (pdeobs-prediction-verification/20260925-v1),"{""actual_examples_processed"": ""derived: completed epochs x 1800 training records; code: src/pdeobs/runner.py::_loader batches the 1800 training records without drop_last in one process; src/pdeobs/training.py takes one optimizer update per batch (no gradient accumulation)"", ""actual_optimizer_updates"": ""archived_campaign index health.optimizer_steps (health.json of the credited attempt)"", ""batch_size/optimizer/schedule"": ""resolved.yaml of the released model (digest bound to the verification index)"", ""completed_epochs"": ""prediction_verification index actual_epochs (history entries of the credited checkpoint)"", ""planned_epochs"": ""index.cohort_evidence.planned_epochs"", ""segment_note"": null, ""stop_reason"": ""derived: completed == planned == 500 and no early stopping configured"", ""training_status"": ""index.cohort_evidence.training_status""}"
train-8f1bca04b132af8a,original500,,darcy,deeponet,recovery,random_65pct,20260804,30e23377fb63c7ab5a7a5ce3f59309c45b2dd1b6b80e5a201b554afc1022660d,38f53f176622d9239b30393123369bc21576a10d7145cc2cf67c183783aec675,9d032a8ec9f42e1aa301179ca7312e99a241ae3341437b0d106ce684c53836f6,adam,0.001,0.0,step,"{""scheduler_gamma"": 0.5, ""scheduler_step_size"": 100}",1.0,4,1,1,False,500,500,225000,225000,equal,900000,fixed_500_epochs_last_checkpoint (original protocol; derived from planned epochs and no early stopping),max_epochs_500,completed,"complete_valid (nine strict blocks, 200 identities each)",<COMMIT-1>,2026-09-25 (pdeobs-prediction-verification/20260925-v1),"{""actual_examples_processed"": ""derived: completed epochs x 1800 training records; code: src/pdeobs/runner.py::_loader batches the 1800 training records without drop_last in one process; src/pdeobs/training.py takes one optimizer update per batch (no gradient accumulation)"", ""actual_optimizer_updates"": ""archived_campaign index health.optimizer_steps (health.json of the credited attempt)"", ""batch_size/optimizer/schedule"": ""resolved.yaml of the released model (digest bound to the verification index)"", ""completed_epochs"": ""prediction_verification index actual_epochs (history entries of the credited checkpoint)"", ""planned_epochs"": ""index.cohort_evidence.planned_epochs"", ""segment_note"": null, ""stop_reason"": ""derived: completed == planned == 500 and no early stopping configured"", ""training_status"": ""index.cohort_evidence.training_status""}"
train-b3f7a7402607e213,original500,,darcy,deeponet,recovery,random_80pct,20260804,30e23377fb63c7ab5a7a5ce3f59309c45b2dd1b6b80e5a201b554afc1022660d,6ee9740969ef1e8d9b8dbba29b7fdad0599e0fa9247e5c20a740d81ffcc8a086,6a8c896331bfb666ef77a77d7ef9b1314797ded63222fd76ef3e8a10bdecc5d4,adam,0.001,0.0,step,"{""scheduler_gamma"": 0.5, ""scheduler_step_size"": 100}",1.0,4,1,1,False,500,500,225000,225000,equal,900000,fixed_500_epochs_last_checkpoint (original protocol; derived from planned epochs and no early stopping),max_epochs_500,completed,"complete_valid (nine strict blocks, 200 identities each)",<COMMIT-1>,2026-09-25 (pdeobs-prediction-verification/20260925-v1),"{""actual_examples_processed"": ""derived: completed epochs x 1800 training records; code: src/pdeobs/runner.py::_loader batches the 1800 training records without drop_last in one process; src/pdeobs/training.py takes one optimizer update per batch (no gradient accumulation)"", ""actual_optimizer_updates"": ""archived_campaign index health.optimizer_steps (health.json of the credited attempt)"", ""batch_size/optimizer/schedule"": ""resolved.yaml of the released model (digest bound to the verification index)"", ""completed_epochs"": ""prediction_verification index actual_epochs (history entries of the credited checkpoint)"", ""planned_epochs"": ""index.cohort_evidence.planned_epochs"", ""segment_note"": null, ""stop_reason"": ""derived: completed == planned == 500 and no early stopping configured"", ""training_status"": ""index.cohort_evidence.training_status""}"
train-f1c856dc05e7a44b,interrupted_or_recovered,,darcy,deeponet,recovery,vertical_lines_50pct,20260804,30e23377fb63c7ab5a7a5ce3f59309c45b2dd1b6b80e5a201b554afc1022660d,26611b0bc4d0f7d00966acc0ad769b6ca199529b1ad263ff74e175971d5995f0,20472e95228bd495d9b21cb8cf0b206ec7806363efe005c5bc86ceaedb4eee9e,adam,0.001,0.0,step,"{""scheduler_gamma"": 0.5, ""scheduler_step_size"": 100}",1.0,4,1,1,False,500,290,unknown,130500,unknown,522000,fixed_500_epochs_last_checkpoint (original protocol; derived from planned epochs and no early stopping),unknown,unknown,"complete_valid (nine strict blocks, 200 identities each)",<COMMIT-1>,2026-09-25 (pdeobs-prediction-verification/20260925-v1),"{""actual_examples_processed"": ""derived: completed epochs x 1800 training records; code: src/pdeobs/runner.py::_loader batches the 1800 training records without drop_last in one process; src/pdeobs/training.py takes one optimizer update per batch (no gradient accumulation)"", ""actual_optimizer_updates"": ""unknown: no optimizer step counter in the credited receipts"", ""batch_size/optimizer/schedule"": ""resolved.yaml of the released model (digest bound to the verification index)"", ""completed_epochs"": ""prediction_verification index actual_epochs (history entries of the credited checkpoint)"", ""planned_epochs"": ""index.cohort_evidence.planned_epochs"", ""segment_note"": null, ""stop_reason"": ""no stop reason recorded"", ""training_status"": ""archived health.status""}"
train-559c84204c0eaff5,original500,,darcy,fno,recovery,block_observed_50pct,20260804,30e23377fb63c7ab5a7a5ce3f59309c45b2dd1b6b80e5a201b554afc1022660d,a7193a71f51d12b526327efea7089db1ebd2fd1a2a539e5c0ebb7cd03b70ef64,e59a7295d901a9b68335b672fe9237a5413c3d0e5c34313f19d47035fd569a4a,adam,0.001,0.0001,step,"{""scheduler_gamma"": 0.5, ""scheduler_step_size"": 100}",1.0,8,1,1,False,500,500,112500,112500,equal,900000,fixed_500_epochs_last_checkpoint (original protocol; derived from planned epochs and no early stopping),max_epochs_500,completed,"complete_valid (nine strict blocks, 200 identities each)",<COMMIT-1>,2026-09-25 (pdeobs-prediction-verification/20260925-v1),"{""actual_examples_processed"": ""derived: completed epochs x 1800 training records; code: src/pdeobs/runner.py::_loader batches the 1800 training records without drop_last in one process; src/pdeobs/training.py takes one optimizer update per batch (no gradient accumulation)"", ""actual_optimizer_updates"": ""archived_campaign index health.optimizer_steps (health.json of the credited attempt)"", ""batch_size/optimizer/schedule"": ""resolved.yaml of the released model (digest bound to the verification index)"", ""completed_epochs"": ""prediction_verification index actual_epochs (history entries of the credited checkpoint)"", ""planned_epochs"": ""index.cohort_evidence.planned_epochs"", ""segment_note"": null, ""stop_reason"": ""derived: completed == planned == 500 and no early stopping configured"", ""training_status"": ""index.cohort_evidence.training_status""}"
train-c4d5a2505747ddc7,original500,,darcy,fno,recovery,boundary_band_50pct,20260804,30e23377fb63c7ab5a7a5ce3f59309c45b2dd1b6b80e5a201b554afc1022660d,2db6fc32af9a96c16c294a328b7bf888f0de4707d5823c0ccaba732edbb3f888,56be3a4720bc77c1297a2f5386b0ca1df3335e85d2627ccbdf4fb004b447e225,adam,0.001,0.0001,step,"{""scheduler_gamma"": 0.5, ""scheduler_step_size"": 100}",1.0,8,1,1,False,500,500,112500,112500,equal,900000,fixed_500_epochs_last_checkpoint (original protocol; derived from planned epochs and no early stopping),max_epochs_500,completed,"complete_valid (nine strict blocks, 200 identities each)",<COMMIT-1>,2026-09-25 (pdeobs-prediction-verification/20260925-v1),"{""actual_examples_processed"": ""derived: completed epochs x 1800 training records; code: src/pdeobs/runner.py::_loader batches the 1800 training records without drop_last in one process; src/pdeobs/training.py takes one optimizer update per batch (no gradient accumulation)"", ""actual_optimizer_updates"": ""archived_campaign index health.optimizer_steps (health.json of the credited attempt)"", ""batch_size/optimizer/schedule"": ""resolved.yaml of the released model (digest bound to the verification index)"", ""completed_epochs"": ""prediction_verification index actual_epochs (history entries of the credited checkpoint)"", ""planned_epochs"": ""index.cohort_evidence.planned_epochs"", ""segment_note"": null, ""stop_reason"": ""derived: completed == planned == 500 and no early stopping configured"", ""training_status"": ""index.cohort_evidence.training_status""}"
train-1af7799700669c24,original500,,darcy,fno,recovery,clustered_50pct,20260804,30e23377fb63c7ab5a7a5ce3f59309c45b2dd1b6b80e5a201b554afc1022660d,80f74560ea534380609c4def278a73814af760052c782c12c1b2dc98170866b8,7852b06f9ff6930ead0582e00ddd5a346753001d6327656081e239a8d26cb69f,adam,0.001,0.0001,step,"{""scheduler_gamma"": 0.5, ""scheduler_step_size"": 100}",1.0,8,1,1,False,500,500,112500,112500,equal,900000,fixed_500_epochs_last_checkpoint (original protocol; derived from planned epochs and no early stopping),max_epochs_500,completed,"complete_valid (nine strict blocks, 200 identities each)",<COMMIT-1>,2026-09-25 (pdeobs-prediction-verification/20260925-v1),"{""actual_examples_processed"": ""derived: completed epochs x 1800 training records; code: src/pdeobs/runner.py::_loader batches the 1800 training records without drop_last in one process; src/pdeobs/training.py takes one optimizer update per batch (no gradient accumulation)"", ""actual_optimizer_updates"": ""archived_campaign index health.optimizer_steps (health.json of the credited attempt)"", ""batch_size/optimizer/schedule"": ""resolved.yaml of the released model (digest bound to the verification index)"", ""completed_epochs"": ""prediction_verification index actual_epochs (history entries of the credited checkpoint)"", ""planned_epochs"": ""index.cohort_evidence.planned_epochs"", ""segment_note"": null, ""stop_reason"": ""derived: completed == planned == 500 and no early stopping configured"", ""training_status"": ""index.cohort_evidence.training_status""}"
train-31dc6287c14f7376,original500,,darcy,fno,recovery,horizontal_lines_50pct,20260804,30e23377fb63c7ab5a7a5ce3f59309c45b2dd1b6b80e5a201b554afc1022660d,449acba005552d0dc0cd1649d563064c79cc43112d260a7a09936073c49a70e1,6e6b3b596990ba4f6d57d240b6345b5a7ab53082e6c4841c45de2ab1c259b435,adam,0.001,0.0001,step,"{""scheduler_gamma"": 0.5, ""scheduler_step_size"": 100}",1.0,8,1,1,False,500,500,112500,112500,equal,900000,fixed_500_epochs_last_checkpoint (original protocol; derived from planned epochs and no early stopping),max_epochs_500,completed,"complete_valid (nine strict blocks, 200 identities each)",<COMMIT-1>,2026-09-25 (pdeobs-prediction-verification/20260925-v1),"{""actual_examples_processed"": ""derived: completed epochs x 1800 training records; code: src/pdeobs/runner.py::_loader batches the 1800 training records without drop_last in one process; src/pdeobs/training.py takes one optimizer update per batch (no gradient accumulation)"", ""actual_optimizer_updates"": ""archived_campaign index health.optimizer_steps (health.json of the credited attempt)"", ""batch_size/optimizer/schedule"": ""resolved.yaml of the released model (digest bound to the verification index)"", ""completed_epochs"": ""prediction_verification index actual_epochs (history entries of the credited checkpoint)"", ""planned_epochs"": ""index.cohort_evidence.planned_epochs"", ""segment_note"": null, ""stop_reason"": ""derived: completed == planned == 500 and no early stopping configured"", ""training_status"": ""index.cohort_evidence.training_status""}"
train-da08a801ff4b6f9e,original500,,darcy,fno,recovery,line_sensors_50pct,20260804,30e23377fb63c7ab5a7a5ce3f59309c45b2dd1b6b80e5a201b554afc1022660d,eb12ed2fb3767e9df5f4b971528e39643210f0e18046be5a0d5c89dfb543b89a,e35c073cc2bf2a4d25703b12a924df5938bd11d4dccfcedee105a7f94fa7c2a2,adam,0.001,0.0001,step,"{""scheduler_gamma"": 0.5, ""scheduler_step_size"": 100}",1.0,8,1,1,False,500,500,112500,112500,equal,900000,fixed_500_epochs_last_checkpoint (original protocol; derived from planned epochs and no early stopping),max_epochs_500,completed,"complete_valid (nine strict blocks, 200 identities each)",<COMMIT-1>,2026-09-25 (pdeobs-prediction-verification/20260925-v1),"{""actual_examples_processed"": ""derived: completed epochs x 1800 training records; code: src/pdeobs/runner.py::_loader batches the 1800 training records without drop_last in one process; src/pdeobs/training.py takes one optimizer update per batch (no gradient accumulation)"", ""actual_optimizer_updates"": ""archived_campaign index health.optimizer_steps (health.json of the credited attempt)"", ""batch_size/optimizer/schedule"": ""resolved.yaml of the released model (digest bound to the verification index)"", ""completed_epochs"": ""prediction_verification index actual_epochs (history entries of the credited checkpoint)"", ""planned_epochs"": ""index.cohort_evidence.planned_epochs"", ""segment_note"": null, ""stop_reason"": ""derived: completed == planned == 500 and no early stopping configured"", ""training_status"": ""index.cohort_evidence.training_status""}"
train-0fd57edaa3941ce0,original500,,darcy,fno,recovery,random_50pct,20260804,30e23377fb63c7ab5a7a5ce3f59309c45b2dd1b6b80e5a201b554afc1022660d,d8f60b608fd37b63e3968b9d6b2fb780a6340322f045c40c47d7951fd7c1c3df,42e4f687c3d060ee69ef1cc6ca1af2f17dc83c0f212919af22e1a82b3e1b5939,adam,0.001,0.0001,step,"{""scheduler_gamma"": 0.5, ""scheduler_step_size"": 100}",1.0,8,1,1,False,500,500,112500,112500,equal,900000,fixed_500_epochs_last_checkpoint (original protocol; derived from planned epochs and no early stopping),max_epochs_500,completed,"complete_valid (nine strict blocks, 200 identities each)",<COMMIT-1>,2026-09-25 (pdeobs-prediction-verification/20260925-v1),"{""actual_examples_processed"": ""derived: completed epochs x 1800 training records; code: src/pdeobs/runner.py::_loader batches the 1800 training records without drop_last in one process; src/pdeobs/training.py takes one optimizer update per batch (no gradient accumulation)"", ""actual_optimizer_updates"": ""archived_campaign index health.optimizer_steps (health.json of the credited attempt)"", ""batch_size/optimizer/schedule"": ""resolved.yaml of the released model (digest bound to the verification index)"", ""completed_epochs"": ""prediction_verification index actual_epochs (history entries of the credited checkpoint)"", ""planned_epochs"": ""index.cohort_evidence.planned_epochs"", ""segment_note"": null, ""stop_reason"": ""derived: completed == planned == 500 and no early stopping configured"", ""training_status"": ""index.cohort_evidence.training_status""}"
train-4f2a84653cfea3cf,original500,,darcy,fno,recovery,random_65pct,20260804,30e23377fb63c7ab5a7a5ce3f59309c45b2dd1b6b80e5a201b554afc1022660d,4ef5fd8dfbe5bec7266601225a7b1dbe2633980d502d74b20374735c15659c3d,d57421f9d923110691b4bbdbcc94358a86f1f705186418f2ee689502345d3b61,adam,0.001,0.0001,step,"{""scheduler_gamma"": 0.5, ""scheduler_step_size"": 100}",1.0,8,1,1,False,500,500,112500,112500,equal,900000,fixed_500_epochs_last_checkpoint (original protocol; derived from planned epochs and no early stopping),max_epochs_500,completed,"complete_valid (nine strict blocks, 200 identities each)",<COMMIT-1>,2026-09-25 (pdeobs-prediction-verification/20260925-v1),"{""actual_examples_processed"": ""derived: completed epochs x 1800 training records; code: src/pdeobs/runner.py::_loader batches the 1800 training records without drop_last in one process; src/pdeobs/training.py takes one optimizer update per batch (no gradient accumulation)"", ""actual_optimizer_updates"": ""archived_campaign index health.optimizer_steps (health.json of the credited attempt)"", ""batch_size/optimizer/schedule"": ""resolved.yaml of the released model (digest bound to the verification index)"", ""completed_epochs"": ""prediction_verification index actual_epochs (history entries of the credited checkpoint)"", ""planned_epochs"": ""index.cohort_evidence.planned_epochs"", ""segment_note"": null, ""stop_reason"": ""derived: completed == planned == 500 and no early stopping configured"", ""training_status"": ""index.cohort_evidence.training_status""}"
train-dd055857f86bb250,original500,,darcy,fno,recovery,random_80pct,20260804,30e23377fb63c7ab5a7a5ce3f59309c45b2dd1b6b80e5a201b554afc1022660d,e1f857e81208d14fa59698678f94328596fb0f9d67d437a059384ffc6902f5d6,116b8a880bd9beba50b56b4cf4b9cb00897d17223b29c54bacd6db672b6b9168,adam,0.001,0.0001,step,"{""scheduler_gamma"": 0.5, ""scheduler_step_size"": 100}",1.0,8,1,1,False,500,500,112500,112500,equal,900000,fixed_500_epochs_last_checkpoint (original protocol; derived from planned epochs and no early stopping),max_epochs_500,completed,"complete_valid (nine strict blocks, 200 identities each)",<COMMIT-1>,2026-09-25 (pdeobs-prediction-verification/20260925-v1),"{""actual_examples_processed"": ""derived: completed epochs x 1800 training records; code: src/pdeobs/runner.py::_loader batches the 1800 training records without drop_last in one process; src/pdeobs/training.py takes one optimizer update per batch (no gradient accumulation)"", ""actual_optimizer_updates"": ""archived_campaign index health.optimizer_steps (health.json of the credited attempt)"", ""batch_size/optimizer/schedule"": ""resolved.yaml of the released model (digest bound to the verification index)"", ""completed_epochs"": ""prediction_verification index actual_epochs (history entries of the credited checkpoint)"", ""planned_epochs"": ""index.cohort_evidence.planned_epochs"", ""segment_note"": null, ""stop_reason"": ""derived: completed == planned == 500 and no early stopping configured"", ""training_status"": ""index.cohort_evidence.training_status""}"
train-e14c9e74e790343f,original500,,darcy,fno,recovery,vertical_lines_50pct,20260804,30e23377fb63c7ab5a7a5ce3f59309c45b2dd1b6b80e5a201b554afc1022660d,5b9703514e4e8f1c6160619fe746936f437d123fd6b920b8b543190b6eebad57,232f9f3571aeedfde6f58c2d5c60b4b34879418fa4dcef57a6bd941261166c56,adam,0.001,0.0001,step,"{""scheduler_gamma"": 0.5, ""scheduler_step_size"": 100}",1.0,8,1,1,False,500,500,112500,112500,equal,900000,fixed_500_epochs_last_checkpoint (original protocol; derived from planned epochs and no early stopping),max_epochs_500,completed,"complete_valid (nine strict blocks, 200 identities each)",<COMMIT-1>,2026-09-25 (pdeobs-prediction-verification/20260925-v1),"{""actual_examples_processed"": ""derived: completed epochs x 1800 training records; code: src/pdeobs/runner.py::_loader batches the 1800 training records without drop_last in one process; src/pdeobs/training.py takes one optimizer update per batch (no gradient accumulation)"", ""actual_optimizer_updates"": ""archived_campaign index health.optimizer_steps (health.json of the credited attempt)"", ""batch_size/optimizer/schedule"": ""resolved.yaml of the released model (digest bound to the verification index)"", ""completed_epochs"": ""prediction_verification index actual_epochs (history entries of the credited checkpoint)"", ""planned_epochs"": ""index.cohort_evidence.planned_epochs"", ""segment_note"": null, ""stop_reason"": ""derived: completed == planned == 500 and no early stopping configured"", ""training_status"": ""index.cohort_evidence.training_status""}"
train-f7f6cc96644c02de,original500,,darcy,gnot,recovery,block_observed_50pct,20260804,30e23377fb63c7ab5a7a5ce3f59309c45b2dd1b6b80e5a201b554afc1022660d,d21fee2432b5c90b1abea6867b28e3994831ce8bf2cfa62b909ad16773044fd9,3971b69a19b3a6f6e9a4fbb596a32fdb23d52b24d37d69e504d0c35877bee07e,adamw,0.001,5e-05,one_cycle,"{""epochs"": 500, ""scheduler_anneal_strategy"": ""cos"", ""scheduler_div_factor"": 10000.0, ""scheduler_final_div_factor"": 10000.0, ""scheduler_pct_start"": 0.2}",1000.0,4,1,1,False,500,500,225000,225000,equal,900000,fixed_500_epochs_last_checkpoint (original protocol; derived from planned epochs and no early stopping),max_epochs_500,completed,"complete_valid (nine strict blocks, 200 identities each)",<COMMIT-1>,2026-09-25 (pdeobs-prediction-verification/20260925-v1),"{""actual_examples_processed"": ""derived: completed epochs x 1800 training records; code: src/pdeobs/runner.py::_loader batches the 1800 training records without drop_last in one process; src/pdeobs/training.py takes one optimizer update per batch (no gradient accumulation)"", ""actual_optimizer_updates"": ""archived_campaign index health.optimizer_steps (health.json of the credited attempt)"", ""batch_size/optimizer/schedule"": ""resolved.yaml of the released model (digest bound to the verification index)"", ""completed_epochs"": ""prediction_verification index actual_epochs (history entries of the credited checkpoint)"", ""planned_epochs"": ""index.cohort_evidence.planned_epochs"", ""segment_note"": null, ""stop_reason"": ""derived: completed == planned == 500 and no early stopping configured"", ""training_status"": ""index.cohort_evidence.training_status""}"
train-6b9f6e0af8b0bcaa,interrupted_or_recovered,,darcy,gnot,recovery,boundary_band_50pct,20260804,30e23377fb63c7ab5a7a5ce3f59309c45b2dd1b6b80e5a201b554afc1022660d,7f6e55599a4733c212efff41c72c4585ecde95ea6a61dd3e18bfc355e5812e1c,5d86b60a4563cb16ef47d639f65063e68d3127a5bd4a6659777992a094ff21f0,adamw,0.001,5e-05,one_cycle,"{""epochs"": 500, ""scheduler_anneal_strategy"": ""cos"", ""scheduler_div_factor"": 10000.0, ""scheduler_final_div_factor"": 10000.0, ""scheduler_pct_start"": 0.2}",1000.0,4,1,1,False,500,185,unknown,83250,unknown,333000,fixed_500_epochs_last_checkpoint (original protocol; derived from planned epochs and no early stopping),unknown,unknown,"complete_valid (nine strict blocks, 200 identities each)",<COMMIT-1>,2026-09-25 (pdeobs-prediction-verification/20260925-v1),"{""actual_examples_processed"": ""derived: completed epochs x 1800 training records; code: src/pdeobs/runner.py::_loader batches the 1800 training records without drop_last in one process; src/pdeobs/training.py takes one optimizer update per batch (no gradient accumulation)"", ""actual_optimizer_updates"": ""unknown: no optimizer step counter in the credited receipts"", ""batch_size/optimizer/schedule"": ""resolved.yaml of the released model (digest bound to the verification index)"", ""completed_epochs"": ""prediction_verification index actual_epochs (history entries of the credited checkpoint)"", ""planned_epochs"": ""index.cohort_evidence.planned_epochs"", ""segment_note"": null, ""stop_reason"": ""no stop reason recorded"", ""training_status"": ""archived health.status""}"
train-5f3bd198baaec938,interrupted_or_recovered,,darcy,gnot,recovery,clustered_50pct,20260804,30e23377fb63c7ab5a7a5ce3f59309c45b2dd1b6b80e5a201b554afc1022660d,e1766c86d4cdd4c3978d7e1ad2337b084c4daccf6378c2d4bf316adc32004726,a6cb72ae9047d74cd44e66540dfa034e8f8f88ed942f181dd8bceff97eddf87c,adamw,0.001,5e-05,one_cycle,"{""epochs"": 500, ""scheduler_anneal_strategy"": ""cos"", ""scheduler_div_factor"": 10000.0, ""scheduler_final_div_factor"": 10000.0, ""scheduler_pct_start"": 0.2}",1000.0,4,1,1,False,500,184,unknown,82800,unknown,331200,fixed_500_epochs_last_checkpoint (original protocol; derived from planned epochs and no early stopping),unknown,unknown,"complete_valid (nine strict blocks, 200 identities each)",<COMMIT-1>,2026-09-25 (pdeobs-prediction-verification/20260925-v1),"{""actual_examples_processed"": ""derived: completed epochs x 1800 training records; code: src/pdeobs/runner.py::_loader batches the 1800 training records without drop_last in one process; src/pdeobs/training.py takes one optimizer update per batch (no gradient accumulation)"", ""actual_optimizer_updates"": ""unknown: no optimizer step counter in the credited receipts"", ""batch_size/optimizer/schedule"": ""resolved.yaml of the released model (digest bound to the verification index)"", ""completed_epochs"": ""prediction_verification index actual_epochs (history entries of the credited checkpoint)"", ""planned_epochs"": ""index.cohort_evidence.planned_epochs"", ""segment_note"": null, ""stop_reason"": ""no stop reason recorded"", ""training_status"": ""archived health.status""}"
train-107615b0fb8d9dec,interrupted_or_recovered,,darcy,gnot,recovery,horizontal_lines_50pct,20260804,30e23377fb63c7ab5a7a5ce3f59309c45b2dd1b6b80e5a201b554afc1022660d,89f11b55b990a3db7ff3bcf1bd06be9dcd177251e719fa49e5f11d9bc389e080,c0fce7554a397920ac907e17753510b2ef56c78c1a61d8e0eb8e9309202bd2af,adamw,0.001,5e-05,one_cycle,"{""epochs"": 500, ""scheduler_anneal_strategy"": ""cos"", ""scheduler_div_factor"": 10000.0, ""scheduler_final_div_factor"": 10000.0, ""scheduler_pct_start"": 0.2}",1000.0,4,1,1,False,500,185,unknown,83250,unknown,333000,fixed_500_epochs_last_checkpoint (original protocol; derived from planned epochs and no early stopping),unknown,unknown,"complete_valid (nine strict blocks, 200 identities each)",<COMMIT-1>,2026-09-25 (pdeobs-prediction-verification/20260925-v1),"{""actual_examples_processed"": ""derived: completed epochs x 1800 training records; code: src/pdeobs/runner.py::_loader batches the 1800 training records without drop_last in one process; src/pdeobs/training.py takes one optimizer update per batch (no gradient accumulation)"", ""actual_optimizer_updates"": ""unknown: no optimizer step counter in the credited receipts"", ""batch_size/optimizer/schedule"": ""resolved.yaml of the released model (digest bound to the verification index)"", ""completed_epochs"": ""prediction_verification index actual_epochs (history entries of the credited checkpoint)"", ""planned_epochs"": ""index.cohort_evidence.planned_epochs"", ""segment_note"": null, ""stop_reason"": ""no stop reason recorded"", ""training_status"": ""archived health.status""}"
train-90348b525e46e8ea,original500,,darcy,gnot,recovery,line_sensors_50pct,20260804,30e23377fb63c7ab5a7a5ce3f59309c45b2dd1b6b80e5a201b554afc1022660d,ab32e225d2c86141a9159a0d72098f94e2eb15fad59d92d5e46eec1ff5501bec,a2c92c8fab14a80782b2328242fc7e339edcd6e0793579fbcaa1f860f05e1348,adamw,0.001,5e-05,one_cycle,"{""epochs"": 500, ""scheduler_anneal_strategy"": ""cos"", ""scheduler_div_factor"": 10000.0, ""scheduler_final_div_factor"": 10000.0, ""scheduler_pct_start"": 0.2}",1000.0,4,1,1,False,500,500,225000,225000,equal,900000,fixed_500_epochs_last_checkpoint (original protocol; derived from planned epochs and no early stopping),max_epochs_500,completed,"complete_valid (nine strict blocks, 200 identities each)",<COMMIT-1>,2026-09-25 (pdeobs-prediction-verification/20260925-v1),"{""actual_examples_processed"": ""derived: completed epochs x 1800 training records; code: src/pdeobs/runner.py::_loader batches the 1800 training records without drop_last in one process; src/pdeobs/training.py takes one optimizer update per batch (no gradient accumulation)"", ""actual_optimizer_updates"": ""archived_campaign index health.optimizer_steps (health.json of the credited attempt)"", ""batch_size/optimizer/schedule"": ""resolved.yaml of the released model (digest bound to the verification index)"", ""completed_epochs"": ""prediction_verification index actual_epochs (history entries of the credited checkpoint)"", ""planned_epochs"": ""index.cohort_evidence.planned_epochs"", ""segment_note"": null, ""stop_reason"": ""derived: completed == planned == 500 and no early stopping configured"", ""training_status"": ""index.cohort_evidence.training_status""}"
train-61a22654a3f4ddc4,original500,,darcy,gnot,recovery,random_50pct,20260804,30e23377fb63c7ab5a7a5ce3f59309c45b2dd1b6b80e5a201b554afc1022660d,686f2e6253ee93340fbee68c41835f542f7cde6aa7477605819151be31258e07,b11c1181a95c56af774cd4f1711e263a3ad38a349f552ea51cd6cf9adab88cbd,adamw,0.001,5e-05,one_cycle,"{""epochs"": 500, ""scheduler_anneal_strategy"": ""cos"", ""scheduler_div_factor"": 10000.0, ""scheduler_final_div_factor"": 10000.0, ""scheduler_pct_start"": 0.2}",1000.0,4,1,1,False,500,500,225000,225000,equal,900000,fixed_500_epochs_last_checkpoint (original protocol; derived from planned epochs and no early stopping),max_epochs_500,completed,"complete_valid (nine strict blocks, 200 identities each)",<COMMIT-1>,2026-09-25 (pdeobs-prediction-verification/20260925-v1),"{""actual_examples_processed"": ""derived: completed epochs x 1800 training records; code: src/pdeobs/runner.py::_loader batches the 1800 training records without drop_last in one process; src/pdeobs/training.py takes one optimizer update per batch (no gradient accumulation)"", ""actual_optimizer_updates"": ""archived_campaign index health.optimizer_steps (health.json of the credited attempt)"", ""batch_size/optimizer/schedule"": ""resolved.yaml of the released model (digest bound to the verification index)"", ""completed_epochs"": ""prediction_verification index actual_epochs (history entries of the credited checkpoint)"", ""planned_epochs"": ""index.cohort_evidence.planned_epochs"", ""segment_note"": null, ""stop_reason"": ""derived: completed == planned == 500 and no early stopping configured"", ""training_status"": ""index.cohort_evidence.training_status""}"
train-d07c886f24edf4df,original500,,darcy,gnot,recovery,random_65pct,20260804,30e23377fb63c7ab5a7a5ce3f59309c45b2dd1b6b80e5a201b554afc1022660d,d1aa20d8c067fa23d4dfde891092372f9b9cca0e7a682bdff1f8866ff3c42795,50bf70f87a2e287fb695da108ff06f41aa001cc13779e701adab8b2a2cd752ae,adamw,0.001,5e-05,one_cycle,"{""epochs"": 500, ""scheduler_anneal_strategy"": ""cos"", ""scheduler_div_factor"": 10000.0, ""scheduler_final_div_factor"": 10000.0, ""scheduler_pct_start"": 0.2}",1000.0,4,1,1,False,500,500,225000,225000,equal,900000,fixed_500_epochs_last_checkpoint (original protocol; derived from planned epochs and no early stopping),max_epochs_500,completed,"complete_valid (nine strict blocks, 200 identities each)",<COMMIT-1>,2026-09-25 (pdeobs-prediction-verification/20260925-v1),"{""actual_examples_processed"": ""derived: completed epochs x 1800 training records; code: src/pdeobs/runner.py::_loader batches the 1800 training records without drop_last in one process; src/pdeobs/training.py takes one optimizer update per batch (no gradient accumulation)"", ""actual_optimizer_updates"": ""archived_campaign index health.optimizer_steps (health.json of the credited attempt)"", ""batch_size/optimizer/schedule"": ""resolved.yaml of the released model (digest bound to the verification index)"", ""completed_epochs"": ""prediction_verification index actual_epochs (history entries of the credited checkpoint)"", ""planned_epochs"": ""index.cohort_evidence.planned_epochs"", ""segment_note"": null, ""stop_reason"": ""derived: completed == planned == 500 and no early stopping configured"", ""training_status"": ""index.cohort_evidence.training_status""}"
train-bbfccb484742e4c9,original500,,darcy,gnot,recovery,random_80pct,20260804,30e23377fb63c7ab5a7a5ce3f59309c45b2dd1b6b80e5a201b554afc1022660d,6ce2af99ccbdc4724b87c5de032ba6f0f5baa2284326f8c0ec530dce219b94ea,0507ef189d1879c193182a1479ea41b9503c53b535ab7e7458f310aff561e8a8,adamw,0.001,5e-05,one_cycle,"{""epochs"": 500, ""scheduler_anneal_strategy"": ""cos"", ""scheduler_div_factor"": 10000.0, ""scheduler_final_div_factor"": 10000.0, ""scheduler_pct_start"": 0.2}",1000.0,4,1,1,False,500,500,225000,225000,equal,900000,fixed_500_epochs_last_checkpoint (original protocol; derived from planned epochs and no early stopping),max_epochs_500,completed,"complete_valid (nine strict blocks, 200 identities each)",<COMMIT-1>,2026-09-25 (pdeobs-prediction-verification/20260925-v1),"{""actual_examples_processed"": ""derived: completed epochs x 1800 training records; code: src/pdeobs/runner.py::_loader batches the 1800 training records without drop_last in one process; src/pdeobs/training.py takes one optimizer update per batch (no gradient accumulation)"", ""actual_optimizer_updates"": ""archived_campaign index health.optimizer_steps (health.json of the credited attempt)"", ""batch_size/optimizer/schedule"": ""resolved.yaml of the released model (digest bound to the verification index)"", ""completed_epochs"": ""prediction_verification index actual_epochs (history entries of the credited checkpoint)"", ""planned_epochs"": ""index.cohort_evidence.planned_epochs"", ""segment_note"": null, ""stop_reason"": ""derived: completed == planned == 500 and no early stopping configured"", ""training_status"": ""index.cohort_evidence.training_status""}"
train-04ce731b3568b483,interrupted_or_recovered,,darcy,gnot,recovery,vertical_lines_50pct,20260804,30e23377fb63c7ab5a7a5ce3f59309c45b2dd1b6b80e5a201b554afc1022660d,38366a05a60ac634b5192885b821fcbc74420cce9d3e76ba42da4eb69edd9c01,80da83acd101695ee7c1b789ede7cb945c43934c6743e23128c53786e8fe2f01,adamw,0.001,5e-05,one_cycle,"{""epochs"": 500, ""scheduler_anneal_strategy"": ""cos"", ""scheduler_div_factor"": 10000.0, ""scheduler_final_div_factor"": 10000.0, ""scheduler_pct_start"": 0.2}",1000.0,4,1,1,False,500,182,unknown,81900,unknown,327600,fixed_500_epochs_last_checkpoint (original protocol; derived from planned epochs and no early stopping),unknown,unknown,"complete_valid (nine strict blocks, 200 identities each)",<COMMIT-1>,2026-09-25 (pdeobs-prediction-verification/20260925-v1),"{""actual_examples_processed"": ""derived: completed epochs x 1800 training records; code: src/pdeobs/runner.py::_loader batches the 1800 training records without drop_last in one process; src/pdeobs/training.py takes one optimizer update per batch (no gradient accumulation)"", ""actual_optimizer_updates"": ""unknown: no optimizer step counter in the credited receipts"", ""batch_size/optimizer/schedule"": ""resolved.yaml of the released model (digest bound to the verification index)"", ""completed_epochs"": ""prediction_verification index actual_epochs (history entries of the credited checkpoint)"", ""planned_epochs"": ""index.cohort_evidence.planned_epochs"", ""segment_note"": null, ""stop_reason"": ""no stop reason recorded"", ""training_status"": ""archived health.status""}"
train-79f4c5b290d4c7b3,original500,,darcy,pino,recovery,block_observed_50pct,20260804,30e23377fb63c7ab5a7a5ce3f59309c45b2dd1b6b80e5a201b554afc1022660d,a819ed6eee025c63e08c9faad3d67402487334de037f0534ec911d1fe3ced2fe,314dc9dd7053abff2424a89410e85452fb8a395997b696191bc95ac22590772b,adam,0.001,0.0,step,"{""scheduler_gamma"": 0.5, ""scheduler_step_size"": 100}",1.0,4,1,1,False,500,500,225000,225000,equal,900000,fixed_500_epochs_last_checkpoint (original protocol; derived from planned epochs and no early stopping),max_epochs_500,completed,"complete_valid (nine strict blocks, 200 identities each)",<COMMIT-1>,2026-09-25 (pdeobs-prediction-verification/20260925-v1),"{""actual_examples_processed"": ""derived: completed epochs x 1800 training records; code: src/pdeobs/runner.py::_loader batches the 1800 training records without drop_last in one process; src/pdeobs/training.py takes one optimizer update per batch (no gradient accumulation)"", ""actual_optimizer_updates"": ""archived_campaign index health.optimizer_steps (health.json of the credited attempt)"", ""batch_size/optimizer/schedule"": ""resolved.yaml of the released model (digest bound to the verification index)"", ""completed_epochs"": ""prediction_verification index actual_epochs (history entries of the credited checkpoint)"", ""planned_epochs"": ""index.cohort_evidence.planned_epochs"", ""segment_note"": null, ""stop_reason"": ""derived: completed == planned == 500 and no early stopping configured"", ""training_status"": ""index.cohort_evidence.training_status""}"
train-61332827ae967180,original500,,darcy,pino,recovery,boundary_band_50pct,20260804,30e23377fb63c7ab5a7a5ce3f59309c45b2dd1b6b80e5a201b554afc1022660d,85861faaa689bc05b64c111dcdac5d517bb615a930ce57a0a7996eefd9e89e03,8ac2e9e33f68244306bf68209ad450dd837f741c2542059375a1cdd4630e75ed,adam,0.001,0.0,step,"{""scheduler_gamma"": 0.5, ""scheduler_step_size"": 100}",1.0,4,1,1,False,500,500,225000,225000,equal,900000,fixed_500_epochs_last_checkpoint (original protocol; derived from planned epochs and no early stopping),max_epochs_500,completed,"complete_valid (nine strict blocks, 200 identities each)",<COMMIT-1>,2026-09-25 (pdeobs-prediction-verification/20260925-v1),"{""actual_examples_processed"": ""derived: completed epochs x 1800 training records; code: src/pdeobs/runner.py::_loader batches the 1800 training records without drop_last in one process; src/pdeobs/training.py takes one optimizer update per batch (no gradient accumulation)"", ""actual_optimizer_updates"": ""archived_campaign index health.optimizer_steps (health.json of the credited attempt)"", ""batch_size/optimizer/schedule"": ""resolved.yaml of the released model (digest bound to the verification index)"", ""completed_epochs"": ""prediction_verification index actual_epochs (history entries of the credited checkpoint)"", ""planned_epochs"": ""index.cohort_evidence.planned_epochs"", ""segment_note"": null, ""stop_reason"": ""derived: completed == planned == 500 and no early stopping configured"", ""training_status"": ""index.cohort_evidence.training_status""}"
train-711f9aa2e2c3b9d3,original500,,darcy,pino,recovery,clustered_50pct,20260804,30e23377fb63c7ab5a7a5ce3f59309c45b2dd1b6b80e5a201b554afc1022660d,000cde28e50a5b222c423753e952fd6cee9fd96362ca755e7d792549c0b414c4,cc79a05903bd5d2d907d623ac645fa887074dc5c8fd34632e786b4197664507f,adam,0.001,0.0,step,"{""scheduler_gamma"": 0.5, ""scheduler_step_size"": 100}",1.0,4,1,1,False,500,500,225000,225000,equal,900000,fixed_500_epochs_last_checkpoint (original protocol; derived from planned epochs and no early stopping),max_epochs_500,completed,"complete_valid (nine strict blocks, 200 identities each)",<COMMIT-1>,2026-09-25 (pdeobs-prediction-verification/20260925-v1),"{""actual_examples_processed"": ""derived: completed epochs x 1800 training records; code: src/pdeobs/runner.py::_loader batches the 1800 training records without drop_last in one process; src/pdeobs/training.py takes one optimizer update per batch (no gradient accumulation)"", ""actual_optimizer_updates"": ""archived_campaign index health.optimizer_steps (health.json of the credited attempt)"", ""batch_size/optimizer/schedule"": ""resolved.yaml of the released model (digest bound to the verification index)"", ""completed_epochs"": ""prediction_verification index actual_epochs (history entries of the credited checkpoint)"", ""planned_epochs"": ""index.cohort_evidence.planned_epochs"", ""segment_note"": null, ""stop_reason"": ""derived: completed == planned == 500 and no early stopping configured"", ""training_status"": ""index.cohort_evidence.training_status""}"
train-5e5f6402d5a55ed9,original500,,darcy,pino,recovery,horizontal_lines_50pct,20260804,30e23377fb63c7ab5a7a5ce3f59309c45b2dd1b6b80e5a201b554afc1022660d,1e94668c6868418f06479f73b3d1fbcc996081b41a61d39b61107146d1f7266f,02db2bcb033baf11688121bcf38e31d6cdc9c0ee4169c4de7162921f4c06d510,adam,0.001,0.0,step,"{""scheduler_gamma"": 0.5, ""scheduler_step_size"": 100}",1.0,4,1,1,False,500,500,225000,225000,equal,900000,fixed_500_epochs_last_checkpoint (original protocol; derived from planned epochs and no early stopping),max_epochs_500,completed,"complete_valid (nine strict blocks, 200 identities each)",<COMMIT-1>,2026-09-25 (pdeobs-prediction-verification/20260925-v1),"{""actual_examples_processed"": ""derived: completed epochs x 1800 training records; code: src/pdeobs/runner.py::_loader batches the 1800 training records without drop_last in one process; src/pdeobs/training.py takes one optimizer update per batch (no gradient accumulation)"", ""actual_optimizer_updates"": ""archived_campaign index health.optimizer_steps (health.json of the credited attempt)"", ""batch_size/optimizer/schedule"": ""resolved.yaml of the released model (digest bound to the verification index)"", ""completed_epochs"": ""prediction_verification index actual_epochs (history entries of the credited checkpoint)"", ""planned_epochs"": ""index.cohort_evidence.planned_epochs"", ""segment_note"": null, ""stop_reason"": ""derived: completed == planned == 500 and no early stopping configured"", ""training_status"": ""index.cohort_evidence.training_status""}"
train-c596f5d3d606c257,original500,,darcy,pino,recovery,line_sensors_50pct,20260804,30e23377fb63c7ab5a7a5ce3f59309c45b2dd1b6b80e5a201b554afc1022660d,51e5abd9736c2e5193a920f8acb335f498cabb821ce1bc7575844e8121c76741,3cbd38b46c291f3e6e2c52ed5fd5608cc388476046f737ebd8cd9bcddce7200c,adam,0.001,0.0,step,"{""scheduler_gamma"": 0.5, ""scheduler_step_size"": 100}",1.0,4,1,1,False,500,500,225000,225000,equal,900000,fixed_500_epochs_last_checkpoint (original protocol; derived from planned epochs and no early stopping),max_epochs_500,completed,"complete_valid (nine strict blocks, 200 identities each)",<COMMIT-1>,2026-09-25 (pdeobs-prediction-verification/20260925-v1),"{""actual_examples_processed"": ""derived: completed epochs x 1800 training records; code: src/pdeobs/runner.py::_loader batches the 1800 training records without drop_last in one process; src/pdeobs/training.py takes one optimizer update per batch (no gradient accumulation)"", ""actual_optimizer_updates"": ""archived_campaign index health.optimizer_steps (health.json of the credited attempt)"", ""batch_size/optimizer/schedule"": ""resolved.yaml of the released model (digest bound to the verification index)"", ""completed_epochs"": ""prediction_verification index actual_epochs (history entries of the credited checkpoint)"", ""planned_epochs"": ""index.cohort_evidence.planned_epochs"", ""segment_note"": null, ""stop_reason"": ""derived: completed == planned == 500 and no early stopping configured"", ""training_status"": ""index.cohort_evidence.training_status""}"
train-19954c06cf432f98,original500,,darcy,pino,recovery,random_50pct,20260804,30e23377fb63c7ab5a7a5ce3f59309c45b2dd1b6b80e5a201b554afc1022660d,e31bf3bf42aea1af19eca9ff73e6bdfde1be0ab44677c1a4bf7710959906aaeb,e5f53c0e2f5c30c15473553946b13d0eb2af1934b2fb547a54fa071f8a1e19bd,adam,0.001,0.0,step,"{""scheduler_gamma"": 0.5, ""scheduler_step_size"": 100}",1.0,4,1,1,False,500,500,225000,225000,equal,900000,fixed_500_epochs_last_checkpoint (original protocol; derived from planned epochs and no early stopping),max_epochs_500,completed,"complete_valid (nine strict blocks, 200 identities each)",<COMMIT-1>,2026-09-25 (pdeobs-prediction-verification/20260925-v1),"{""actual_examples_processed"": ""derived: completed epochs x 1800 training records; code: src/pdeobs/runner.py::_loader batches the 1800 training records without drop_last in one process; src/pdeobs/training.py takes one optimizer update per batch (no gradient accumulation)"", ""actual_optimizer_updates"": ""archived_campaign index health.optimizer_steps (health.json of the credited attempt)"", ""batch_size/optimizer/schedule"": ""resolved.yaml of the released model (digest bound to the verification index)"", ""completed_epochs"": ""prediction_verification index actual_epochs (history entries of the credited checkpoint)"", ""planned_epochs"": ""index.cohort_evidence.planned_epochs"", ""segment_note"": null, ""stop_reason"": ""derived: completed == planned == 500 and no early stopping configured"", ""training_status"": ""index.cohort_evidence.training_status""}"
train-c913535ebe3abfde,original500,,darcy,pino,recovery,random_65pct,20260804,30e23377fb63c7ab5a7a5ce3f59309c45b2dd1b6b80e5a201b554afc1022660d,da9016a86bd3f0e148dd7f8318f56aa20de7caf30857762f01d7c78f30870d85,fd4fc0f137945f4d5395a43a71986b0bcb9c789b503ceb9f65add514200ce463,adam,0.001,0.0,step,"{""scheduler_gamma"": 0.5, ""scheduler_step_size"": 100}",1.0,4,1,1,False,500,500,225000,225000,equal,900000,fixed_500_epochs_last_checkpoint (original protocol; derived from planned epochs and no early stopping),max_epochs_500,completed,"complete_valid (nine strict blocks, 200 identities each)",<COMMIT-1>,2026-09-25 (pdeobs-prediction-verification/20260925-v1),"{""actual_examples_processed"": ""derived: completed epochs x 1800 training records; code: src/pdeobs/runner.py::_loader batches the 1800 training records without drop_last in one process; src/pdeobs/training.py takes one optimizer update per batch (no gradient accumulation)"", ""actual_optimizer_updates"": ""archived_campaign index health.optimizer_steps (health.json of the credited attempt)"", ""batch_size/optimizer/schedule"": ""resolved.yaml of the released model (digest bound to the verification index)"", ""completed_epochs"": ""prediction_verification index actual_epochs (history entries of the credited checkpoint)"", ""planned_epochs"": ""index.cohort_evidence.planned_epochs"", ""segment_note"": null, ""stop_reason"": ""derived: completed == planned == 500 and no early stopping configured"", ""training_status"": ""index.cohort_evidence.training_status""}"
train-1bab56853d7e050d,original500,,darcy,pino,recovery,random_80pct,20260804,30e23377fb63c7ab5a7a5ce3f59309c45b2dd1b6b80e5a201b554afc1022660d,42f1d3fd1a0a162df8ed90b0dd426cfe1f7e996fc9ab29c1ffbaa145c8d70a82,42b98fb88320bf12b467752719e48d522dc99ec44ae43b941546dfd0a5554b42,adam,0.001,0.0,step,"{""scheduler_gamma"": 0.5, ""scheduler_step_size"": 100}",1.0,4,1,1,False,500,500,225000,225000,equal,900000,fixed_500_epochs_last_checkpoint (original protocol; derived from planned epochs and no early stopping),max_epochs_500,completed,"complete_valid (nine strict blocks, 200 identities each)",<COMMIT-1>,2026-09-25 (pdeobs-prediction-verification/20260925-v1),"{""actual_examples_processed"": ""derived: completed epochs x 1800 training records; code: src/pdeobs/runner.py::_loader batches the 1800 training records without drop_last in one process; src/pdeobs/training.py takes one optimizer update per batch (no gradient accumulation)"", ""actual_optimizer_updates"": ""archived_campaign index health.optimizer_steps (health.json of the credited attempt)"", ""batch_size/optimizer/schedule"": ""resolved.yaml of the released model (digest bound to the verification index)"", ""completed_epochs"": ""prediction_verification index actual_epochs (history entries of the credited checkpoint)"", ""planned_epochs"": ""index.cohort_evidence.planned_epochs"", ""segment_note"": null, ""stop_reason"": ""derived: completed == planned == 500 and no early stopping configured"", ""training_status"": ""index.cohort_evidence.training_status""}"
train-b921736e4da1f7f6,original500,,darcy,pino,recovery,vertical_lines_50pct,20260804,30e23377fb63c7ab5a7a5ce3f59309c45b2dd1b6b80e5a201b554afc1022660d,45c592df38038306dbddc3719bb579a59cf27422cf66cd61b8326feaad42e791,a8e45071ef7dce6f8f126520aea2775392706721f38b7dc57f8c4cd5f977861d,adam,0.001,0.0,step,"{""scheduler_gamma"": 0.5, ""scheduler_step_size"": 100}",1.0,4,1,1,False,500,500,225000,225000,equal,900000,fixed_500_epochs_last_checkpoint (original protocol; derived from planned epochs and no early stopping),max_epochs_500,completed,"complete_valid (nine strict blocks, 200 identities each)",<COMMIT-1>,2026-09-25 (pdeobs-prediction-verification/20260925-v1),"{""actual_examples_processed"": ""derived: completed epochs x 1800 training records; code: src/pdeobs/runner.py::_loader batches the 1800 training records without drop_last in one process; src/pdeobs/training.py takes one optimizer update per batch (no gradient accumulation)"", ""actual_optimizer_updates"": ""archived_campaign index health.optimizer_steps (health.json of the credited attempt)"", ""batch_size/optimizer/schedule"": ""resolved.yaml of the released model (digest bound to the verification index)"", ""completed_epochs"": ""prediction_verification index actual_epochs (history entries of the credited checkpoint)"", ""planned_epochs"": ""index.cohort_evidence.planned_epochs"", ""segment_note"": null, ""stop_reason"": ""derived: completed == planned == 500 and no early stopping configured"", ""training_status"": ""index.cohort_evidence.training_status""}"
train-77d9ff34223102a1,original500,,darcy,transolver,recovery,block_observed_50pct,20260804,30e23377fb63c7ab5a7a5ce3f59309c45b2dd1b6b80e5a201b554afc1022660d,4b08a1485ad735d39cdb1a7ea24e79bdff2679f80b9fbde59932895c5a0b568c,dbb0cc1aac9b418b7170a9699c60a093017713a56f8fae855ba83d002323c57b,adamw,0.001,1e-05,one_cycle,"{""epochs"": 500, ""scheduler_anneal_strategy"": ""cos"", ""scheduler_div_factor"": 25.0, ""scheduler_final_div_factor"": 10000.0, ""scheduler_pct_start"": 0.3}",0.1,4,1,1,False,500,500,225000,225000,equal,900000,fixed_500_epochs_last_checkpoint (original protocol; derived from planned epochs and no early stopping),max_epochs_500,completed,"complete_valid (nine strict blocks, 200 identities each)",<COMMIT-1>,2026-09-25 (pdeobs-prediction-verification/20260925-v1),"{""actual_examples_processed"": ""derived: completed epochs x 1800 training records; code: src/pdeobs/runner.py::_loader batches the 1800 training records without drop_last in one process; src/pdeobs/training.py takes one optimizer update per batch (no gradient accumulation)"", ""actual_optimizer_updates"": ""archived_campaign index health.optimizer_steps (health.json of the credited attempt)"", ""batch_size/optimizer/schedule"": ""resolved.yaml of the released model (digest bound to the verification index)"", ""completed_epochs"": ""prediction_verification index actual_epochs (history entries of the credited checkpoint)"", ""planned_epochs"": ""index.cohort_evidence.planned_epochs"", ""segment_note"": null, ""stop_reason"": ""derived: completed == planned == 500 and no early stopping configured"", ""training_status"": ""index.cohort_evidence.training_status""}"
train-fee1cf425cef5759,budget200_min120,,darcy,transolver,recovery,boundary_band_50pct,20260804,30e23377fb63c7ab5a7a5ce3f59309c45b2dd1b6b80e5a201b554afc1022660d,b6cb77bc1cd3ed46df064a1355a5c5f8ce960dc2472a65ef06b7c9484b2e9cd0,3e23db508c594854807444e7ae688ad901a96659bfc8a75e05403dddbb637549,adamw,0.0005,1e-05,one_cycle,"{""epochs"": 200, ""scheduler_anneal_strategy"": ""cos"", ""scheduler_div_factor"": 25.0, ""scheduler_final_div_factor"": 10000.0, ""scheduler_pct_start"": 0.3}",0.1,4,1,1,False,200,200,90000,90000,equal,360000,pdeobs.max200-min120-then-train-data-patience10/20260920,max_epochs_200,completed,"complete_valid (nine strict blocks, 200 identities each)",<COMMIT-1>,2026-09-25 (pdeobs-prediction-verification/20260925-v1),"{""actual_examples_processed"": ""derived: completed epochs x 1800 training records; code: src/pdeobs/runner.py::_loader batches the 1800 training records without drop_last in one process; src/pdeobs/training.py takes one optimizer update per batch (no gradient accumulation)"", ""actual_optimizer_updates"": ""archived_campaign index health.optimizer_steps (health.json of the credited attempt)"", ""batch_size/optimizer/schedule"": ""resolved.yaml of the released model (digest bound to the verification index)"", ""completed_epochs"": ""prediction_verification index actual_epochs (history entries of the credited checkpoint)"", ""planned_epochs"": ""index.cohort_evidence.planned_epochs"", ""segment_note"": null, ""stop_reason"": ""index.stop_reason"", ""training_status"": ""index.cohort_evidence.training_status""}"
train-2ec2f28b8e75c8a0,original500,,darcy,transolver,recovery,clustered_50pct,20260804,30e23377fb63c7ab5a7a5ce3f59309c45b2dd1b6b80e5a201b554afc1022660d,036d88dc93e12f3fb3e39e05162fb9581e0ec0c268a9bc61323a1ec59f788c0c,2b506931b9f010810a5b895fd8e5df7fc1e5894a9f17f21a1cb6361c33bcbc0f,adamw,0.001,1e-05,one_cycle,"{""epochs"": 500, ""scheduler_anneal_strategy"": ""cos"", ""scheduler_div_factor"": 25.0, ""scheduler_final_div_factor"": 10000.0, ""scheduler_pct_start"": 0.3}",0.1,4,1,1,False,500,500,225000,225000,equal,900000,fixed_500_epochs_last_checkpoint (original protocol; derived from planned epochs and no early stopping),max_epochs_500,completed,"complete_valid (nine strict blocks, 200 identities each)",<COMMIT-1>,2026-09-25 (pdeobs-prediction-verification/20260925-v1),"{""actual_examples_processed"": ""derived: completed epochs x 1800 training records; code: src/pdeobs/runner.py::_loader batches the 1800 training records without drop_last in one process; src/pdeobs/training.py takes one optimizer update per batch (no gradient accumulation)"", ""actual_optimizer_updates"": ""archived_campaign index health.optimizer_steps (health.json of the credited attempt)"", ""batch_size/optimizer/schedule"": ""resolved.yaml of the released model (digest bound to the verification index)"", ""completed_epochs"": ""prediction_verification index actual_epochs (history entries of the credited checkpoint)"", ""planned_epochs"": ""index.cohort_evidence.planned_epochs"", ""segment_note"": null, ""stop_reason"": ""derived: completed == planned == 500 and no early stopping configured"", ""training_status"": ""index.cohort_evidence.training_status""}"
train-ffc1fa9fce7d8770,original500,,darcy,transolver,recovery,horizontal_lines_50pct,20260804,30e23377fb63c7ab5a7a5ce3f59309c45b2dd1b6b80e5a201b554afc1022660d,ac0ae9c788a84f4e36b192adf8ce7e880760a986b352e8f3efb307dca5dac72c,6e1d3d82226bf935d21dccb8307b4ccc296d2c6e509aa97d8a65d1caf928c4b9,adamw,0.001,1e-05,one_cycle,"{""epochs"": 500, ""scheduler_anneal_strategy"": ""cos"", ""scheduler_div_factor"": 25.0, ""scheduler_final_div_factor"": 10000.0, ""scheduler_pct_start"": 0.3}",0.1,4,1,1,False,500,500,225000,225000,equal,900000,fixed_500_epochs_last_checkpoint (original protocol; derived from planned epochs and no early stopping),max_epochs_500,completed,"complete_valid (nine strict blocks, 200 identities each)",<COMMIT-1>,2026-09-25 (pdeobs-prediction-verification/20260925-v1),"{""actual_examples_processed"": ""derived: completed epochs x 1800 training records; code: src/pdeobs/runner.py::_loader batches the 1800 training records without drop_last in one process; src/pdeobs/training.py takes one optimizer update per batch (no gradient accumulation)"", ""actual_optimizer_updates"": ""archived_campaign index health.optimizer_steps (health.json of the credited attempt)"", ""batch_size/optimizer/schedule"": ""resolved.yaml of the released model (digest bound to the verification index)"", ""completed_epochs"": ""prediction_verification index actual_epochs (history entries of the credited checkpoint)"", ""planned_epochs"": ""index.cohort_evidence.planned_epochs"", ""segment_note"": null, ""stop_reason"": ""derived: completed == planned == 500 and no early stopping configured"", ""training_status"": ""index.cohort_evidence.training_status""}"
train-cf4c1267e0629b6f,original500,,darcy,transolver,recovery,line_sensors_50pct,20260804,30e23377fb63c7ab5a7a5ce3f59309c45b2dd1b6b80e5a201b554afc1022660d,4a27f0e32524597ad29df5e719d013e0532850f176fc3a3acca60ee4a02481ad,d03023205b710633219f7ab168ce08625536ce0e79ee800e3941f4724082df95,adamw,0.001,1e-05,one_cycle,"{""epochs"": 500, ""scheduler_anneal_strategy"": ""cos"", ""scheduler_div_factor"": 25.0, ""scheduler_final_div_factor"": 10000.0, ""scheduler_pct_start"": 0.3}",0.1,4,1,1,False,500,500,225000,225000,equal,900000,fixed_500_epochs_last_checkpoint (original protocol; derived from planned epochs and no early stopping),max_epochs_500,completed,"complete_valid (nine strict blocks, 200 identities each)",<COMMIT-1>,2026-09-25 (pdeobs-prediction-verification/20260925-v1),"{""actual_examples_processed"": ""derived: completed epochs x 1800 training records; code: src/pdeobs/runner.py::_loader batches the 1800 training records without drop_last in one process; src/pdeobs/training.py takes one optimizer update per batch (no gradient accumulation)"", ""actual_optimizer_updates"": ""archived_campaign index health.optimizer_steps (health.json of the credited attempt)"", ""batch_size/optimizer/schedule"": ""resolved.yaml of the released model (digest bound to the verification index)"", ""completed_epochs"": ""prediction_verification index actual_epochs (history entries of the credited checkpoint)"", ""planned_epochs"": ""index.cohort_evidence.planned_epochs"", ""segment_note"": null, ""stop_reason"": ""derived: completed == planned == 500 and no early stopping configured"", ""training_status"": ""index.cohort_evidence.training_status""}"
train-c84712b9aeb4696f,original500,,darcy,transolver,recovery,random_50pct,20260804,30e23377fb63c7ab5a7a5ce3f59309c45b2dd1b6b80e5a201b554afc1022660d,55e4a15dcef06ed302d853e4510fab1fb51c8ece249244659cb27f74b7dc305b,24442f818f5a3ec172e04c74d096ccc2dab6b6d1d8ba46b4e1e21bbacf105c2c,adamw,0.001,1e-05,one_cycle,"{""epochs"": 500, ""scheduler_anneal_strategy"": ""cos"", ""scheduler_div_factor"": 25.0, ""scheduler_final_div_factor"": 10000.0, ""scheduler_pct_start"": 0.3}",0.1,4,1,1,False,500,500,225000,225000,equal,900000,fixed_500_epochs_last_checkpoint (original protocol; derived from planned epochs and no early stopping),max_epochs_500,completed,"complete_valid (nine strict blocks, 200 identities each)",<COMMIT-1>,2026-09-25 (pdeobs-prediction-verification/20260925-v1),"{""actual_examples_processed"": ""derived: completed epochs x 1800 training records; code: src/pdeobs/runner.py::_loader batches the 1800 training records without drop_last in one process; src/pdeobs/training.py takes one optimizer update per batch (no gradient accumulation)"", ""actual_optimizer_updates"": ""archived_campaign index health.optimizer_steps (health.json of the credited attempt)"", ""batch_size/optimizer/schedule"": ""resolved.yaml of the released model (digest bound to the verification index)"", ""completed_epochs"": ""prediction_verification index actual_epochs (history entries of the credited checkpoint)"", ""planned_epochs"": ""index.cohort_evidence.planned_epochs"", ""segment_note"": null, ""stop_reason"": ""derived: completed == planned == 500 and no early stopping configured"", ""training_status"": ""index.cohort_evidence.training_status""}"
train-2b877c03719b1e70,original500,,darcy,transolver,recovery,random_65pct,20260804,30e23377fb63c7ab5a7a5ce3f59309c45b2dd1b6b80e5a201b554afc1022660d,2d6543755782fa21ecdfc0825291a1015fb039bfcf3264ea659baab28a816403,cacf392ae4406bd65e031c6e9d20248e548d4691e37eff5ba5aa3f660d0518c8,adamw,0.001,1e-05,one_cycle,"{""epochs"": 500, ""scheduler_anneal_strategy"": ""cos"", ""scheduler_div_factor"": 25.0, ""scheduler_final_div_factor"": 10000.0, ""scheduler_pct_start"": 0.3}",0.1,4,1,1,False,500,500,225000,225000,equal,900000,fixed_500_epochs_last_checkpoint (original protocol; derived from planned epochs and no early stopping),max_epochs_500,completed,"complete_valid (nine strict blocks, 200 identities each)",<COMMIT-1>,2026-09-25 (pdeobs-prediction-verification/20260925-v1),"{""actual_examples_processed"": ""derived: completed epochs x 1800 training records; code: src/pdeobs/runner.py::_loader batches the 1800 training records without drop_last in one process; src/pdeobs/training.py takes one optimizer update per batch (no gradient accumulation)"", ""actual_optimizer_updates"": ""archived_campaign index health.optimizer_steps (health.json of the credited attempt)"", ""batch_size/optimizer/schedule"": ""resolved.yaml of the released model (digest bound to the verification index)"", ""completed_epochs"": ""prediction_verification index actual_epochs (history entries of the credited checkpoint)"", ""planned_epochs"": ""index.cohort_evidence.planned_epochs"", ""segment_note"": null, ""stop_reason"": ""derived: completed == planned == 500 and no early stopping configured"", ""training_status"": ""index.cohort_evidence.training_status""}"
train-f28f0d1dc15901cd,original500,,darcy,transolver,recovery,random_80pct,20260804,30e23377fb63c7ab5a7a5ce3f59309c45b2dd1b6b80e5a201b554afc1022660d,329c7136864e71931970ba598fc05c960bbb7560416767394b8fdd2685168a4f,ab7c42dddfc8ace37761c46e0b031a1692e42c8a2043221e882fe1c0b0645e43,adamw,0.001,1e-05,one_cycle,"{""epochs"": 500, ""scheduler_anneal_strategy"": ""cos"", ""scheduler_div_factor"": 25.0, ""scheduler_final_div_factor"": 10000.0, ""scheduler_pct_start"": 0.3}",0.1,4,1,1,False,500,500,225000,225000,equal,900000,fixed_500_epochs_last_checkpoint (original protocol; derived from planned epochs and no early stopping),max_epochs_500,completed,"complete_valid (nine strict blocks, 200 identities each)",<COMMIT-1>,2026-09-25 (pdeobs-prediction-verification/20260925-v1),"{""actual_examples_processed"": ""derived: completed epochs x 1800 training records; code: src/pdeobs/runner.py::_loader batches the 1800 training records without drop_last in one process; src/pdeobs/training.py takes one optimizer update per batch (no gradient accumulation)"", ""actual_optimizer_updates"": ""archived_campaign index health.optimizer_steps (health.json of the credited attempt)"", ""batch_size/optimizer/schedule"": ""resolved.yaml of the released model (digest bound to the verification index)"", ""completed_epochs"": ""prediction_verification index actual_epochs (history entries of the credited checkpoint)"", ""planned_epochs"": ""index.cohort_evidence.planned_epochs"", ""segment_note"": null, ""stop_reason"": ""derived: completed == planned == 500 and no early stopping configured"", ""training_status"": ""index.cohort_evidence.training_status""}"
train-dc89b68273bbce74,original500,,darcy,transolver,recovery,vertical_lines_50pct,20260804,30e23377fb63c7ab5a7a5ce3f59309c45b2dd1b6b80e5a201b554afc1022660d,79ff55025caf80f8994ef190889911062696d943d687900bfee88960231eace3,0f638a0640864ba9633f7fd3d915f8549a33c827350339549cb8a5373cd1ca7e,adamw,0.001,1e-05,one_cycle,"{""epochs"": 500, ""scheduler_anneal_strategy"": ""cos"", ""scheduler_div_factor"": 25.0, ""scheduler_final_div_factor"": 10000.0, ""scheduler_pct_start"": 0.3}",0.1,4,1,1,False,500,500,225000,225000,equal,900000,fixed_500_epochs_last_checkpoint (original protocol; derived from planned epochs and no early stopping),max_epochs_500,completed,"complete_valid (nine strict blocks, 200 identities each)",<COMMIT-1>,2026-09-25 (pdeobs-prediction-verification/20260925-v1),"{""actual_examples_processed"": ""derived: completed epochs x 1800 training records; code: src/pdeobs/runner.py::_loader batches the 1800 training records without drop_last in one process; src/pdeobs/training.py takes one optimizer update per batch (no gradient accumulation)"", ""actual_optimizer_updates"": ""archived_campaign index health.optimizer_steps (health.json of the credited attempt)"", ""batch_size/optimizer/schedule"": ""resolved.yaml of the released model (digest bound to the verification index)"", ""completed_epochs"": ""prediction_verification index actual_epochs (history entries of the credited checkpoint)"", ""planned_epochs"": ""index.cohort_evidence.planned_epochs"", ""segment_note"": null, ""stop_reason"": ""derived: completed == planned == 500 and no early stopping configured"", ""training_status"": ""index.cohort_evidence.training_status""}"
train-81f236cd363f3682,original500,,darcy,ufno_2d,recovery,block_observed_50pct,20260804,30e23377fb63c7ab5a7a5ce3f59309c45b2dd1b6b80e5a201b554afc1022660d,865853d6b8edbc487d8e094e9c14230ccf5cf628996771484fa1ec1a4f4953c5,5faae3c0b4b9f2e5de25608e76802badc434099236fb1530a010381c089f52d1,adam,0.001,0.0001,step,"{""scheduler_gamma"": 0.5, ""scheduler_step_size"": 100}",1.0,4,1,1,False,500,500,225000,225000,equal,900000,fixed_500_epochs_last_checkpoint (original protocol; derived from planned epochs and no early stopping),max_epochs_500,completed,"complete_valid (nine strict blocks, 200 identities each)",<COMMIT-1>,2026-09-25 (pdeobs-prediction-verification/20260925-v1),"{""actual_examples_processed"": ""derived: completed epochs x 1800 training records; code: src/pdeobs/runner.py::_loader batches the 1800 training records without drop_last in one process; src/pdeobs/training.py takes one optimizer update per batch (no gradient accumulation)"", ""actual_optimizer_updates"": ""archived_campaign index health.optimizer_steps (health.json of the credited attempt)"", ""batch_size/optimizer/schedule"": ""resolved.yaml of the released model (digest bound to the verification index)"", ""completed_epochs"": ""prediction_verification index actual_epochs (history entries of the credited checkpoint)"", ""planned_epochs"": ""index.cohort_evidence.planned_epochs"", ""segment_note"": null, ""stop_reason"": ""derived: completed == planned == 500 and no early stopping configured"", ""training_status"": ""index.cohort_evidence.training_status""}"
train-5239082a2341e727,original500,,darcy,ufno_2d,recovery,boundary_band_50pct,20260804,30e23377fb63c7ab5a7a5ce3f59309c45b2dd1b6b80e5a201b554afc1022660d,29efe56e17fb86ced82cd4331aa7a3e08f0a1dd775ae166ee87fc36827b4defc,cce1c6d6e74c198d20f755e9209720a0bd31f4eb5e21e3981e5b4557ace38933,adam,0.001,0.0001,step,"{""scheduler_gamma"": 0.5, ""scheduler_step_size"": 100}",1.0,4,1,1,False,500,500,225000,225000,equal,900000,fixed_500_epochs_last_checkpoint (original protocol; derived from planned epochs and no early stopping),max_epochs_500,completed,"complete_valid (nine strict blocks, 200 identities each)",<COMMIT-1>,2026-09-25 (pdeobs-prediction-verification/20260925-v1),"{""actual_examples_processed"": ""derived: completed epochs x 1800 training records; code: src/pdeobs/runner.py::_loader batches the 1800 training records without drop_last in one process; src/pdeobs/training.py takes one optimizer update per batch (no gradient accumulation)"", ""actual_optimizer_updates"": ""archived_campaign index health.optimizer_steps (health.json of the credited attempt)"", ""batch_size/optimizer/schedule"": ""resolved.yaml of the released model (digest bound to the verification index)"", ""completed_epochs"": ""prediction_verification index actual_epochs (history entries of the credited checkpoint)"", ""planned_epochs"": ""index.cohort_evidence.planned_epochs"", ""segment_note"": null, ""stop_reason"": ""derived: completed == planned == 500 and no early stopping configured"", ""training_status"": ""index.cohort_evidence.training_status""}"
train-1415e511e60f9925,original500,,darcy,ufno_2d,recovery,clustered_50pct,20260804,30e23377fb63c7ab5a7a5ce3f59309c45b2dd1b6b80e5a201b554afc1022660d,07e63d0e869a5651819f8a7f698def8864ec48f6d98f9660865571568f4ab5f9,c0d65ad3cac28001b418c51aaf1924f19e3380d40d5a161ae0a6122af935f4fc,adam,0.001,0.0001,step,"{""scheduler_gamma"": 0.5, ""scheduler_step_size"": 100}",1.0,4,1,1,False,500,500,225000,225000,equal,900000,fixed_500_epochs_last_checkpoint (original protocol; derived from planned epochs and no early stopping),max_epochs_500,completed,"complete_valid (nine strict blocks, 200 identities each)",<COMMIT-1>,2026-09-25 (pdeobs-prediction-verification/20260925-v1),"{""actual_examples_processed"": ""derived: completed epochs x 1800 training records; code: src/pdeobs/runner.py::_loader batches the 1800 training records without drop_last in one process; src/pdeobs/training.py takes one optimizer update per batch (no gradient accumulation)"", ""actual_optimizer_updates"": ""archived_campaign index health.optimizer_steps (health.json of the credited attempt)"", ""batch_size/optimizer/schedule"": ""resolved.yaml of the released model (digest bound to the verification index)"", ""completed_epochs"": ""prediction_verification index actual_epochs (history entries of the credited checkpoint)"", ""planned_epochs"": ""index.cohort_evidence.planned_epochs"", ""segment_note"": null, ""stop_reason"": ""derived: completed == planned == 500 and no early stopping configured"", ""training_status"": ""index.cohort_evidence.training_status""}"
train-5c9e1b9455e6969b,original500,,darcy,ufno_2d,recovery,horizontal_lines_50pct,20260804,30e23377fb63c7ab5a7a5ce3f59309c45b2dd1b6b80e5a201b554afc1022660d,18029988bed7d790fa0c790b3f34d6a8170eba6ad03d15d82e7402be5239c5fc,113887fef25ec423e395a67bc832c8f35e7dfa3ba7d9e86dae66fe60d55e3f27,adam,0.001,0.0001,step,"{""scheduler_gamma"": 0.5, ""scheduler_step_size"": 100}",1.0,4,1,1,False,500,500,225000,225000,equal,900000,fixed_500_epochs_last_checkpoint (original protocol; derived from planned epochs and no early stopping),max_epochs_500,completed,"complete_valid (nine strict blocks, 200 identities each)",<COMMIT-1>,2026-09-25 (pdeobs-prediction-verification/20260925-v1),"{""actual_examples_processed"": ""derived: completed epochs x 1800 training records; code: src/pdeobs/runner.py::_loader batches the 1800 training records without drop_last in one process; src/pdeobs/training.py takes one optimizer update per batch (no gradient accumulation)"", ""actual_optimizer_updates"": ""archived_campaign index health.optimizer_steps (health.json of the credited attempt)"", ""batch_size/optimizer/schedule"": ""resolved.yaml of the released model (digest bound to the verification index)"", ""completed_epochs"": ""prediction_verification index actual_epochs (history entries of the credited checkpoint)"", ""planned_epochs"": ""index.cohort_evidence.planned_epochs"", ""segment_note"": null, ""stop_reason"": ""derived: completed == planned == 500 and no early stopping configured"", ""training_status"": ""index.cohort_evidence.training_status""}"
train-455281c34a50a462,original500,,darcy,ufno_2d,recovery,line_sensors_50pct,20260804,30e23377fb63c7ab5a7a5ce3f59309c45b2dd1b6b80e5a201b554afc1022660d,07a63724e0edd0e8d1f3e340a0f2a6b587e2a99508f379386f5b699ce4b641e8,e014694fcb8af5d547992e41da814df95ea2914b4a67c9dd702e0e919e8211bd,adam,0.001,0.0001,step,"{""scheduler_gamma"": 0.5, ""scheduler_step_size"": 100}",1.0,4,1,1,False,500,500,225000,225000,equal,900000,fixed_500_epochs_last_checkpoint (original protocol; derived from planned epochs and no early stopping),max_epochs_500,completed,"complete_valid (nine strict blocks, 200 identities each)",<COMMIT-1>,2026-09-25 (pdeobs-prediction-verification/20260925-v1),"{""actual_examples_processed"": ""derived: completed epochs x 1800 training records; code: src/pdeobs/runner.py::_loader batches the 1800 training records without drop_last in one process; src/pdeobs/training.py takes one optimizer update per batch (no gradient accumulation)"", ""actual_optimizer_updates"": ""archived_campaign index health.optimizer_steps (health.json of the credited attempt)"", ""batch_size/optimizer/schedule"": ""resolved.yaml of the released model (digest bound to the verification index)"", ""completed_epochs"": ""prediction_verification index actual_epochs (history entries of the credited checkpoint)"", ""planned_epochs"": ""index.cohort_evidence.planned_epochs"", ""segment_note"": null, ""stop_reason"": ""derived: completed == planned == 500 and no early stopping configured"", ""training_status"": ""index.cohort_evidence.training_status""}"
train-2866988aeb99448e,original500,,darcy,ufno_2d,recovery,random_50pct,20260804,30e23377fb63c7ab5a7a5ce3f59309c45b2dd1b6b80e5a201b554afc1022660d,13ca6557d1e874601e673452cc377ad30e35c79e4e61d58bccc6ba8277f0c4bd,9522902b7130cc558257205cd34308b3c1f16493b43438afff3810153008d503,adam,0.001,0.0001,step,"{""scheduler_gamma"": 0.5, ""scheduler_step_size"": 100}",1.0,4,1,1,False,500,500,225000,225000,equal,900000,fixed_500_epochs_last_checkpoint (original protocol; derived from planned epochs and no early stopping),max_epochs_500,completed,"complete_valid (nine strict blocks, 200 identities each)",<COMMIT-1>,2026-09-25 (pdeobs-prediction-verification/20260925-v1),"{""actual_examples_processed"": ""derived: completed epochs x 1800 training records; code: src/pdeobs/runner.py::_loader batches the 1800 training records without drop_last in one process; src/pdeobs/training.py takes one optimizer update per batch (no gradient accumulation)"", ""actual_optimizer_updates"": ""archived_campaign index health.optimizer_steps (health.json of the credited attempt)"", ""batch_size/optimizer/schedule"": ""resolved.yaml of the released model (digest bound to the verification index)"", ""completed_epochs"": ""prediction_verification index actual_epochs (history entries of the credited checkpoint)"", ""planned_epochs"": ""index.cohort_evidence.planned_epochs"", ""segment_note"": null, ""stop_reason"": ""derived: completed == planned == 500 and no early stopping configured"", ""training_status"": ""index.cohort_evidence.training_status""}"
train-0cc5f06a2042a8a2,original500,,darcy,ufno_2d,recovery,random_65pct,20260804,30e23377fb63c7ab5a7a5ce3f59309c45b2dd1b6b80e5a201b554afc1022660d,128cd3ccf16e142cc6422edca3f0d5635cb1d75038957beceea39a6874a3e8ed,4d5f29c7f957f21d488fa61c17f2835805ef31d5385113838a0288faeae0f2d3,adam,0.001,0.0001,step,"{""scheduler_gamma"": 0.5, ""scheduler_step_size"": 100}",1.0,4,1,1,False,500,500,225000,225000,equal,900000,fixed_500_epochs_last_checkpoint (original protocol; derived from planned epochs and no early stopping),max_epochs_500,completed,"complete_valid (nine strict blocks, 200 identities each)",<COMMIT-1>,2026-09-25 (pdeobs-prediction-verification/20260925-v1),"{""actual_examples_processed"": ""derived: completed epochs x 1800 training records; code: src/pdeobs/runner.py::_loader batches the 1800 training records without drop_last in one process; src/pdeobs/training.py takes one optimizer update per batch (no gradient accumulation)"", ""actual_optimizer_updates"": ""archived_campaign index health.optimizer_steps (health.json of the credited attempt)"", ""batch_size/optimizer/schedule"": ""resolved.yaml of the released model (digest bound to the verification index)"", ""completed_epochs"": ""prediction_verification index actual_epochs (history entries of the credited checkpoint)"", ""planned_epochs"": ""index.cohort_evidence.planned_epochs"", ""segment_note"": null, ""stop_reason"": ""derived: completed == planned == 500 and no early stopping configured"", ""training_status"": ""index.cohort_evidence.training_status""}"
train-c2e2b73f9adac798,original500,,darcy,ufno_2d,recovery,random_80pct,20260804,30e23377fb63c7ab5a7a5ce3f59309c45b2dd1b6b80e5a201b554afc1022660d,eb1d48bbe86f06fae61d25fdde0f4d40f097587cbe00355a9b51f95d3a6ac777,a00932add6d69041d768c4e7300cf49aa668f889ef179c190a789ca0bc795282,adam,0.001,0.0001,step,"{""scheduler_gamma"": 0.5, ""scheduler_step_size"": 100}",1.0,4,1,1,False,500,500,225000,225000,equal,900000,fixed_500_epochs_last_checkpoint (original protocol; derived from planned epochs and no early stopping),max_epochs_500,completed,"complete_valid (nine strict blocks, 200 identities each)",<COMMIT-1>,2026-09-25 (pdeobs-prediction-verification/20260925-v1),"{""actual_examples_processed"": ""derived: completed epochs x 1800 training records; code: src/pdeobs/runner.py::_loader batches the 1800 training records without drop_last in one process; src/pdeobs/training.py takes one optimizer update per batch (no gradient accumulation)"", ""actual_optimizer_updates"": ""archived_campaign index health.optimizer_steps (health.json of the credited attempt)"", ""batch_size/optimizer/schedule"": ""resolved.yaml of the released model (digest bound to the verification index)"", ""completed_epochs"": ""prediction_verification index actual_epochs (history entries of the credited checkpoint)"", ""planned_epochs"": ""index.cohort_evidence.planned_epochs"", ""segment_note"": null, ""stop_reason"": ""derived: completed == planned == 500 and no early stopping configured"", ""training_status"": ""index.cohort_evidence.training_status""}"
train-fc1f65dc2bdd5a22,original500,,darcy,ufno_2d,recovery,vertical_lines_50pct,20260804,30e23377fb63c7ab5a7a5ce3f59309c45b2dd1b6b80e5a201b554afc1022660d,e6d581273750db562838a2c61c72ee52ae71ba4f4fbfdd54facdf56d866eb011,5341140db8c5dbc24d76978a53c8add479e4288329eb40896781ab435d6de3df,adam,0.001,0.0001,step,"{""scheduler_gamma"": 0.5, ""scheduler_step_size"": 100}",1.0,4,1,1,False,500,500,225000,225000,equal,900000,fixed_500_epochs_last_checkpoint (original protocol; derived from planned epochs and no early stopping),max_epochs_500,completed,"complete_valid (nine strict blocks, 200 identities each)",<COMMIT-1>,2026-09-25 (pdeobs-prediction-verification/20260925-v1),"{""actual_examples_processed"": ""derived: completed epochs x 1800 training records; code: src/pdeobs/runner.py::_loader batches the 1800 training records without drop_last in one process; src/pdeobs/training.py takes one optimizer update per batch (no gradient accumulation)"", ""actual_optimizer_updates"": ""archived_campaign index health.optimizer_steps (health.json of the credited attempt)"", ""batch_size/optimizer/schedule"": ""resolved.yaml of the released model (digest bound to the verification index)"", ""completed_epochs"": ""prediction_verification index actual_epochs (history entries of the credited checkpoint)"", ""planned_epochs"": ""index.cohort_evidence.planned_epochs"", ""segment_note"": null, ""stop_reason"": ""derived: completed == planned == 500 and no early stopping configured"", ""training_status"": ""index.cohort_evidence.training_status""}"
train-2b8e05f416502741,original500,,heat,cno,rollout,block_observed_50pct,20260804,7b3796080fb70ffdcbd55ccff4347ab70f25007551fa2e4484a7dc44b91a6122,c02574a6fa30a92f68e1fdb690849ce749445a51349b63ced4f9bb4ecac3b08f,8657eeefcd5c29dbd2f7badb87adad84631702f4cab9956c7996b46cbf565d9f,adamw,0.001,1e-06,step,"{""scheduler_gamma"": 0.5, ""scheduler_step_size"": 100}",1.0,8,1,1,False,500,500,112500,112500,equal,900000,fixed_500_epochs_last_checkpoint (original protocol; derived from planned epochs and no early stopping),max_epochs_500,completed,"complete_valid (nine strict blocks, 200 identities each)",<COMMIT-1>,2026-09-25 (pdeobs-prediction-verification/20260925-v1),"{""actual_examples_processed"": ""derived: completed epochs x 1800 training records; code: src/pdeobs/runner.py::_loader batches the 1800 training records without drop_last in one process; src/pdeobs/training.py takes one optimizer update per batch (no gradient accumulation)"", ""actual_optimizer_updates"": ""archived_campaign index health.optimizer_steps (health.json of the credited attempt)"", ""batch_size/optimizer/schedule"": ""resolved.yaml of the released model (digest bound to the verification index)"", ""completed_epochs"": ""prediction_verification index actual_epochs (history entries of the credited checkpoint)"", ""planned_epochs"": ""index.cohort_evidence.planned_epochs"", ""segment_note"": null, ""stop_reason"": ""derived: completed == planned == 500 and no early stopping configured"", ""training_status"": ""index.cohort_evidence.training_status""}"
train-7dfdcb2b4fb9c406,original500,,heat,cno,rollout,boundary_band_50pct,20260804,7b3796080fb70ffdcbd55ccff4347ab70f25007551fa2e4484a7dc44b91a6122,93b49a91e3b4cbd8db6190429b21a0799bcd20402a2a31998260e19879cd8e09,f26b34b5da11fe326ea93514ec80f9a50868fd637fc00385d746c94dc7fcbf0a,adamw,0.001,1e-06,step,"{""scheduler_gamma"": 0.5, ""scheduler_step_size"": 100}",1.0,8,1,1,False,500,500,112500,112500,equal,900000,fixed_500_epochs_last_checkpoint (original protocol; derived from planned epochs and no early stopping),max_epochs_500,completed,"complete_valid (nine strict blocks, 200 identities each)",<COMMIT-1>,2026-09-25 (pdeobs-prediction-verification/20260925-v1),"{""actual_examples_processed"": ""derived: completed epochs x 1800 training records; code: src/pdeobs/runner.py::_loader batches the 1800 training records without drop_last in one process; src/pdeobs/training.py takes one optimizer update per batch (no gradient accumulation)"", ""actual_optimizer_updates"": ""archived_campaign index health.optimizer_steps (health.json of the credited attempt)"", ""batch_size/optimizer/schedule"": ""resolved.yaml of the released model (digest bound to the verification index)"", ""completed_epochs"": ""prediction_verification index actual_epochs (history entries of the credited checkpoint)"", ""planned_epochs"": ""index.cohort_evidence.planned_epochs"", ""segment_note"": null, ""stop_reason"": ""derived: completed == planned == 500 and no early stopping configured"", ""training_status"": ""index.cohort_evidence.training_status""}"
train-1427a192bf9b9729,original500,,heat,cno,rollout,clustered_50pct,20260804,7b3796080fb70ffdcbd55ccff4347ab70f25007551fa2e4484a7dc44b91a6122,75af6316e8c9c82b67076f1d722f4dd4bc34aee8739c36d88569447444071ce8,edd92fc8ad473d6e78cff6685f5bdf9a34973cfc1d7413fdce2b6aba0beee013,adamw,0.001,1e-06,step,"{""scheduler_gamma"": 0.5, ""scheduler_step_size"": 100}",1.0,8,1,1,False,500,500,112500,112500,equal,900000,fixed_500_epochs_last_checkpoint (original protocol; derived from planned epochs and no early stopping),max_epochs_500,completed,"complete_valid (nine strict blocks, 200 identities each)",<COMMIT-1>,2026-09-25 (pdeobs-prediction-verification/20260925-v1),"{""actual_examples_processed"": ""derived: completed epochs x 1800 training records; code: src/pdeobs/runner.py::_loader batches the 1800 training records without drop_last in one process; src/pdeobs/training.py takes one optimizer update per batch (no gradient accumulation)"", ""actual_optimizer_updates"": ""archived_campaign index health.optimizer_steps (health.json of the credited attempt)"", ""batch_size/optimizer/schedule"": ""resolved.yaml of the released model (digest bound to the verification index)"", ""completed_epochs"": ""prediction_verification index actual_epochs (history entries of the credited checkpoint)"", ""planned_epochs"": ""index.cohort_evidence.planned_epochs"", ""segment_note"": null, ""stop_reason"": ""derived: completed == planned == 500 and no early stopping configured"", ""training_status"": ""index.cohort_evidence.training_status""}"
train-e34c40a1acf993b1,original500,,heat,cno,rollout,horizontal_lines_50pct,20260804,7b3796080fb70ffdcbd55ccff4347ab70f25007551fa2e4484a7dc44b91a6122,30a273eb8fd036670f92cf32af74fc56e5b2e2a0d1b882e8e232ee37882d4ee8,19822ea8d9359b672074af65f53679271e886f48f9d4da2243547c3c053e1b24,adamw,0.001,1e-06,step,"{""scheduler_gamma"": 0.5, ""scheduler_step_size"": 100}",1.0,8,1,1,False,500,500,112500,112500,equal,900000,fixed_500_epochs_last_checkpoint (original protocol; derived from planned epochs and no early stopping),max_epochs_500,completed,"complete_valid (nine strict blocks, 200 identities each)",<COMMIT-1>,2026-09-25 (pdeobs-prediction-verification/20260925-v1),"{""actual_examples_processed"": ""derived: completed epochs x 1800 training records; code: src/pdeobs/runner.py::_loader batches the 1800 training records without drop_last in one process; src/pdeobs/training.py takes one optimizer update per batch (no gradient accumulation)"", ""actual_optimizer_updates"": ""archived_campaign index health.optimizer_steps (health.json of the credited attempt)"", ""batch_size/optimizer/schedule"": ""resolved.yaml of the released model (digest bound to the verification index)"", ""completed_epochs"": ""prediction_verification index actual_epochs (history entries of the credited checkpoint)"", ""planned_epochs"": ""index.cohort_evidence.planned_epochs"", ""segment_note"": null, ""stop_reason"": ""derived: completed == planned == 500 and no early stopping configured"", ""training_status"": ""index.cohort_evidence.training_status""}"
train-591c0e649c44a121,original500,,heat,cno,rollout,line_sensors_50pct,20260804,7b3796080fb70ffdcbd55ccff4347ab70f25007551fa2e4484a7dc44b91a6122,a293f4c5764a3ce3ba55f37022398b393b98a7e6d00690017d20ff4f905a8b32,32a2552111fbf690d8079b6d003460cb8902bc034eb6c7b6c713b629f0e833a6,adamw,0.001,1e-06,step,"{""scheduler_gamma"": 0.5, ""scheduler_step_size"": 100}",1.0,8,1,1,False,500,500,112500,112500,equal,900000,fixed_500_epochs_last_checkpoint (original protocol; derived from planned epochs and no early stopping),max_epochs_500,completed,"complete_valid (nine strict blocks, 200 identities each)",<COMMIT-1>,2026-09-25 (pdeobs-prediction-verification/20260925-v1),"{""actual_examples_processed"": ""derived: completed epochs x 1800 training records; code: src/pdeobs/runner.py::_loader batches the 1800 training records without drop_last in one process; src/pdeobs/training.py takes one optimizer update per batch (no gradient accumulation)"", ""actual_optimizer_updates"": ""archived_campaign index health.optimizer_steps (health.json of the credited attempt)"", ""batch_size/optimizer/schedule"": ""resolved.yaml of the released model (digest bound to the verification index)"", ""completed_epochs"": ""prediction_verification index actual_epochs (history entries of the credited checkpoint)"", ""planned_epochs"": ""index.cohort_evidence.planned_epochs"", ""segment_note"": null, ""stop_reason"": ""derived: completed == planned == 500 and no early stopping configured"", ""training_status"": ""index.cohort_evidence.training_status""}"
train-8100185874000018,original500,,heat,cno,rollout,random_50pct,20260804,7b3796080fb70ffdcbd55ccff4347ab70f25007551fa2e4484a7dc44b91a6122,5f591aeaad5929820dbc69ec250c225a39908c551b16e5f503d47f5b70788e64,e941a04c15b73d0e099473d447b05eb77b0ac9cba8862176b1ab019e78af9acd,adamw,0.001,1e-06,step,"{""scheduler_gamma"": 0.5, ""scheduler_step_size"": 100}",1.0,8,1,1,False,500,500,112500,112500,equal,900000,fixed_500_epochs_last_checkpoint (original protocol; derived from planned epochs and no early stopping),max_epochs_500,completed,"complete_valid (nine strict blocks, 200 identities each)",<COMMIT-1>,2026-09-25 (pdeobs-prediction-verification/20260925-v1),"{""actual_examples_processed"": ""derived: completed epochs x 1800 training records; code: src/pdeobs/runner.py::_loader batches the 1800 training records without drop_last in one process; src/pdeobs/training.py takes one optimizer update per batch (no gradient accumulation)"", ""actual_optimizer_updates"": ""archived_campaign index health.optimizer_steps (health.json of the credited attempt)"", ""batch_size/optimizer/schedule"": ""resolved.yaml of the released model (digest bound to the verification index)"", ""completed_epochs"": ""prediction_verification index actual_epochs (history entries of the credited checkpoint)"", ""planned_epochs"": ""index.cohort_evidence.planned_epochs"", ""segment_note"": null, ""stop_reason"": ""derived: completed == planned == 500 and no early stopping configured"", ""training_status"": ""index.cohort_evidence.training_status""}"
train-12e1ffa5082df8a1,original500,,heat,cno,rollout,random_65pct,20260804,7b3796080fb70ffdcbd55ccff4347ab70f25007551fa2e4484a7dc44b91a6122,2ab9e35be832437b6e456cf62c9bd447ee472f82b1c27c20d86f48b4721e19c8,e1e3566c2028aa30c95cd85c64f2facdf19382c93a1028a1ebe52fe000650731,adamw,0.001,1e-06,step,"{""scheduler_gamma"": 0.5, ""scheduler_step_size"": 100}",1.0,8,1,1,False,500,500,112500,112500,equal,900000,fixed_500_epochs_last_checkpoint (original protocol; derived from planned epochs and no early stopping),max_epochs_500,completed,"complete_valid (nine strict blocks, 200 identities each)",<COMMIT-1>,2026-09-25 (pdeobs-prediction-verification/20260925-v1),"{""actual_examples_processed"": ""derived: completed epochs x 1800 training records; code: src/pdeobs/runner.py::_loader batches the 1800 training records without drop_last in one process; src/pdeobs/training.py takes one optimizer update per batch (no gradient accumulation)"", ""actual_optimizer_updates"": ""archived_campaign index health.optimizer_steps (health.json of the credited attempt)"", ""batch_size/optimizer/schedule"": ""resolved.yaml of the released model (digest bound to the verification index)"", ""completed_epochs"": ""prediction_verification index actual_epochs (history entries of the credited checkpoint)"", ""planned_epochs"": ""index.cohort_evidence.planned_epochs"", ""segment_note"": null, ""stop_reason"": ""derived: completed == planned == 500 and no early stopping configured"", ""training_status"": ""index.cohort_evidence.training_status""}"
train-e2e65d18e084dc3f,original500,,heat,cno,rollout,random_80pct,20260804,7b3796080fb70ffdcbd55ccff4347ab70f25007551fa2e4484a7dc44b91a6122,58f8a0c93f40648d6b64fdbf6c34c86f539875baec12dd389622afad708111a1,80dc350ed27be7de0368469f98f53ef2d226992aac05443b3728f3bb0dc174bf,adamw,0.001,1e-06,step,"{""scheduler_gamma"": 0.5, ""scheduler_step_size"": 100}",1.0,8,1,1,False,500,500,112500,112500,equal,900000,fixed_500_epochs_last_checkpoint (original protocol; derived from planned epochs and no early stopping),max_epochs_500,completed,"complete_valid (nine strict blocks, 200 identities each)",<COMMIT-1>,2026-09-25 (pdeobs-prediction-verification/20260925-v1),"{""actual_examples_processed"": ""derived: completed epochs x 1800 training records; code: src/pdeobs/runner.py::_loader batches the 1800 training records without drop_last in one process; src/pdeobs/training.py takes one optimizer update per batch (no gradient accumulation)"", ""actual_optimizer_updates"": ""archived_campaign index health.optimizer_steps (health.json of the credited attempt)"", ""batch_size/optimizer/schedule"": ""resolved.yaml of the released model (digest bound to the verification index)"", ""completed_epochs"": ""prediction_verification index actual_epochs (history entries of the credited checkpoint)"", ""planned_epochs"": ""index.cohort_evidence.planned_epochs"", ""segment_note"": null, ""stop_reason"": ""derived: completed == planned == 500 and no early stopping configured"", ""training_status"": ""index.cohort_evidence.training_status""}"
train-10f313d512adadc7,original500,,heat,cno,rollout,vertical_lines_50pct,20260804,7b3796080fb70ffdcbd55ccff4347ab70f25007551fa2e4484a7dc44b91a6122,d7f25ff50e9f9176bdfc799b8f46abb9f798231564ce2aa244c1b1d6f1b2e5f5,61799a8397fe2bfe5211fc64cb546ac08cb64d69cbe8cbac000e49ecd9fb2fbc,adamw,0.001,1e-06,step,"{""scheduler_gamma"": 0.5, ""scheduler_step_size"": 100}",1.0,8,1,1,False,500,500,112500,112500,equal,900000,fixed_500_epochs_last_checkpoint (original protocol; derived from planned epochs and no early stopping),max_epochs_500,completed,"complete_valid (nine strict blocks, 200 identities each)",<COMMIT-1>,2026-09-25 (pdeobs-prediction-verification/20260925-v1),"{""actual_examples_processed"": ""derived: completed epochs x 1800 training records; code: src/pdeobs/runner.py::_loader batches the 1800 training records without drop_last in one process; src/pdeobs/training.py takes one optimizer update per batch (no gradient accumulation)"", ""actual_optimizer_updates"": ""archived_campaign index health.optimizer_steps (health.json of the credited attempt)"", ""batch_size/optimizer/schedule"": ""resolved.yaml of the released model (digest bound to the verification index)"", ""completed_epochs"": ""prediction_verification index actual_epochs (history entries of the credited checkpoint)"", ""planned_epochs"": ""index.cohort_evidence.planned_epochs"", ""segment_note"": null, ""stop_reason"": ""derived: completed == planned == 500 and no early stopping configured"", ""training_status"": ""index.cohort_evidence.training_status""}"
train-464db7e3b1287603,original500_recovered,,heat,deeponet,rollout,block_observed_50pct,20260804,7b3796080fb70ffdcbd55ccff4347ab70f25007551fa2e4484a7dc44b91a6122,ab1564c9225e912c8bd45a728fc2e9d097e8d7565a35e074e0741b3825d569fe,0af7aac73a3786da2e7ace47bed096639393eb4c8dd57a203cd6158f050e9f4c,adam,0.001,0.0,step,"{""scheduler_gamma"": 0.5, ""scheduler_step_size"": 100}",1.0,4,1,1,False,500,500,225000,225000,equal,900000,pdeobs.dynamic-method-budget/2026-09-14-r3,max_epochs_500,completed,"complete_valid (nine strict blocks, 200 identities each)",<COMMIT-1>,2026-09-25 (pdeobs-prediction-verification/20260925-v1),"{""actual_examples_processed"": ""derived: completed epochs x 1800 training records; code: src/pdeobs/runner.py::_loader batches the 1800 training records without drop_last in one process; src/pdeobs/training.py takes one optimizer update per batch (no gradient accumulation)"", ""actual_optimizer_updates"": ""archived_campaign index health.optimizer_steps (health.json of the credited attempt)"", ""batch_size/optimizer/schedule"": ""resolved.yaml of the released model (digest bound to the verification index)"", ""completed_epochs"": ""prediction_verification index actual_epochs (history entries of the credited checkpoint)"", ""planned_epochs"": ""index.cohort_evidence.planned_epochs"", ""segment_note"": null, ""stop_reason"": ""derived: completed == planned == 500 and no early stopping configured"", ""training_status"": ""index.cohort_evidence.training_status""}"
train-1ca6db162c4b5c46,original500_recovered,,heat,deeponet,rollout,boundary_band_50pct,20260804,7b3796080fb70ffdcbd55ccff4347ab70f25007551fa2e4484a7dc44b91a6122,378a370f16b43b80c16e8e5274ab9ea198bf66984c6856ff63e84143a2933847,3c648e6f796fb3f5f4cfe3b85d9616009455f6ddd12a5951f419050f2f868778,adam,0.001,0.0,step,"{""scheduler_gamma"": 0.5, ""scheduler_step_size"": 100}",1.0,4,1,1,False,500,500,225000,225000,equal,900000,pdeobs.dynamic-method-budget/2026-09-14-r3,max_epochs_500,completed,"complete_valid (nine strict blocks, 200 identities each)",<COMMIT-1>,2026-09-25 (pdeobs-prediction-verification/20260925-v1),"{""actual_examples_processed"": ""derived: completed epochs x 1800 training records; code: src/pdeobs/runner.py::_loader batches the 1800 training records without drop_last in one process; src/pdeobs/training.py takes one optimizer update per batch (no gradient accumulation)"", ""actual_optimizer_updates"": ""archived_campaign index health.optimizer_steps (health.json of the credited attempt)"", ""batch_size/optimizer/schedule"": ""resolved.yaml of the released model (digest bound to the verification index)"", ""completed_epochs"": ""prediction_verification index actual_epochs (history entries of the credited checkpoint)"", ""planned_epochs"": ""index.cohort_evidence.planned_epochs"", ""segment_note"": null, ""stop_reason"": ""derived: completed == planned == 500 and no early stopping configured"", ""training_status"": ""index.cohort_evidence.training_status""}"
train-fd16bd39216e3612,original500_recovered,,heat,deeponet,rollout,clustered_50pct,20260804,7b3796080fb70ffdcbd55ccff4347ab70f25007551fa2e4484a7dc44b91a6122,b898ed025d21688139312e03316f460b7f3492aa06dd84451942fdb822f6fed5,de72b86c9c1ad33ef86e8ca872b2eb14206cd949e456700c6c806ccc93ef19fa,adam,0.001,0.0,step,"{""scheduler_gamma"": 0.5, ""scheduler_step_size"": 100}",1.0,4,1,1,False,500,500,225000,225000,equal,900000,pdeobs.dynamic-method-budget/2026-09-14-r3,max_epochs_500,completed,"complete_valid (nine strict blocks, 200 identities each)",<COMMIT-1>,2026-09-25 (pdeobs-prediction-verification/20260925-v1),"{""actual_examples_processed"": ""derived: completed epochs x 1800 training records; code: src/pdeobs/runner.py::_loader batches the 1800 training records without drop_last in one process; src/pdeobs/training.py takes one optimizer update per batch (no gradient accumulation)"", ""actual_optimizer_updates"": ""archived_campaign index health.optimizer_steps (health.json of the credited attempt)"", ""batch_size/optimizer/schedule"": ""resolved.yaml of the released model (digest bound to the verification index)"", ""completed_epochs"": ""prediction_verification index actual_epochs (history entries of the credited checkpoint)"", ""planned_epochs"": ""index.cohort_evidence.planned_epochs"", ""segment_note"": null, ""stop_reason"": ""derived: completed == planned == 500 and no early stopping configured"", ""training_status"": ""index.cohort_evidence.training_status""}"
train-6ccecfa98e451919,original500,,heat,deeponet,rollout,horizontal_lines_50pct,20260804,7b3796080fb70ffdcbd55ccff4347ab70f25007551fa2e4484a7dc44b91a6122,8cb6e686ad0140a9e2b361010f3cf808875d744f8d8b9ee5ef65cad9aa0e0e23,57cee06e5c92ed45eff6950c3e941bf4807136140021c0b1cbd7cfdbfe378b65,adam,0.001,0.0,step,"{""scheduler_gamma"": 0.5, ""scheduler_step_size"": 100}",1.0,4,1,1,False,500,500,225000,225000,equal,900000,fixed_500_epochs_last_checkpoint (original protocol; derived from planned epochs and no early stopping),max_epochs_500,completed,"complete_valid (nine strict blocks, 200 identities each)",<COMMIT-1>,2026-09-25 (pdeobs-prediction-verification/20260925-v1),"{""actual_examples_processed"": ""derived: completed epochs x 1800 training records; code: src/pdeobs/runner.py::_loader batches the 1800 training records without drop_last in one process; src/pdeobs/training.py takes one optimizer update per batch (no gradient accumulation)"", ""actual_optimizer_updates"": ""archived_campaign index health.optimizer_steps (health.json of the credited attempt)"", ""batch_size/optimizer/schedule"": ""resolved.yaml of the released model (digest bound to the verification index)"", ""completed_epochs"": ""prediction_verification index actual_epochs (history entries of the credited checkpoint)"", ""planned_epochs"": ""index.cohort_evidence.planned_epochs"", ""segment_note"": null, ""stop_reason"": ""derived: completed == planned == 500 and no early stopping configured"", ""training_status"": ""index.cohort_evidence.training_status""}"
train-77d964159e4b3733,original500,,heat,deeponet,rollout,line_sensors_50pct,20260804,7b3796080fb70ffdcbd55ccff4347ab70f25007551fa2e4484a7dc44b91a6122,b3a7c8cac299dd65150d3634548cb200b84a76b9ed676d09d685e7900a2c0e0b,db8d49c92650fd98127fe9c52a78534fa91cd47db2eba7b04c2c5bdc4f92f642,adam,0.001,0.0,step,"{""scheduler_gamma"": 0.5, ""scheduler_step_size"": 100}",1.0,4,1,1,False,500,500,225000,225000,equal,900000,fixed_500_epochs_last_checkpoint (original protocol; derived from planned epochs and no early stopping),max_epochs_500,completed,"complete_valid (nine strict blocks, 200 identities each)",<COMMIT-1>,2026-09-25 (pdeobs-prediction-verification/20260925-v1),"{""actual_examples_processed"": ""derived: completed epochs x 1800 training records; code: src/pdeobs/runner.py::_loader batches the 1800 training records without drop_last in one process; src/pdeobs/training.py takes one optimizer update per batch (no gradient accumulation)"", ""actual_optimizer_updates"": ""archived_campaign index health.optimizer_steps (health.json of the credited attempt)"", ""batch_size/optimizer/schedule"": ""resolved.yaml of the released model (digest bound to the verification index)"", ""completed_epochs"": ""prediction_verification index actual_epochs (history entries of the credited checkpoint)"", ""planned_epochs"": ""index.cohort_evidence.planned_epochs"", ""segment_note"": null, ""stop_reason"": ""derived: completed == planned == 500 and no early stopping configured"", ""training_status"": ""index.cohort_evidence.training_status""}"
train-55300699af1233c1,original500,,heat,deeponet,rollout,random_50pct,20260804,7b3796080fb70ffdcbd55ccff4347ab70f25007551fa2e4484a7dc44b91a6122,608eadec328785d8900d8d28a0da0fb6cced7cec1e27d9fed70005ca485e947a,67cda5c80aea8f7b8c34f061137e5928dd7cf3c9dced6e97338fd361bed27322,adam,0.001,0.0,step,"{""scheduler_gamma"": 0.5, ""scheduler_step_size"": 100}",1.0,4,1,1,False,500,500,225000,225000,equal,900000,fixed_500_epochs_last_checkpoint (original protocol; derived from planned epochs and no early stopping),max_epochs_500,completed,"complete_valid (nine strict blocks, 200 identities each)",<COMMIT-1>,2026-09-25 (pdeobs-prediction-verification/20260925-v1),"{""actual_examples_processed"": ""derived: completed epochs x 1800 training records; code: src/pdeobs/runner.py::_loader batches the 1800 training records without drop_last in one process; src/pdeobs/training.py takes one optimizer update per batch (no gradient accumulation)"", ""actual_optimizer_updates"": ""archived_campaign index health.optimizer_steps (health.json of the credited attempt)"", ""batch_size/optimizer/schedule"": ""resolved.yaml of the released model (digest bound to the verification index)"", ""completed_epochs"": ""prediction_verification index actual_epochs (history entries of the credited checkpoint)"", ""planned_epochs"": ""index.cohort_evidence.planned_epochs"", ""segment_note"": null, ""stop_reason"": ""derived: completed == planned == 500 and no early stopping configured"", ""training_status"": ""index.cohort_evidence.training_status""}"
train-62f204c622178da9,original500_recovered,,heat,deeponet,rollout,random_65pct,20260804,7b3796080fb70ffdcbd55ccff4347ab70f25007551fa2e4484a7dc44b91a6122,c48bcf1d1e3e840e61371cb4816e234018278d5757b6fec7586077ae311e176f,9550d4d409421814ea938d6e84127ceb9be4bd1df49c1c3568d429b1164692cb,adam,0.001,0.0,step,"{""scheduler_gamma"": 0.5, ""scheduler_step_size"": 100}",1.0,4,1,1,False,500,500,225000,225000,equal,900000,pdeobs.dynamic-method-budget/2026-09-14-r3,max_epochs_500,completed,"complete_valid (nine strict blocks, 200 identities each)",<COMMIT-1>,2026-09-25 (pdeobs-prediction-verification/20260925-v1),"{""actual_examples_processed"": ""derived: completed epochs x 1800 training records; code: src/pdeobs/runner.py::_loader batches the 1800 training records without drop_last in one process; src/pdeobs/training.py takes one optimizer update per batch (no gradient accumulation)"", ""actual_optimizer_updates"": ""archived_campaign index health.optimizer_steps (health.json of the credited attempt)"", ""batch_size/optimizer/schedule"": ""resolved.yaml of the released model (digest bound to the verification index)"", ""completed_epochs"": ""prediction_verification index actual_epochs (history entries of the credited checkpoint)"", ""planned_epochs"": ""index.cohort_evidence.planned_epochs"", ""segment_note"": null, ""stop_reason"": ""derived: completed == planned == 500 and no early stopping configured"", ""training_status"": ""index.cohort_evidence.training_status""}"
train-c6a0a2da5205b435,original500,,heat,deeponet,rollout,random_80pct,20260804,7b3796080fb70ffdcbd55ccff4347ab70f25007551fa2e4484a7dc44b91a6122,78b2d252bacafb594ba01020b047c1d1ec231e1de1b86fa6bf38afce2ca728c5,01f1857fa26ba0d98190aecf19aff1239887f4cf85579a89586f00061fe67671,adam,0.001,0.0,step,"{""scheduler_gamma"": 0.5, ""scheduler_step_size"": 100}",1.0,4,1,1,False,500,500,225000,225000,equal,900000,fixed_500_epochs_last_checkpoint (original protocol; derived from planned epochs and no early stopping),max_epochs_500,completed,"complete_valid (nine strict blocks, 200 identities each)",<COMMIT-1>,2026-09-25 (pdeobs-prediction-verification/20260925-v1),"{""actual_examples_processed"": ""derived: completed epochs x 1800 training records; code: src/pdeobs/runner.py::_loader batches the 1800 training records without drop_last in one process; src/pdeobs/training.py takes one optimizer update per batch (no gradient accumulation)"", ""actual_optimizer_updates"": ""archived_campaign index health.optimizer_steps (health.json of the credited attempt)"", ""batch_size/optimizer/schedule"": ""resolved.yaml of the released model (digest bound to the verification index)"", ""completed_epochs"": ""prediction_verification index actual_epochs (history entries of the credited checkpoint)"", ""planned_epochs"": ""index.cohort_evidence.planned_epochs"", ""segment_note"": null, ""stop_reason"": ""derived: completed == planned == 500 and no early stopping configured"", ""training_status"": ""index.cohort_evidence.training_status""}"
train-3096cb76707c5263,original500,,heat,deeponet,rollout,vertical_lines_50pct,20260804,7b3796080fb70ffdcbd55ccff4347ab70f25007551fa2e4484a7dc44b91a6122,b5dbd6f1f8bde062bb2fe3f7044a401ae74bfb618dacb98a13349159acfa1dd4,b56759959a158cd6a7365ee6c9a4860e13be4fea9ef8bac85c77f65bc59c38c3,adam,0.001,0.0,step,"{""scheduler_gamma"": 0.5, ""scheduler_step_size"": 100}",1.0,4,1,1,False,500,500,225000,225000,equal,900000,fixed_500_epochs_last_checkpoint (original protocol; derived from planned epochs and no early stopping),max_epochs_500,completed,"complete_valid (nine strict blocks, 200 identities each)",<COMMIT-1>,2026-09-25 (pdeobs-prediction-verification/20260925-v1),"{""actual_examples_processed"": ""derived: completed epochs x 1800 training records; code: src/pdeobs/runner.py::_loader batches the 1800 training records without drop_last in one process; src/pdeobs/training.py takes one optimizer update per batch (no gradient accumulation)"", ""actual_optimizer_updates"": ""archived_campaign index health.optimizer_steps (health.json of the credited attempt)"", ""batch_size/optimizer/schedule"": ""resolved.yaml of the released model (digest bound to the verification index)"", ""completed_epochs"": ""prediction_verification index actual_epochs (history entries of the credited checkpoint)"", ""planned_epochs"": ""index.cohort_evidence.planned_epochs"", ""segment_note"": null, ""stop_reason"": ""derived: completed == planned == 500 and no early stopping configured"", ""training_status"": ""index.cohort_evidence.training_status""}"
train-9935325ba595512d,original500,,heat,fno,rollout,block_observed_50pct,20260804,7b3796080fb70ffdcbd55ccff4347ab70f25007551fa2e4484a7dc44b91a6122,fb8a2db919991ba4bcc5f2e76bb48a46e2f63221360a34450b28c143b8bbe4f3,62a50821768524874052162e6a2502799d6492c693fc975427d3fce12d91716d,adam,0.001,0.0001,step,"{""scheduler_gamma"": 0.5, ""scheduler_step_size"": 100}",1.0,8,1,1,False,500,500,112500,112500,equal,900000,fixed_500_epochs_last_checkpoint (original protocol; derived from planned epochs and no early stopping),max_epochs_500,completed,"complete_valid (nine strict blocks, 200 identities each)",<COMMIT-1>,2026-09-25 (pdeobs-prediction-verification/20260925-v1),"{""actual_examples_processed"": ""derived: completed epochs x 1800 training records; code: src/pdeobs/runner.py::_loader batches the 1800 training records without drop_last in one process; src/pdeobs/training.py takes one optimizer update per batch (no gradient accumulation)"", ""actual_optimizer_updates"": ""archived_campaign index health.optimizer_steps (health.json of the credited attempt)"", ""batch_size/optimizer/schedule"": ""resolved.yaml of the released model (digest bound to the verification index)"", ""completed_epochs"": ""prediction_verification index actual_epochs (history entries of the credited checkpoint)"", ""planned_epochs"": ""index.cohort_evidence.planned_epochs"", ""segment_note"": null, ""stop_reason"": ""derived: completed == planned == 500 and no early stopping configured"", ""training_status"": ""index.cohort_evidence.training_status""}"
train-f21a72fcd3d8aee5,original500,,heat,fno,rollout,boundary_band_50pct,20260804,7b3796080fb70ffdcbd55ccff4347ab70f25007551fa2e4484a7dc44b91a6122,3e27f3e0696ec2de2afa05809a656b384d78f982bea28ab44205c20f78b43cc3,07cd54406926b73d017b677e8ac8f85af8f4bbb0d9ac95a8b0afde1fc31521f1,adam,0.001,0.0001,step,"{""scheduler_gamma"": 0.5, ""scheduler_step_size"": 100}",1.0,8,1,1,False,500,500,112500,112500,equal,900000,fixed_500_epochs_last_checkpoint (original protocol; derived from planned epochs and no early stopping),max_epochs_500,completed,"complete_valid (nine strict blocks, 200 identities each)",<COMMIT-1>,2026-09-25 (pdeobs-prediction-verification/20260925-v1),"{""actual_examples_processed"": ""derived: completed epochs x 1800 training records; code: src/pdeobs/runner.py::_loader batches the 1800 training records without drop_last in one process; src/pdeobs/training.py takes one optimizer update per batch (no gradient accumulation)"", ""actual_optimizer_updates"": ""archived_campaign index health.optimizer_steps (health.json of the credited attempt)"", ""batch_size/optimizer/schedule"": ""resolved.yaml of the released model (digest bound to the verification index)"", ""completed_epochs"": ""prediction_verification index actual_epochs (history entries of the credited checkpoint)"", ""planned_epochs"": ""index.cohort_evidence.planned_epochs"", ""segment_note"": null, ""stop_reason"": ""derived: completed == planned == 500 and no early stopping configured"", ""training_status"": ""index.cohort_evidence.training_status""}"
train-f49a6d4174a1cec4,original500,,heat,fno,rollout,clustered_50pct,20260804,7b3796080fb70ffdcbd55ccff4347ab70f25007551fa2e4484a7dc44b91a6122,fc2eec611cb195dc19205e1e712ca14c0c9e12c0cae2c9b572ab83cd64cc1bfc,740fd484397e1d3b77769f2488f3d6b749d3dce15f672b7945ca3415fe04763b,adam,0.001,0.0001,step,"{""scheduler_gamma"": 0.5, ""scheduler_step_size"": 100}",1.0,8,1,1,False,500,500,112500,112500,equal,900000,fixed_500_epochs_last_checkpoint (original protocol; derived from planned epochs and no early stopping),max_epochs_500,completed,"complete_valid (nine strict blocks, 200 identities each)",<COMMIT-1>,2026-09-25 (pdeobs-prediction-verification/20260925-v1),"{""actual_examples_processed"": ""derived: completed epochs x 1800 training records; code: src/pdeobs/runner.py::_loader batches the 1800 training records without drop_last in one process; src/pdeobs/training.py takes one optimizer update per batch (no gradient accumulation)"", ""actual_optimizer_updates"": ""archived_campaign index health.optimizer_steps (health.json of the credited attempt)"", ""batch_size/optimizer/schedule"": ""resolved.yaml of the released model (digest bound to the verification index)"", ""completed_epochs"": ""prediction_verification index actual_epochs (history entries of the credited checkpoint)"", ""planned_epochs"": ""index.cohort_evidence.planned_epochs"", ""segment_note"": null, ""stop_reason"": ""derived: completed == planned == 500 and no early stopping configured"", ""training_status"": ""index.cohort_evidence.training_status""}"
train-eb271ec858c2e8ac,original500,,heat,fno,rollout,horizontal_lines_50pct,20260804,7b3796080fb70ffdcbd55ccff4347ab70f25007551fa2e4484a7dc44b91a6122,0fec6fae012e1093a2bbd9528cf87411ed8733849450d33bd30f3cdd8e9aa657,e3e4234ef8402801756e341213bf2b8f461c672620572365785f33df918f7b0e,adam,0.001,0.0001,step,"{""scheduler_gamma"": 0.5, ""scheduler_step_size"": 100}",1.0,8,1,1,False,500,500,112500,112500,equal,900000,fixed_500_epochs_last_checkpoint (original protocol; derived from planned epochs and no early stopping),max_epochs_500,completed,"complete_valid (nine strict blocks, 200 identities each)",<COMMIT-1>,2026-09-25 (pdeobs-prediction-verification/20260925-v1),"{""actual_examples_processed"": ""derived: completed epochs x 1800 training records; code: src/pdeobs/runner.py::_loader batches the 1800 training records without drop_last in one process; src/pdeobs/training.py takes one optimizer update per batch (no gradient accumulation)"", ""actual_optimizer_updates"": ""archived_campaign index health.optimizer_steps (health.json of the credited attempt)"", ""batch_size/optimizer/schedule"": ""resolved.yaml of the released model (digest bound to the verification index)"", ""completed_epochs"": ""prediction_verification index actual_epochs (history entries of the credited checkpoint)"", ""planned_epochs"": ""index.cohort_evidence.planned_epochs"", ""segment_note"": null, ""stop_reason"": ""derived: completed == planned == 500 and no early stopping configured"", ""training_status"": ""index.cohort_evidence.training_status""}"
train-5b803190f74f6075,interrupted_or_recovered,,heat,fno,rollout,line_sensors_50pct,20260804,7b3796080fb70ffdcbd55ccff4347ab70f25007551fa2e4484a7dc44b91a6122,d4b7c5cc76f1e0a9e56cf3ab3354f8f32a6278e1dd1c84c14f0012356dda683b,8d3e30d1b581b148991b930d511acc9a5e37e9660af6a968bcad92719c2bc025,adam,0.001,0.0001,step,"{""scheduler_gamma"": 0.5, ""scheduler_step_size"": 100}",1.0,8,1,1,False,500,500,unknown,112500,unknown,900000,fixed_500_epochs_last_checkpoint (original protocol; derived from planned epochs and no early stopping),max_epochs_500,unknown,"complete_valid (nine strict blocks, 200 identities each)",<COMMIT-1>,2026-09-25 (pdeobs-prediction-verification/20260925-v1),"{""actual_examples_processed"": ""derived: completed epochs x 1800 training records; code: src/pdeobs/runner.py::_loader batches the 1800 training records without drop_last in one process; src/pdeobs/training.py takes one optimizer update per batch (no gradient accumulation)"", ""actual_optimizer_updates"": ""unknown: no optimizer step counter in the credited receipts"", ""batch_size/optimizer/schedule"": ""resolved.yaml of the released model (digest bound to the verification index)"", ""completed_epochs"": ""prediction_verification index actual_epochs (history entries of the credited checkpoint)"", ""planned_epochs"": ""index.cohort_evidence.planned_epochs"", ""segment_note"": null, ""stop_reason"": ""derived: completed == planned == 500 and no early stopping configured"", ""training_status"": ""archived health.status""}"
train-d265d356ef1c9734,original500,,heat,fno,rollout,random_50pct,20260804,7b3796080fb70ffdcbd55ccff4347ab70f25007551fa2e4484a7dc44b91a6122,4b3e5f93794779b1daccdcbd6919fb7bc069e1567bd2646c311e54b5b7d9d174,c6cf4b7981a536c27315e3b32dbbaae915cb72fa4f6c857414a4054a6bc438b2,adam,0.001,0.0001,step,"{""scheduler_gamma"": 0.5, ""scheduler_step_size"": 100}",1.0,8,1,1,False,500,500,112500,112500,equal,900000,fixed_500_epochs_last_checkpoint (original protocol; derived from planned epochs and no early stopping),max_epochs_500,completed,"complete_valid (nine strict blocks, 200 identities each)",<COMMIT-1>,2026-09-25 (pdeobs-prediction-verification/20260925-v1),"{""actual_examples_processed"": ""derived: completed epochs x 1800 training records; code: src/pdeobs/runner.py::_loader batches the 1800 training records without drop_last in one process; src/pdeobs/training.py takes one optimizer update per batch (no gradient accumulation)"", ""actual_optimizer_updates"": ""archived_campaign index health.optimizer_steps (health.json of the credited attempt)"", ""batch_size/optimizer/schedule"": ""resolved.yaml of the released model (digest bound to the verification index)"", ""completed_epochs"": ""prediction_verification index actual_epochs (history entries of the credited checkpoint)"", ""planned_epochs"": ""index.cohort_evidence.planned_epochs"", ""segment_note"": null, ""stop_reason"": ""derived: completed == planned == 500 and no early stopping configured"", ""training_status"": ""index.cohort_evidence.training_status""}"
train-bd4d166d7abdc0f6,original500,,heat,fno,rollout,random_65pct,20260804,7b3796080fb70ffdcbd55ccff4347ab70f25007551fa2e4484a7dc44b91a6122,59ab8b6b1b5e8be3056ca04487611937197e781c1c3a63eb59a606e5ad466d8f,44323ae240c6acf5d993b651cc0d1b1c4201615ddfaafdd4d98c4b3418b97681,adam,0.001,0.0001,step,"{""scheduler_gamma"": 0.5, ""scheduler_step_size"": 100}",1.0,8,1,1,False,500,500,112500,112500,equal,900000,fixed_500_epochs_last_checkpoint (original protocol; derived from planned epochs and no early stopping),max_epochs_500,completed,"complete_valid (nine strict blocks, 200 identities each)",<COMMIT-1>,2026-09-25 (pdeobs-prediction-verification/20260925-v1),"{""actual_examples_processed"": ""derived: completed epochs x 1800 training records; code: src/pdeobs/runner.py::_loader batches the 1800 training records without drop_last in one process; src/pdeobs/training.py takes one optimizer update per batch (no gradient accumulation)"", ""actual_optimizer_updates"": ""archived_campaign index health.optimizer_steps (health.json of the credited attempt)"", ""batch_size/optimizer/schedule"": ""resolved.yaml of the released model (digest bound to the verification index)"", ""completed_epochs"": ""prediction_verification index actual_epochs (history entries of the credited checkpoint)"", ""planned_epochs"": ""index.cohort_evidence.planned_epochs"", ""segment_note"": null, ""stop_reason"": ""derived: completed == planned == 500 and no early stopping configured"", ""training_status"": ""index.cohort_evidence.training_status""}"
train-d06851c5e163329b,original500,,heat,fno,rollout,random_80pct,20260804,7b3796080fb70ffdcbd55ccff4347ab70f25007551fa2e4484a7dc44b91a6122,6108ba57f4f446a357a93347562b90bdee2dc2597e045858788a24525839705c,cedbdbf75a78f311a49c494e4a21d4f00cd2ce20a759ce0ebcf087174b92e972,adam,0.001,0.0001,step,"{""scheduler_gamma"": 0.5, ""scheduler_step_size"": 100}",1.0,8,1,1,False,500,500,112500,112500,equal,900000,fixed_500_epochs_last_checkpoint (original protocol; derived from planned epochs and no early stopping),max_epochs_500,completed,"complete_valid (nine strict blocks, 200 identities each)",<COMMIT-1>,2026-09-25 (pdeobs-prediction-verification/20260925-v1),"{""actual_examples_processed"": ""derived: completed epochs x 1800 training records; code: src/pdeobs/runner.py::_loader batches the 1800 training records without drop_last in one process; src/pdeobs/training.py takes one optimizer update per batch (no gradient accumulation)"", ""actual_optimizer_updates"": ""archived_campaign index health.optimizer_steps (health.json of the credited attempt)"", ""batch_size/optimizer/schedule"": ""resolved.yaml of the released model (digest bound to the verification index)"", ""completed_epochs"": ""prediction_verification index actual_epochs (history entries of the credited checkpoint)"", ""planned_epochs"": ""index.cohort_evidence.planned_epochs"", ""segment_note"": null, ""stop_reason"": ""derived: completed == planned == 500 and no early stopping configured"", ""training_status"": ""index.cohort_evidence.training_status""}"
train-5186f7d22451fd71,original500,,heat,fno,rollout,vertical_lines_50pct,20260804,7b3796080fb70ffdcbd55ccff4347ab70f25007551fa2e4484a7dc44b91a6122,d3b17d042063d7fdb15530ebe8f2037cba60f2898c0cb51758ead5ec894981a1,be74df0171a954d61daf2170d3f2e7d08e38091ba07a5b791c49262abcb649b6,adam,0.001,0.0001,step,"{""scheduler_gamma"": 0.5, ""scheduler_step_size"": 100}",1.0,8,1,1,False,500,500,112500,112500,equal,900000,fixed_500_epochs_last_checkpoint (original protocol; derived from planned epochs and no early stopping),max_epochs_500,completed,"complete_valid (nine strict blocks, 200 identities each)",<COMMIT-1>,2026-09-25 (pdeobs-prediction-verification/20260925-v1),"{""actual_examples_processed"": ""derived: completed epochs x 1800 training records; code: src/pdeobs/runner.py::_loader batches the 1800 training records without drop_last in one process; src/pdeobs/training.py takes one optimizer update per batch (no gradient accumulation)"", ""actual_optimizer_updates"": ""archived_campaign index health.optimizer_steps (health.json of the credited attempt)"", ""batch_size/optimizer/schedule"": ""resolved.yaml of the released model (digest bound to the verification index)"", ""completed_epochs"": ""prediction_verification index actual_epochs (history entries of the credited checkpoint)"", ""planned_epochs"": ""index.cohort_evidence.planned_epochs"", ""segment_note"": null, ""stop_reason"": ""derived: completed == planned == 500 and no early stopping configured"", ""training_status"": ""index.cohort_evidence.training_status""}"
train-a11cd4d54507de88,fixed200_recovered,,heat,gnot,rollout,block_observed_50pct,20260804,7b3796080fb70ffdcbd55ccff4347ab70f25007551fa2e4484a7dc44b91a6122,1978f707e5f7f6dc3aa9a8235fb86a78b6ff71041dcaa4f3f661c72cdbf2e435,429512937da4a5f851e581f85dcfb024f08d9b140369c0eb45ab2518d7ba9426,adamw,0.001,5e-05,one_cycle,"{""epochs"": 200, ""scheduler_anneal_strategy"": ""cos"", ""scheduler_div_factor"": 10000.0, ""scheduler_final_div_factor"": 10000.0, ""scheduler_pct_start"": 0.2}",1000.0,4,1,1,False,200,200,90000,90000,equal,360000,pdeobs.dynamic-method-budget/2026-09-14-r3,unknown,completed,"complete_valid (nine strict blocks, 200 identities each)",<COMMIT-1>,2026-09-25 (pdeobs-prediction-verification/20260925-v1),"{""actual_examples_processed"": ""derived: completed epochs x 1800 training records; code: src/pdeobs/runner.py::_loader batches the 1800 training records without drop_last in one process; src/pdeobs/training.py takes one optimizer update per batch (no gradient accumulation)"", ""actual_optimizer_updates"": ""archived_campaign index health.optimizer_steps (health.json of the credited attempt)"", ""batch_size/optimizer/schedule"": ""resolved.yaml of the released model (digest bound to the verification index)"", ""completed_epochs"": ""prediction_verification index actual_epochs (history entries of the credited checkpoint)"", ""planned_epochs"": ""index.cohort_evidence.planned_epochs"", ""segment_note"": null, ""stop_reason"": ""no stop reason recorded"", ""training_status"": ""index.cohort_evidence.training_status""}"
train-86c0d145381908a2,fixed200_recovered,,heat,gnot,rollout,boundary_band_50pct,20260804,7b3796080fb70ffdcbd55ccff4347ab70f25007551fa2e4484a7dc44b91a6122,97fb12df35ffd345a5f6a15872455daf4acd5a70e06b6a439671d4acd732c099,c6e05e3799da714be685af58acfe2b80697f1384daaced33e8682c64fcc62b35,adamw,0.001,5e-05,one_cycle,"{""epochs"": 200, ""scheduler_anneal_strategy"": ""cos"", ""scheduler_div_factor"": 10000.0, ""scheduler_final_div_factor"": 10000.0, ""scheduler_pct_start"": 0.2}",1000.0,4,1,1,False,200,200,90000,90000,equal,360000,pdeobs.dynamic-method-budget/2026-09-14-r3,unknown,completed,"complete_valid (nine strict blocks, 200 identities each)",<COMMIT-1>,2026-09-25 (pdeobs-prediction-verification/20260925-v1),"{""actual_examples_processed"": ""derived: completed epochs x 1800 training records; code: src/pdeobs/runner.py::_loader batches the 1800 training records without drop_last in one process; src/pdeobs/training.py takes one optimizer update per batch (no gradient accumulation)"", ""actual_optimizer_updates"": ""archived_campaign index health.optimizer_steps (health.json of the credited attempt)"", ""batch_size/optimizer/schedule"": ""resolved.yaml of the released model (digest bound to the verification index)"", ""completed_epochs"": ""prediction_verification index actual_epochs (history entries of the credited checkpoint)"", ""planned_epochs"": ""index.cohort_evidence.planned_epochs"", ""segment_note"": null, ""stop_reason"": ""no stop reason recorded"", ""training_status"": ""index.cohort_evidence.training_status""}"
train-abf16d5eaa0885d9,fixed200_recovered,,heat,gnot,rollout,clustered_50pct,20260804,7b3796080fb70ffdcbd55ccff4347ab70f25007551fa2e4484a7dc44b91a6122,d92e5589909431b19fb60a5233db803e14c32e74042f980a44374688c31695a1,4f8db9133354d2a49300a2fb4040742bb57f7df9a3211db9ed7119d09a2a44d8,adamw,0.001,5e-05,one_cycle,"{""epochs"": 200, ""scheduler_anneal_strategy"": ""cos"", ""scheduler_div_factor"": 10000.0, ""scheduler_final_div_factor"": 10000.0, ""scheduler_pct_start"": 0.2}",1000.0,4,1,1,False,200,200,90000,90000,equal,360000,pdeobs.dynamic-method-budget/2026-09-14-r3,unknown,completed,"complete_valid (nine strict blocks, 200 identities each)",<COMMIT-1>,2026-09-25 (pdeobs-prediction-verification/20260925-v1),"{""actual_examples_processed"": ""derived: completed epochs x 1800 training records; code: src/pdeobs/runner.py::_loader batches the 1800 training records without drop_last in one process; src/pdeobs/training.py takes one optimizer update per batch (no gradient accumulation)"", ""actual_optimizer_updates"": ""archived_campaign index health.optimizer_steps (health.json of the credited attempt)"", ""batch_size/optimizer/schedule"": ""resolved.yaml of the released model (digest bound to the verification index)"", ""completed_epochs"": ""prediction_verification index actual_epochs (history entries of the credited checkpoint)"", ""planned_epochs"": ""index.cohort_evidence.planned_epochs"", ""segment_note"": null, ""stop_reason"": ""no stop reason recorded"", ""training_status"": ""index.cohort_evidence.training_status""}"
train-c8a10a801beebd19,fixed200_recovered,,heat,gnot,rollout,horizontal_lines_50pct,20260804,7b3796080fb70ffdcbd55ccff4347ab70f25007551fa2e4484a7dc44b91a6122,3c5c6d342163f6b81ca81254e6992d8ae16ced70e95eb652e53561e277cc89b5,9016448c98b3ccb6276d84a482306411b65a4d97e19960567ede19a3ec61223b,adamw,0.001,5e-05,one_cycle,"{""epochs"": 200, ""scheduler_anneal_strategy"": ""cos"", ""scheduler_div_factor"": 10000.0, ""scheduler_final_div_factor"": 10000.0, ""scheduler_pct_start"": 0.2}",1000.0,4,1,1,False,200,200,90000,90000,equal,360000,pdeobs.dynamic-method-budget/2026-09-14-r3,unknown,completed,"complete_valid (nine strict blocks, 200 identities each)",<COMMIT-1>,2026-09-25 (pdeobs-prediction-verification/20260925-v1),"{""actual_examples_processed"": ""derived: completed epochs x 1800 training records; code: src/pdeobs/runner.py::_loader batches the 1800 training records without drop_last in one process; src/pdeobs/training.py takes one optimizer update per batch (no gradient accumulation)"", ""actual_optimizer_updates"": ""archived_campaign index health.optimizer_steps (health.json of the credited attempt)"", ""batch_size/optimizer/schedule"": ""resolved.yaml of the released model (digest bound to the verification index)"", ""completed_epochs"": ""prediction_verification index actual_epochs (history entries of the credited checkpoint)"", ""planned_epochs"": ""index.cohort_evidence.planned_epochs"", ""segment_note"": null, ""stop_reason"": ""no stop reason recorded"", ""training_status"": ""index.cohort_evidence.training_status""}"
train-14b0b87124840c96,fixed200_recovered,,heat,gnot,rollout,line_sensors_50pct,20260804,7b3796080fb70ffdcbd55ccff4347ab70f25007551fa2e4484a7dc44b91a6122,a3ae64289ef14f58a137d50e54da84bef141f21ee74e3cc641bc59ed73985176,527158e8adb9a1f40eb7fa4157493506272374739584209a9fd1c94fdf5d0ebe,adamw,0.001,5e-05,one_cycle,"{""epochs"": 200, ""scheduler_anneal_strategy"": ""cos"", ""scheduler_div_factor"": 10000.0, ""scheduler_final_div_factor"": 10000.0, ""scheduler_pct_start"": 0.2}",1000.0,4,1,1,False,200,200,90000,90000,equal,360000,pdeobs.dynamic-method-budget/2026-09-14-r3,unknown,completed,"complete_valid (nine strict blocks, 200 identities each)",<COMMIT-1>,2026-09-25 (pdeobs-prediction-verification/20260925-v1),"{""actual_examples_processed"": ""derived: completed epochs x 1800 training records; code: src/pdeobs/runner.py::_loader batches the 1800 training records without drop_last in one process; src/pdeobs/training.py takes one optimizer update per batch (no gradient accumulation)"", ""actual_optimizer_updates"": ""archived_campaign index health.optimizer_steps (health.json of the credited attempt)"", ""batch_size/optimizer/schedule"": ""resolved.yaml of the released model (digest bound to the verification index)"", ""completed_epochs"": ""prediction_verification index actual_epochs (history entries of the credited checkpoint)"", ""planned_epochs"": ""index.cohort_evidence.planned_epochs"", ""segment_note"": null, ""stop_reason"": ""no stop reason recorded"", ""training_status"": ""index.cohort_evidence.training_status""}"
train-628924823ab6db0f,budget200_patience10_no_floor,,heat,gnot,rollout,random_50pct,20260804,7b3796080fb70ffdcbd55ccff4347ab70f25007551fa2e4484a7dc44b91a6122,a228d842374c4d3205b97f655a596a19641737fc1ac832fb4ea73e07bd492846,b885329a63f95ee70a278f68c7b2ac3cfef7416bb40f84caffa8f5527722b630,adamw,0.001,5e-05,one_cycle,"{""epochs"": 200, ""scheduler_anneal_strategy"": ""cos"", ""scheduler_div_factor"": 10000.0, ""scheduler_final_div_factor"": 10000.0, ""scheduler_pct_start"": 0.2}",1000.0,4,1,1,False,200,200,90000,90000,equal,360000,pdeobs.max200-train-data-patience10/20260920,max_epochs_200,completed,"complete_valid (nine strict blocks, 200 identities each)",<COMMIT-1>,2026-09-25 (pdeobs-prediction-verification/20260925-v1),"{""actual_examples_processed"": ""derived: completed epochs x 1800 training records; code: src/pdeobs/runner.py::_loader batches the 1800 training records without drop_last in one process; src/pdeobs/training.py takes one optimizer update per batch (no gradient accumulation)"", ""actual_optimizer_updates"": ""archived_campaign index health.optimizer_steps (health.json of the credited attempt)"", ""batch_size/optimizer/schedule"": ""resolved.yaml of the released model (digest bound to the verification index)"", ""completed_epochs"": ""prediction_verification index actual_epochs (history entries of the credited checkpoint)"", ""planned_epochs"": ""index.cohort_evidence.planned_epochs"", ""segment_note"": null, ""stop_reason"": ""index.stop_reason"", ""training_status"": ""index.cohort_evidence.training_status""}"
train-31e017419d5254ee,budget200_patience10_no_floor,,heat,gnot,rollout,random_65pct,20260804,7b3796080fb70ffdcbd55ccff4347ab70f25007551fa2e4484a7dc44b91a6122,7e502b3cfadb568057b9ace9a639b7688ede76402f17387caacc528512c244e8,33057c613a968e8a4ce3d5c6d88c442ca86c3639745dd6b646f0bc91debba419,adamw,0.001,5e-05,one_cycle,"{""epochs"": 200, ""scheduler_anneal_strategy"": ""cos"", ""scheduler_div_factor"": 10000.0, ""scheduler_final_div_factor"": 10000.0, ""scheduler_pct_start"": 0.2}",1000.0,4,1,1,False,200,200,90000,90000,equal,360000,pdeobs.max200-train-data-patience10/20260920,max_epochs_200,completed,"complete_valid (nine strict blocks, 200 identities each)",<COMMIT-1>,2026-09-25 (pdeobs-prediction-verification/20260925-v1),"{""actual_examples_processed"": ""derived: completed epochs x 1800 training records; code: src/pdeobs/runner.py::_loader batches the 1800 training records without drop_last in one process; src/pdeobs/training.py takes one optimizer update per batch (no gradient accumulation)"", ""actual_optimizer_updates"": ""archived_campaign index health.optimizer_steps (health.json of the credited attempt)"", ""batch_size/optimizer/schedule"": ""resolved.yaml of the released model (digest bound to the verification index)"", ""completed_epochs"": ""prediction_verification index actual_epochs (history entries of the credited checkpoint)"", ""planned_epochs"": ""index.cohort_evidence.planned_epochs"", ""segment_note"": null, ""stop_reason"": ""index.stop_reason"", ""training_status"": ""index.cohort_evidence.training_status""}"
train-749585cfd07cd7ed,fixed200_recovered,,heat,gnot,rollout,random_80pct,20260804,7b3796080fb70ffdcbd55ccff4347ab70f25007551fa2e4484a7dc44b91a6122,f0d52d1d29c4afa710e45b843cab53ab311a947a902210c0ab7600bfea74002e,ae8dc0e020a86935c9ed6caea2dfca50ef5725cf03adde3eee5cb858ecd80dbf,adamw,0.001,5e-05,one_cycle,"{""epochs"": 200, ""scheduler_anneal_strategy"": ""cos"", ""scheduler_div_factor"": 10000.0, ""scheduler_final_div_factor"": 10000.0, ""scheduler_pct_start"": 0.2}",1000.0,4,1,1,False,200,200,90000,90000,equal,360000,pdeobs.dynamic-method-budget/2026-09-14-r3,unknown,completed,"complete_valid (nine strict blocks, 200 identities each)",<COMMIT-1>,2026-09-25 (pdeobs-prediction-verification/20260925-v1),"{""actual_examples_processed"": ""derived: completed epochs x 1800 training records; code: src/pdeobs/runner.py::_loader batches the 1800 training records without drop_last in one process; src/pdeobs/training.py takes one optimizer update per batch (no gradient accumulation)"", ""actual_optimizer_updates"": ""archived_campaign index health.optimizer_steps (health.json of the credited attempt)"", ""batch_size/optimizer/schedule"": ""resolved.yaml of the released model (digest bound to the verification index)"", ""completed_epochs"": ""prediction_verification index actual_epochs (history entries of the credited checkpoint)"", ""planned_epochs"": ""index.cohort_evidence.planned_epochs"", ""segment_note"": null, ""stop_reason"": ""no stop reason recorded"", ""training_status"": ""index.cohort_evidence.training_status""}"
train-63b1693cf5fc28a0,fixed200_recovered,,heat,gnot,rollout,vertical_lines_50pct,20260804,7b3796080fb70ffdcbd55ccff4347ab70f25007551fa2e4484a7dc44b91a6122,c3a2e0d27f758576fbf32de333099acdc4ed50231a2b8349b34d3c26b45a5be9,6117efef1256f433c22ca1fc280528dfb226f033c749a267f612f06a7b4669c9,adamw,0.001,5e-05,one_cycle,"{""epochs"": 200, ""scheduler_anneal_strategy"": ""cos"", ""scheduler_div_factor"": 10000.0, ""scheduler_final_div_factor"": 10000.0, ""scheduler_pct_start"": 0.2}",1000.0,4,1,1,False,200,200,90000,90000,equal,360000,pdeobs.dynamic-method-budget/2026-09-14-r3,unknown,completed,"complete_valid (nine strict blocks, 200 identities each)",<COMMIT-1>,2026-09-25 (pdeobs-prediction-verification/20260925-v1),"{""actual_examples_processed"": ""derived: completed epochs x 1800 training records; code: src/pdeobs/runner.py::_loader batches the 1800 training records without drop_last in one process; src/pdeobs/training.py takes one optimizer update per batch (no gradient accumulation)"", ""actual_optimizer_updates"": ""archived_campaign index health.optimizer_steps (health.json of the credited attempt)"", ""batch_size/optimizer/schedule"": ""resolved.yaml of the released model (digest bound to the verification index)"", ""completed_epochs"": ""prediction_verification index actual_epochs (history entries of the credited checkpoint)"", ""planned_epochs"": ""index.cohort_evidence.planned_epochs"", ""segment_note"": null, ""stop_reason"": ""no stop reason recorded"", ""training_status"": ""index.cohort_evidence.training_status""}"
train-c0d8781fa6253913,original500,,heat,pino,rollout,block_observed_50pct,20260804,7b3796080fb70ffdcbd55ccff4347ab70f25007551fa2e4484a7dc44b91a6122,c8c09b5bcef44fa17ad1345313aaa6e728c5168734473eba7e7501957cc68c2f,71dd7bf3ef9659d4bcb197e7c2729d227f953112d8be7fc002d94fda2a1c1eb9,adam,0.001,0.0,step,"{""scheduler_gamma"": 0.5, ""scheduler_step_size"": 100}",1.0,8,1,1,False,500,500,112500,112500,equal,900000,fixed_500_epochs_last_checkpoint (original protocol; derived from planned epochs and no early stopping),max_epochs_500,completed,"complete_valid (nine strict blocks, 200 identities each)",<COMMIT-1>,2026-09-25 (pdeobs-prediction-verification/20260925-v1),"{""actual_examples_processed"": ""derived: completed epochs x 1800 training records; code: src/pdeobs/runner.py::_loader batches the 1800 training records without drop_last in one process; src/pdeobs/training.py takes one optimizer update per batch (no gradient accumulation)"", ""actual_optimizer_updates"": ""archived_campaign index health.optimizer_steps (health.json of the credited attempt)"", ""batch_size/optimizer/schedule"": ""resolved.yaml of the released model (digest bound to the verification index)"", ""completed_epochs"": ""prediction_verification index actual_epochs (history entries of the credited checkpoint)"", ""planned_epochs"": ""index.cohort_evidence.planned_epochs"", ""segment_note"": null, ""stop_reason"": ""derived: completed == planned == 500 and no early stopping configured"", ""training_status"": ""index.cohort_evidence.training_status""}"
train-10eadc7a41dc1cf4,original500_recovered,,heat,pino,rollout,boundary_band_50pct,20260804,7b3796080fb70ffdcbd55ccff4347ab70f25007551fa2e4484a7dc44b91a6122,a7a9388d57997da850136ee7b34f3b3eee478aee4051845bc52f87e5e283ceed,55b2f769158829759fe9ee59418f40f5209b9d0aaa697fada3b2495092b84812,adam,0.001,0.0,step,"{""scheduler_gamma"": 0.5, ""scheduler_step_size"": 100}",1.0,4,1,1,False,500,500,225000,225000,equal,900000,pdeobs.dynamic-method-budget/2026-09-14-r3,max_epochs_500,completed,"complete_valid (nine strict blocks, 200 identities each)",<COMMIT-1>,2026-09-25 (pdeobs-prediction-verification/20260925-v1),"{""actual_examples_processed"": ""derived: completed epochs x 1800 training records; code: src/pdeobs/runner.py::_loader batches the 1800 training records without drop_last in one process; src/pdeobs/training.py takes one optimizer update per batch (no gradient accumulation)"", ""actual_optimizer_updates"": ""archived_campaign index health.optimizer_steps (health.json of the credited attempt)"", ""batch_size/optimizer/schedule"": ""resolved.yaml of the released model (digest bound to the verification index)"", ""completed_epochs"": ""prediction_verification index actual_epochs (history entries of the credited checkpoint)"", ""planned_epochs"": ""index.cohort_evidence.planned_epochs"", ""segment_note"": null, ""stop_reason"": ""derived: completed == planned == 500 and no early stopping configured"", ""training_status"": ""index.cohort_evidence.training_status""}"
train-6ceb9fa2b74065da,original500,,heat,pino,rollout,clustered_50pct,20260804,7b3796080fb70ffdcbd55ccff4347ab70f25007551fa2e4484a7dc44b91a6122,2b026346558eef9aec8f7074625884bade708e181bdcf8789fb6e6579a5774d4,cad1a83165244141c4f50acd84a8c687bbe33208b089e8f9965eb6a4b3ea2756,adam,0.001,0.0,step,"{""scheduler_gamma"": 0.5, ""scheduler_step_size"": 100}",1.0,8,1,1,False,500,500,112500,112500,equal,900000,fixed_500_epochs_last_checkpoint (original protocol; derived from planned epochs and no early stopping),max_epochs_500,completed,"complete_valid (nine strict blocks, 200 identities each)",<COMMIT-1>,2026-09-25 (pdeobs-prediction-verification/20260925-v1),"{""actual_examples_processed"": ""derived: completed epochs x 1800 training records; code: src/pdeobs/runner.py::_loader batches the 1800 training records without drop_last in one process; src/pdeobs/training.py takes one optimizer update per batch (no gradient accumulation)"", ""actual_optimizer_updates"": ""archived_campaign index health.optimizer_steps (health.json of the credited attempt)"", ""batch_size/optimizer/schedule"": ""resolved.yaml of the released model (digest bound to the verification index)"", ""completed_epochs"": ""prediction_verification index actual_epochs (history entries of the credited checkpoint)"", ""planned_epochs"": ""index.cohort_evidence.planned_epochs"", ""segment_note"": null, ""stop_reason"": ""derived: completed == planned == 500 and no early stopping configured"", ""training_status"": ""index.cohort_evidence.training_status""}"
train-01893ccaa87d2986,original500_recovered,,heat,pino,rollout,horizontal_lines_50pct,20260804,7b3796080fb70ffdcbd55ccff4347ab70f25007551fa2e4484a7dc44b91a6122,39942220afd0e5e40ef19521a0ccdc9b2ea62b4e5bbb76fc3f71bfa48d88418f,756fb22a50f0842c83eff6bee16ccdebd5d8567bade31a418965830f39d64e91,adam,0.001,0.0,step,"{""scheduler_gamma"": 0.5, ""scheduler_step_size"": 100}",1.0,4,1,1,False,500,500,225000,225000,equal,900000,pdeobs.dynamic-method-budget/2026-09-14-r3,max_epochs_500,completed,"complete_valid (nine strict blocks, 200 identities each)",<COMMIT-1>,2026-09-25 (pdeobs-prediction-verification/20260925-v1),"{""actual_examples_processed"": ""derived: completed epochs x 1800 training records; code: src/pdeobs/runner.py::_loader batches the 1800 training records without drop_last in one process; src/pdeobs/training.py takes one optimizer update per batch (no gradient accumulation)"", ""actual_optimizer_updates"": ""archived_campaign index health.optimizer_steps (health.json of the credited attempt)"", ""batch_size/optimizer/schedule"": ""resolved.yaml of the released model (digest bound to the verification index)"", ""completed_epochs"": ""prediction_verification index actual_epochs (history entries of the credited checkpoint)"", ""planned_epochs"": ""index.cohort_evidence.planned_epochs"", ""segment_note"": null, ""stop_reason"": ""derived: completed == planned == 500 and no early stopping configured"", ""training_status"": ""index.cohort_evidence.training_status""}"
train-d657765a58576e01,original500_recovered,,heat,pino,rollout,line_sensors_50pct,20260804,7b3796080fb70ffdcbd55ccff4347ab70f25007551fa2e4484a7dc44b91a6122,e9336b62b43e2641b69828623b93a51edc2c49b05a90069fe4e155418f810725,6ae5499ca83ba3d5a8e8553ab570505cbb50d9479e9c740b20e861c1304c6f1a,adam,0.001,0.0,step,"{""scheduler_gamma"": 0.5, ""scheduler_step_size"": 100}",1.0,4,1,1,False,500,500,225000,225000,equal,900000,pdeobs.dynamic-method-budget/2026-09-14-r3,max_epochs_500,completed,"complete_valid (nine strict blocks, 200 identities each)",<COMMIT-1>,2026-09-25 (pdeobs-prediction-verification/20260925-v1),"{""actual_examples_processed"": ""derived: completed epochs x 1800 training records; code: src/pdeobs/runner.py::_loader batches the 1800 training records without drop_last in one process; src/pdeobs/training.py takes one optimizer update per batch (no gradient accumulation)"", ""actual_optimizer_updates"": ""archived_campaign index health.optimizer_steps (health.json of the credited attempt)"", ""batch_size/optimizer/schedule"": ""resolved.yaml of the released model (digest bound to the verification index)"", ""completed_epochs"": ""prediction_verification index actual_epochs (history entries of the credited checkpoint)"", ""planned_epochs"": ""index.cohort_evidence.planned_epochs"", ""segment_note"": null, ""stop_reason"": ""derived: completed == planned == 500 and no early stopping configured"", ""training_status"": ""index.cohort_evidence.training_status""}"
train-c8af32e751849013,original500,,heat,pino,rollout,random_50pct,20260804,7b3796080fb70ffdcbd55ccff4347ab70f25007551fa2e4484a7dc44b91a6122,884067bc7687023f72a8c151748d114af922aa4eeb5fe275b0ea45e96eecd185,efccfd8a266cb8cb81b8153c41ab6b8b6d0716569f1147affcf61d54cb484e8d,adam,0.001,0.0,step,"{""scheduler_gamma"": 0.5, ""scheduler_step_size"": 100}",1.0,4,1,1,False,500,500,225000,225000,equal,900000,fixed_500_epochs_last_checkpoint (original protocol; derived from planned epochs and no early stopping),max_epochs_500,completed,"complete_valid (nine strict blocks, 200 identities each)",<COMMIT-1>,2026-09-25 (pdeobs-prediction-verification/20260925-v1),"{""actual_examples_processed"": ""derived: completed epochs x 1800 training records; code: src/pdeobs/runner.py::_loader batches the 1800 training records without drop_last in one process; src/pdeobs/training.py takes one optimizer update per batch (no gradient accumulation)"", ""actual_optimizer_updates"": ""archived_campaign index health.optimizer_steps (health.json of the credited attempt)"", ""batch_size/optimizer/schedule"": ""resolved.yaml of the released model (digest bound to the verification index)"", ""completed_epochs"": ""prediction_verification index actual_epochs (history entries of the credited checkpoint)"", ""planned_epochs"": ""index.cohort_evidence.planned_epochs"", ""segment_note"": null, ""stop_reason"": ""derived: completed == planned == 500 and no early stopping configured"", ""training_status"": ""index.cohort_evidence.training_status""}"
train-1c7484de2a795850,original500,,heat,pino,rollout,random_65pct,20260804,7b3796080fb70ffdcbd55ccff4347ab70f25007551fa2e4484a7dc44b91a6122,6149d8526bb5f8633ae6be6758f0e3e4e0dcdbf1e438f372d05cf7b6c7aabde7,a1b9f89ca6a18f4b210e161c55e791730eb9c9016174ccca6362e897773a4958,adam,0.001,0.0,step,"{""scheduler_gamma"": 0.5, ""scheduler_step_size"": 100}",1.0,4,1,1,False,500,500,225000,225000,equal,900000,fixed_500_epochs_last_checkpoint (original protocol; derived from planned epochs and no early stopping),max_epochs_500,completed,"complete_valid (nine strict blocks, 200 identities each)",<COMMIT-1>,2026-09-25 (pdeobs-prediction-verification/20260925-v1),"{""actual_examples_processed"": ""derived: completed epochs x 1800 training records; code: src/pdeobs/runner.py::_loader batches the 1800 training records without drop_last in one process; src/pdeobs/training.py takes one optimizer update per batch (no gradient accumulation)"", ""actual_optimizer_updates"": ""archived_campaign index health.optimizer_steps (health.json of the credited attempt)"", ""batch_size/optimizer/schedule"": ""resolved.yaml of the released model (digest bound to the verification index)"", ""completed_epochs"": ""prediction_verification index actual_epochs (history entries of the credited checkpoint)"", ""planned_epochs"": ""index.cohort_evidence.planned_epochs"", ""segment_note"": null, ""stop_reason"": ""derived: completed == planned == 500 and no early stopping configured"", ""training_status"": ""index.cohort_evidence.training_status""}"
train-7e713cc4918e36a7,original500,,heat,pino,rollout,random_80pct,20260804,7b3796080fb70ffdcbd55ccff4347ab70f25007551fa2e4484a7dc44b91a6122,81e87dc0bcb720afc1c64c413ce7a3487032b7836950291df10c1eda3b9e9c93,f07d26fa6e4b4ca36fd4ba30682963b6a8de997226647252e9bee5131d935bda,adam,0.001,0.0,step,"{""scheduler_gamma"": 0.5, ""scheduler_step_size"": 100}",1.0,8,1,1,False,500,500,112500,112500,equal,900000,fixed_500_epochs_last_checkpoint (original protocol; derived from planned epochs and no early stopping),max_epochs_500,completed,"complete_valid (nine strict blocks, 200 identities each)",<COMMIT-1>,2026-09-25 (pdeobs-prediction-verification/20260925-v1),"{""actual_examples_processed"": ""derived: completed epochs x 1800 training records; code: src/pdeobs/runner.py::_loader batches the 1800 training records without drop_last in one process; src/pdeobs/training.py takes one optimizer update per batch (no gradient accumulation)"", ""actual_optimizer_updates"": ""archived_campaign index health.optimizer_steps (health.json of the credited attempt)"", ""batch_size/optimizer/schedule"": ""resolved.yaml of the released model (digest bound to the verification index)"", ""completed_epochs"": ""prediction_verification index actual_epochs (history entries of the credited checkpoint)"", ""planned_epochs"": ""index.cohort_evidence.planned_epochs"", ""segment_note"": null, ""stop_reason"": ""derived: completed == planned == 500 and no early stopping configured"", ""training_status"": ""index.cohort_evidence.training_status""}"
train-7094520d96d450d2,original500,,heat,pino,rollout,vertical_lines_50pct,20260804,7b3796080fb70ffdcbd55ccff4347ab70f25007551fa2e4484a7dc44b91a6122,c7cc1130250419698cf1c200ff5a4701f24ece0c1247aaad3d8f4c2edacb383c,d22a5353d5c6f20b2a131dcb778c5e0b9cb2fc450a93e60f042eec726bda10bb,adam,0.001,0.0,step,"{""scheduler_gamma"": 0.5, ""scheduler_step_size"": 100}",1.0,8,1,1,False,500,500,112500,112500,equal,900000,fixed_500_epochs_last_checkpoint (original protocol; derived from planned epochs and no early stopping),max_epochs_500,completed,"complete_valid (nine strict blocks, 200 identities each)",<COMMIT-1>,2026-09-25 (pdeobs-prediction-verification/20260925-v1),"{""actual_examples_processed"": ""derived: completed epochs x 1800 training records; code: src/pdeobs/runner.py::_loader batches the 1800 training records without drop_last in one process; src/pdeobs/training.py takes one optimizer update per batch (no gradient accumulation)"", ""actual_optimizer_updates"": ""archived_campaign index health.optimizer_steps (health.json of the credited attempt)"", ""batch_size/optimizer/schedule"": ""resolved.yaml of the released model (digest bound to the verification index)"", ""completed_epochs"": ""prediction_verification index actual_epochs (history entries of the credited checkpoint)"", ""planned_epochs"": ""index.cohort_evidence.planned_epochs"", ""segment_note"": null, ""stop_reason"": ""derived: completed == planned == 500 and no early stopping configured"", ""training_status"": ""index.cohort_evidence.training_status""}"
train-bbbcbea8469233a1,budget200_min120,,heat,transolver,rollout,block_observed_50pct,20260804,7b3796080fb70ffdcbd55ccff4347ab70f25007551fa2e4484a7dc44b91a6122,2d0ff7b85dcbfc613f79ff4252b0d73ea58f0e1947634245f89d02aad4b41516,6c06ed329d2d694366888121fc160ad6c605adb822be7f4abedd28a602c7ed09,adamw,0.0005,1e-05,one_cycle,"{""epochs"": 200, ""scheduler_anneal_strategy"": ""cos"", ""scheduler_div_factor"": 25.0, ""scheduler_final_div_factor"": 10000.0, ""scheduler_pct_start"": 0.3}",1.0,2,1,1,False,200,200,180000,180000,equal,360000,pdeobs.max200-min120-then-train-data-patience10/20260920,max_epochs_200,completed,"complete_valid (nine strict blocks, 200 identities each)",<COMMIT-1>,2026-09-25 (pdeobs-prediction-verification/20260925-v1),"{""actual_examples_processed"": ""derived: completed epochs x 1800 training records; code: src/pdeobs/runner.py::_loader batches the 1800 training records without drop_last in one process; src/pdeobs/training.py takes one optimizer update per batch (no gradient accumulation)"", ""actual_optimizer_updates"": ""archived_campaign index health.optimizer_steps (health.json of the credited attempt)"", ""batch_size/optimizer/schedule"": ""resolved.yaml of the released model (digest bound to the verification index)"", ""completed_epochs"": ""prediction_verification index actual_epochs (history entries of the credited checkpoint)"", ""planned_epochs"": ""index.cohort_evidence.planned_epochs"", ""segment_note"": null, ""stop_reason"": ""index.stop_reason"", ""training_status"": ""index.cohort_evidence.training_status""}"
train-407d980af230abb8,original500,,heat,transolver,rollout,boundary_band_50pct,20260804,7b3796080fb70ffdcbd55ccff4347ab70f25007551fa2e4484a7dc44b91a6122,9bafadc5cf2440b03acecdc362864af4ac47ac928d3453ac9af7f298d93914bd,11098cb9623b7ba8f75f0e9ee6916948af91367a171fc0d162d2b730f51dfbca,adamw,0.001,1e-05,one_cycle,"{""epochs"": 500, ""scheduler_anneal_strategy"": ""cos"", ""scheduler_div_factor"": 25.0, ""scheduler_final_div_factor"": 10000.0, ""scheduler_pct_start"": 0.3}",,2,1,1,False,500,500,450000,450000,equal,900000,fixed_500_epochs_last_checkpoint (original protocol; derived from planned epochs and no early stopping),max_epochs_500,completed,"complete_valid (nine strict blocks, 200 identities each)",<COMMIT-1>,2026-09-25 (pdeobs-prediction-verification/20260925-v1),"{""actual_examples_processed"": ""derived: completed epochs x 1800 training records; code: src/pdeobs/runner.py::_loader batches the 1800 training records without drop_last in one process; src/pdeobs/training.py takes one optimizer update per batch (no gradient accumulation)"", ""actual_optimizer_updates"": ""archived_campaign index health.optimizer_steps (health.json of the credited attempt)"", ""batch_size/optimizer/schedule"": ""resolved.yaml of the released model (digest bound to the verification index)"", ""completed_epochs"": ""prediction_verification index actual_epochs (history entries of the credited checkpoint)"", ""planned_epochs"": ""index.cohort_evidence.planned_epochs"", ""segment_note"": null, ""stop_reason"": ""derived: completed == planned == 500 and no early stopping configured"", ""training_status"": ""index.cohort_evidence.training_status""}"
train-01e0fffd41581995,budget200_min120,,heat,transolver,rollout,clustered_50pct,20260804,7b3796080fb70ffdcbd55ccff4347ab70f25007551fa2e4484a7dc44b91a6122,8c8230dc839600c6f966d3167792435ccc1ded4524d97c81730a18a115cae994,5c562308b820732eb269a0bc227fb8e943b196922c59e74c2bc0519a4020d1d9,adamw,0.0005,1e-05,one_cycle,"{""epochs"": 200, ""scheduler_anneal_strategy"": ""cos"", ""scheduler_div_factor"": 25.0, ""scheduler_final_div_factor"": 10000.0, ""scheduler_pct_start"": 0.3}",1.0,2,1,1,False,200,130,117000,117000,equal,234000,pdeobs.max200-min120-then-train-data-patience10/20260920,train_data_patience_10,completed,"complete_valid (nine strict blocks, 200 identities each)",<COMMIT-1>,2026-09-25 (pdeobs-prediction-verification/20260925-v1),"{""actual_examples_processed"": ""derived: completed epochs x 1800 training records; code: src/pdeobs/runner.py::_loader batches the 1800 training records without drop_last in one process; src/pdeobs/training.py takes one optimizer update per batch (no gradient accumulation)"", ""actual_optimizer_updates"": ""archived_campaign index health.optimizer_steps (health.json of the credited attempt)"", ""batch_size/optimizer/schedule"": ""resolved.yaml of the released model (digest bound to the verification index)"", ""completed_epochs"": ""prediction_verification index actual_epochs (history entries of the credited checkpoint)"", ""planned_epochs"": ""index.cohort_evidence.planned_epochs"", ""segment_note"": null, ""stop_reason"": ""index.stop_reason"", ""training_status"": ""index.cohort_evidence.training_status""}"
train-9f8212dc78b759eb,original500,,heat,transolver,rollout,horizontal_lines_50pct,20260804,7b3796080fb70ffdcbd55ccff4347ab70f25007551fa2e4484a7dc44b91a6122,b89523747dae7b9aa8c7a9d39e95b0818d6eb080ef8d153ca6898dc40153cb1e,0a97dda6cd54048119c3b2ad94e363a42a39fbfd1a04193639ee2befd59801cc,adamw,0.001,1e-05,one_cycle,"{""epochs"": 500, ""scheduler_anneal_strategy"": ""cos"", ""scheduler_div_factor"": 25.0, ""scheduler_final_div_factor"": 10000.0, ""scheduler_pct_start"": 0.3}",,2,1,1,False,500,500,450000,450000,equal,900000,fixed_500_epochs_last_checkpoint (original protocol; derived from planned epochs and no early stopping),max_epochs_500,completed,"complete_valid (nine strict blocks, 200 identities each)",<COMMIT-1>,2026-09-25 (pdeobs-prediction-verification/20260925-v1),"{""actual_examples_processed"": ""derived: completed epochs x 1800 training records; code: src/pdeobs/runner.py::_loader batches the 1800 training records without drop_last in one process; src/pdeobs/training.py takes one optimizer update per batch (no gradient accumulation)"", ""actual_optimizer_updates"": ""archived_campaign index health.optimizer_steps (health.json of the credited attempt)"", ""batch_size/optimizer/schedule"": ""resolved.yaml of the released model (digest bound to the verification index)"", ""completed_epochs"": ""prediction_verification index actual_epochs (history entries of the credited checkpoint)"", ""planned_epochs"": ""index.cohort_evidence.planned_epochs"", ""segment_note"": null, ""stop_reason"": ""derived: completed == planned == 500 and no early stopping configured"", ""training_status"": ""index.cohort_evidence.training_status""}"
train-b9cefef668aa45fd,original500,,heat,transolver,rollout,line_sensors_50pct,20260804,7b3796080fb70ffdcbd55ccff4347ab70f25007551fa2e4484a7dc44b91a6122,b9d4650311c2c3b6ca3e481553c262770cc3cad3c4e77b215763c12dda78d1a9,5d276feefabb3e54ec4a7320cc127d9415aa3b6f8c31c89f09a6a27b392cb2b7,adamw,0.001,1e-05,one_cycle,"{""epochs"": 500, ""scheduler_anneal_strategy"": ""cos"", ""scheduler_div_factor"": 25.0, ""scheduler_final_div_factor"": 10000.0, ""scheduler_pct_start"": 0.3}",,2,1,1,False,500,500,450000,450000,equal,900000,fixed_500_epochs_last_checkpoint (original protocol; derived from planned epochs and no early stopping),max_epochs_500,completed,"complete_valid (nine strict blocks, 200 identities each)",<COMMIT-1>,2026-09-25 (pdeobs-prediction-verification/20260925-v1),"{""actual_examples_processed"": ""derived: completed epochs x 1800 training records; code: src/pdeobs/runner.py::_loader batches the 1800 training records without drop_last in one process; src/pdeobs/training.py takes one optimizer update per batch (no gradient accumulation)"", ""actual_optimizer_updates"": ""archived_campaign index health.optimizer_steps (health.json of the credited attempt)"", ""batch_size/optimizer/schedule"": ""resolved.yaml of the released model (digest bound to the verification index)"", ""completed_epochs"": ""prediction_verification index actual_epochs (history entries of the credited checkpoint)"", ""planned_epochs"": ""index.cohort_evidence.planned_epochs"", ""segment_note"": null, ""stop_reason"": ""derived: completed == planned == 500 and no early stopping configured"", ""training_status"": ""index.cohort_evidence.training_status""}"
train-0f7a08d502d1f44c,interrupted_or_recovered,,heat,transolver,rollout,random_50pct,20260804,7b3796080fb70ffdcbd55ccff4347ab70f25007551fa2e4484a7dc44b91a6122,ff620073653f4a90b10637a64302ccc2e10e3de0641f7304f6c0e455f14c7900,818d64243d15b7f93adad05b2d17c46d4dc6416652cc739430b1e863a444e9f3,adamw,0.001,1e-05,one_cycle,"{""epochs"": 500, ""scheduler_anneal_strategy"": ""cos"", ""scheduler_div_factor"": 25.0, ""scheduler_final_div_factor"": 10000.0, ""scheduler_pct_start"": 0.3}",,2,1,1,False,500,257,unknown,231300,unknown,462600,fixed_500_epochs_last_checkpoint (original protocol; derived from planned epochs and no early stopping),unknown,unknown,"complete_valid (nine strict blocks, 200 identities each)",<COMMIT-1>,2026-09-25 (pdeobs-prediction-verification/20260925-v1),"{""actual_examples_processed"": ""derived: completed epochs x 1800 training records; code: src/pdeobs/runner.py::_loader batches the 1800 training records without drop_last in one process; src/pdeobs/training.py takes one optimizer update per batch (no gradient accumulation)"", ""actual_optimizer_updates"": ""unknown: no optimizer step counter in the credited receipts"", ""batch_size/optimizer/schedule"": ""resolved.yaml of the released model (digest bound to the verification index)"", ""completed_epochs"": ""prediction_verification index actual_epochs (history entries of the credited checkpoint)"", ""planned_epochs"": ""index.cohort_evidence.planned_epochs"", ""segment_note"": null, ""stop_reason"": ""no stop reason recorded"", ""training_status"": ""archived health.status""}"
train-302521291ccb9c9e,budget200_min120,,heat,transolver,rollout,random_65pct,20260804,7b3796080fb70ffdcbd55ccff4347ab70f25007551fa2e4484a7dc44b91a6122,c45629c4669486033317fc9e10cfe473433c1ddd39f9cc4a79249111e14fb028,98258d141373336096a58c3975229239e8f46c64592c57ba4bd15d23098127f1,adamw,0.0005,1e-05,one_cycle,"{""epochs"": 200, ""scheduler_anneal_strategy"": ""cos"", ""scheduler_div_factor"": 25.0, ""scheduler_final_div_factor"": 10000.0, ""scheduler_pct_start"": 0.3}",1.0,2,1,1,False,200,157,141300,141300,equal,282600,pdeobs.max200-min120-then-train-data-patience10/20260920,train_data_patience_10,completed,"complete_valid (nine strict blocks, 200 identities each)",<COMMIT-1>,2026-09-25 (pdeobs-prediction-verification/20260925-v1),"{""actual_examples_processed"": ""derived: completed epochs x 1800 training records; code: src/pdeobs/runner.py::_loader batches the 1800 training records without drop_last in one process; src/pdeobs/training.py takes one optimizer update per batch (no gradient accumulation)"", ""actual_optimizer_updates"": ""archived_campaign index health.optimizer_steps (health.json of the credited attempt)"", ""batch_size/optimizer/schedule"": ""resolved.yaml of the released model (digest bound to the verification index)"", ""completed_epochs"": ""prediction_verification index actual_epochs (history entries of the credited checkpoint)"", ""planned_epochs"": ""index.cohort_evidence.planned_epochs"", ""segment_note"": null, ""stop_reason"": ""index.stop_reason"", ""training_status"": ""index.cohort_evidence.training_status""}"
train-cf38b804d2f8e479,budget200_min120,,heat,transolver,rollout,random_80pct,20260804,7b3796080fb70ffdcbd55ccff4347ab70f25007551fa2e4484a7dc44b91a6122,aaf125fa9e3e9d7a7ee724e1fa0332a7b2d246ac68e425f6efc170bb9c6a1ceb,a0de4668f633013d1f6869703cd89e4639444d4a456bb0f9b88957707e98b541,adamw,0.0005,1e-05,one_cycle,"{""epochs"": 200, ""scheduler_anneal_strategy"": ""cos"", ""scheduler_div_factor"": 25.0, ""scheduler_final_div_factor"": 10000.0, ""scheduler_pct_start"": 0.3}",1.0,2,1,1,False,200,133,119700,119700,equal,239400,pdeobs.max200-min120-then-train-data-patience10/20260920,train_data_patience_10,completed,"complete_valid (nine strict blocks, 200 identities each)",<COMMIT-1>,2026-09-25 (pdeobs-prediction-verification/20260925-v1),"{""actual_examples_processed"": ""derived: completed epochs x 1800 training records; code: src/pdeobs/runner.py::_loader batches the 1800 training records without drop_last in one process; src/pdeobs/training.py takes one optimizer update per batch (no gradient accumulation)"", ""actual_optimizer_updates"": ""archived_campaign index health.optimizer_steps (health.json of the credited attempt)"", ""batch_size/optimizer/schedule"": ""resolved.yaml of the released model (digest bound to the verification index)"", ""completed_epochs"": ""prediction_verification index actual_epochs (history entries of the credited checkpoint)"", ""planned_epochs"": ""index.cohort_evidence.planned_epochs"", ""segment_note"": null, ""stop_reason"": ""index.stop_reason"", ""training_status"": ""index.cohort_evidence.training_status""}"
train-8a8a9501ca2544b4,interrupted_or_recovered,,heat,transolver,rollout,vertical_lines_50pct,20260804,7b3796080fb70ffdcbd55ccff4347ab70f25007551fa2e4484a7dc44b91a6122,e88852b937782e78774c1dd23a7f58929dccb20e5b2ca1ef95452e297337cf9d,fc7ce4f9aea22a05ddc55042e2223ff1e0299a87f7faae4e03a46590e631e551,adamw,0.001,1e-05,one_cycle,"{""epochs"": 500, ""scheduler_anneal_strategy"": ""cos"", ""scheduler_div_factor"": 25.0, ""scheduler_final_div_factor"": 10000.0, ""scheduler_pct_start"": 0.3}",,2,1,1,False,500,124,unknown,111600,unknown,223200,fixed_500_epochs_last_checkpoint (original protocol; derived from planned epochs and no early stopping),unknown,unknown,"complete_valid (nine strict blocks, 200 identities each)",<COMMIT-1>,2026-09-25 (pdeobs-prediction-verification/20260925-v1),"{""actual_examples_processed"": ""derived: completed epochs x 1800 training records; code: src/pdeobs/runner.py::_loader batches the 1800 training records without drop_last in one process; src/pdeobs/training.py takes one optimizer update per batch (no gradient accumulation)"", ""actual_optimizer_updates"": ""unknown: no optimizer step counter in the credited receipts"", ""batch_size/optimizer/schedule"": ""resolved.yaml of the released model (digest bound to the verification index)"", ""completed_epochs"": ""prediction_verification index actual_epochs (history entries of the credited checkpoint)"", ""planned_epochs"": ""index.cohort_evidence.planned_epochs"", ""segment_note"": null, ""stop_reason"": ""no stop reason recorded"", ""training_status"": ""archived health.status""}"
train-99821533b27191c0,original500,,heat,ufno_2d,rollout,block_observed_50pct,20260804,7b3796080fb70ffdcbd55ccff4347ab70f25007551fa2e4484a7dc44b91a6122,51c2afaedc8e2c554896d225c50bde377fe92891e16f953b3e35b89c9edbe9ef,0b9a9072a508fe24f92469015468a503169bc1e1e75900dd7f3a1e1c0cbb4558,adam,0.001,0.0001,step,"{""scheduler_gamma"": 0.5, ""scheduler_step_size"": 100}",1.0,4,1,1,False,500,500,225000,225000,equal,900000,fixed_500_epochs_last_checkpoint (original protocol; derived from planned epochs and no early stopping),max_epochs_500,completed,"complete_valid (nine strict blocks, 200 identities each)",<COMMIT-1>,2026-09-25 (pdeobs-prediction-verification/20260925-v1),"{""actual_examples_processed"": ""derived: completed epochs x 1800 training records; code: src/pdeobs/runner.py::_loader batches the 1800 training records without drop_last in one process; src/pdeobs/training.py takes one optimizer update per batch (no gradient accumulation)"", ""actual_optimizer_updates"": ""archived_campaign index health.optimizer_steps (health.json of the credited attempt)"", ""batch_size/optimizer/schedule"": ""resolved.yaml of the released model (digest bound to the verification index)"", ""completed_epochs"": ""prediction_verification index actual_epochs (history entries of the credited checkpoint)"", ""planned_epochs"": ""index.cohort_evidence.planned_epochs"", ""segment_note"": null, ""stop_reason"": ""derived: completed == planned == 500 and no early stopping configured"", ""training_status"": ""index.cohort_evidence.training_status""}"
train-9f3e578f902900c5,original500_recovered,,heat,ufno_2d,rollout,boundary_band_50pct,20260804,7b3796080fb70ffdcbd55ccff4347ab70f25007551fa2e4484a7dc44b91a6122,37096eef8d9e04773e3ddfd1dc914e44710a6739d0270c0f5875904820f6d03a,49239b4923122ce9f5972a144e131c9c5a90ee09f68d6b444ee6c6cd957f7644,adam,0.001,0.0001,step,"{""scheduler_gamma"": 0.5, ""scheduler_step_size"": 100}",1.0,4,1,1,False,500,500,225000,225000,equal,900000,pdeobs.dynamic-method-budget/2026-09-14-r3,max_epochs_500,completed,"complete_valid (nine strict blocks, 200 identities each)",<COMMIT-1>,2026-09-25 (pdeobs-prediction-verification/20260925-v1),"{""actual_examples_processed"": ""derived: completed epochs x 1800 training records; code: src/pdeobs/runner.py::_loader batches the 1800 training records without drop_last in one process; src/pdeobs/training.py takes one optimizer update per batch (no gradient accumulation)"", ""actual_optimizer_updates"": ""archived_campaign index health.optimizer_steps (health.json of the credited attempt)"", ""batch_size/optimizer/schedule"": ""resolved.yaml of the released model (digest bound to the verification index)"", ""completed_epochs"": ""prediction_verification index actual_epochs (history entries of the credited checkpoint)"", ""planned_epochs"": ""index.cohort_evidence.planned_epochs"", ""segment_note"": null, ""stop_reason"": ""derived: completed == planned == 500 and no early stopping configured"", ""training_status"": ""index.cohort_evidence.training_status""}"
train-224dddcb477fb36e,original500_recovered,,heat,ufno_2d,rollout,clustered_50pct,20260804,7b3796080fb70ffdcbd55ccff4347ab70f25007551fa2e4484a7dc44b91a6122,9150c349c1700bc7607283412fba8dcb56ee5a3768f7afbb5b4743807c18f60c,3501e221642210d93387001a42d1701d5c49b255da42e2659bb6d44edeeb2865,adam,0.001,0.0001,step,"{""scheduler_gamma"": 0.5, ""scheduler_step_size"": 100}",1.0,4,1,1,False,500,500,225000,225000,equal,900000,pdeobs.dynamic-method-budget/2026-09-14-r3,max_epochs_500,completed,"complete_valid (nine strict blocks, 200 identities each)",<COMMIT-1>,2026-09-25 (pdeobs-prediction-verification/20260925-v1),"{""actual_examples_processed"": ""derived: completed epochs x 1800 training records; code: src/pdeobs/runner.py::_loader batches the 1800 training records without drop_last in one process; src/pdeobs/training.py takes one optimizer update per batch (no gradient accumulation)"", ""actual_optimizer_updates"": ""archived_campaign index health.optimizer_steps (health.json of the credited attempt)"", ""batch_size/optimizer/schedule"": ""resolved.yaml of the released model (digest bound to the verification index)"", ""completed_epochs"": ""prediction_verification index actual_epochs (history entries of the credited checkpoint)"", ""planned_epochs"": ""index.cohort_evidence.planned_epochs"", ""segment_note"": null, ""stop_reason"": ""derived: completed == planned == 500 and no early stopping configured"", ""training_status"": ""index.cohort_evidence.training_status""}"
train-8d77037bcdc356ea,original500_recovered,continuation_of:operational-continuation-309.json,heat,ufno_2d,rollout,horizontal_lines_50pct,20260804,7b3796080fb70ffdcbd55ccff4347ab70f25007551fa2e4484a7dc44b91a6122,7f715e759a09129fd6233ff375378cd081fa0160b29b4b22230e93cee163456b,467402d9efc555f5af5c24b9d07dc322589d6f4dc5d140ee21442bd7d04d0276,adam,0.001,0.0001,step,"{""scheduler_gamma"": 0.5, ""scheduler_step_size"": 100}",1.0,4,1,1,False,500,500,225000,225000,equal,900000,pdeobs.dynamic-method-budget/2026-09-14-r3,max_epochs_500,completed,"complete_valid (nine strict blocks, 200 identities each)",<COMMIT-1>,2026-09-25 (pdeobs-prediction-verification/20260925-v1),"{""actual_examples_processed"": ""derived: completed epochs x 1800 training records; code: src/pdeobs/runner.py::_loader batches the 1800 training records without drop_last in one process; src/pdeobs/training.py takes one optimizer update per batch (no gradient accumulation)"", ""actual_optimizer_updates"": ""archived_campaign index health.optimizer_steps (health.json of the credited attempt)"", ""batch_size/optimizer/schedule"": ""resolved.yaml of the released model (digest bound to the verification index)"", ""completed_epochs"": ""prediction_verification index actual_epochs (history entries of the credited checkpoint)"", ""planned_epochs"": ""index.cohort_evidence.planned_epochs"", ""segment_note"": ""optimizer step counter and history may cover the last continuation segment only: operational-continuation-309.json"", ""stop_reason"": ""derived: completed == planned == 500 and no early stopping configured"", ""training_status"": ""index.cohort_evidence.training_status""}"
train-d556c16119a08838,original500_recovered,continuation_of:operational-continuation-311.json,heat,ufno_2d,rollout,line_sensors_50pct,20260804,7b3796080fb70ffdcbd55ccff4347ab70f25007551fa2e4484a7dc44b91a6122,fe2c24bff1aa4f2fc4641c411cbaf81308dec9cf0f823c75c155148f49b027ce,b89796f186e0b29b7f553d95dbc02dc4c1acb62130a3a67560bac735e96c866f,adam,0.001,0.0001,step,"{""scheduler_gamma"": 0.5, ""scheduler_step_size"": 100}",1.0,4,1,1,False,500,500,225000,225000,equal,900000,pdeobs.dynamic-method-budget/2026-09-14-r3,max_epochs_500,completed,"complete_valid (nine strict blocks, 200 identities each)",<COMMIT-1>,2026-09-25 (pdeobs-prediction-verification/20260925-v1),"{""actual_examples_processed"": ""derived: completed epochs x 1800 training records; code: src/pdeobs/runner.py::_loader batches the 1800 training records without drop_last in one process; src/pdeobs/training.py takes one optimizer update per batch (no gradient accumulation)"", ""actual_optimizer_updates"": ""archived_campaign index health.optimizer_steps (health.json of the credited attempt)"", ""batch_size/optimizer/schedule"": ""resolved.yaml of the released model (digest bound to the verification index)"", ""completed_epochs"": ""prediction_verification index actual_epochs (history entries of the credited checkpoint)"", ""planned_epochs"": ""index.cohort_evidence.planned_epochs"", ""segment_note"": ""optimizer step counter and history may cover the last continuation segment only: operational-continuation-311.json"", ""stop_reason"": ""derived: completed == planned == 500 and no early stopping configured"", ""training_status"": ""index.cohort_evidence.training_status""}"
train-c42829c8b560c696,original500_recovered,continuation_of:operational-continuation-bridge.json,heat,ufno_2d,rollout,random_50pct,20260804,7b3796080fb70ffdcbd55ccff4347ab70f25007551fa2e4484a7dc44b91a6122,6463b63f56dfbcbc3f43c809ffccfa6b892df75ac748253b699d7f67506c2dae,bbd09785e1b3e014ab3f34d6f1c53960d63cfad332abfc930f8908d1fc7574e7,adam,0.001,0.0001,step,"{""scheduler_gamma"": 0.5, ""scheduler_step_size"": 100}",1.0,4,1,1,False,500,500,225000,225000,equal,900000,pdeobs.dynamic-method-budget/2026-09-14-r3,max_epochs_500,completed,"complete_valid (nine strict blocks, 200 identities each)",<COMMIT-1>,2026-09-25 (pdeobs-prediction-verification/20260925-v1),"{""actual_examples_processed"": ""derived: completed epochs x 1800 training records; code: src/pdeobs/runner.py::_loader batches the 1800 training records without drop_last in one process; src/pdeobs/training.py takes one optimizer update per batch (no gradient accumulation)"", ""actual_optimizer_updates"": ""archived_campaign index health.optimizer_steps (health.json of the credited attempt)"", ""batch_size/optimizer/schedule"": ""resolved.yaml of the released model (digest bound to the verification index)"", ""completed_epochs"": ""prediction_verification index actual_epochs (history entries of the credited checkpoint)"", ""planned_epochs"": ""index.cohort_evidence.planned_epochs"", ""segment_note"": ""optimizer step counter and history may cover the last continuation segment only: operational-continuation-bridge.json"", ""stop_reason"": ""derived: completed == planned == 500 and no early stopping configured"", ""training_status"": ""index.cohort_evidence.training_status""}"
train-e5620ddeac2680c3,original500_recovered,continuation_of:operational-continuation-305.json,heat,ufno_2d,rollout,random_65pct,20260804,7b3796080fb70ffdcbd55ccff4347ab70f25007551fa2e4484a7dc44b91a6122,a14c8d29695cae8f75d3324e7687d2bee62e9535b9937052597035bb7d69a7d8,73c9d6bf5b75525a37738386290171cea7b0855506424bdd586c29c969a99d79,adam,0.001,0.0001,step,"{""scheduler_gamma"": 0.5, ""scheduler_step_size"": 100}",1.0,4,1,1,False,500,500,225000,225000,equal,900000,pdeobs.dynamic-method-budget/2026-09-14-r3,max_epochs_500,completed,"complete_valid (nine strict blocks, 200 identities each)",<COMMIT-1>,2026-09-25 (pdeobs-prediction-verification/20260925-v1),"{""actual_examples_processed"": ""derived: completed epochs x 1800 training records; code: src/pdeobs/runner.py::_loader batches the 1800 training records without drop_last in one process; src/pdeobs/training.py takes one optimizer update per batch (no gradient accumulation)"", ""actual_optimizer_updates"": ""archived_campaign index health.optimizer_steps (health.json of the credited attempt)"", ""batch_size/optimizer/schedule"": ""resolved.yaml of the released model (digest bound to the verification index)"", ""completed_epochs"": ""prediction_verification index actual_epochs (history entries of the credited checkpoint)"", ""planned_epochs"": ""index.cohort_evidence.planned_epochs"", ""segment_note"": ""optimizer step counter and history may cover the last continuation segment only: operational-continuation-305.json"", ""stop_reason"": ""derived: completed == planned == 500 and no early stopping configured"", ""training_status"": ""index.cohort_evidence.training_status""}"
train-fe50f3452a266f0f,original500_recovered,continuation_of:operational-continuation-bridge.json,heat,ufno_2d,rollout,random_80pct,20260804,7b3796080fb70ffdcbd55ccff4347ab70f25007551fa2e4484a7dc44b91a6122,d5f05be5e6e9d2832848920ac1119cecd5ea66c80ed9767963278bbb70cc1c6c,3e8bd51d68f4c9889dcf5a085d0cdd24367e9818dcc31802324628310a75e1b3,adam,0.001,0.0001,step,"{""scheduler_gamma"": 0.5, ""scheduler_step_size"": 100}",1.0,4,1,1,False,500,500,225000,225000,equal,900000,pdeobs.dynamic-method-budget/2026-09-14-r3,max_epochs_500,completed,"complete_valid (nine strict blocks, 200 identities each)",<COMMIT-1>,2026-09-25 (pdeobs-prediction-verification/20260925-v1),"{""actual_examples_processed"": ""derived: completed epochs x 1800 training records; code: src/pdeobs/runner.py::_loader batches the 1800 training records without drop_last in one process; src/pdeobs/training.py takes one optimizer update per batch (no gradient accumulation)"", ""actual_optimizer_updates"": ""archived_campaign index health.optimizer_steps (health.json of the credited attempt)"", ""batch_size/optimizer/schedule"": ""resolved.yaml of the released model (digest bound to the verification index)"", ""completed_epochs"": ""prediction_verification index actual_epochs (history entries of the credited checkpoint)"", ""planned_epochs"": ""index.cohort_evidence.planned_epochs"", ""segment_note"": ""optimizer step counter and history may cover the last continuation segment only: operational-continuation-bridge.json"", ""stop_reason"": ""derived: completed == planned == 500 and no early stopping configured"", ""training_status"": ""index.cohort_evidence.training_status""}"
train-47bc4c86a86d29b6,original500_recovered,continuation_of:operational-continuation-bridge.json,heat,ufno_2d,rollout,vertical_lines_50pct,20260804,7b3796080fb70ffdcbd55ccff4347ab70f25007551fa2e4484a7dc44b91a6122,33a8c9c4d10230ace03442642c9d3e66619d2aa34e7d33d9e9136e8a09f41e93,ffd99c67c75f898cab0a2f53f93ebdf42f17007c4c31d4042c6c07d838791ec6,adam,0.001,0.0001,step,"{""scheduler_gamma"": 0.5, ""scheduler_step_size"": 100}",1.0,4,1,1,False,500,500,225000,225000,equal,900000,pdeobs.dynamic-method-budget/2026-09-14-r3,max_epochs_500,completed,"complete_valid (nine strict blocks, 200 identities each)",<COMMIT-1>,2026-09-25 (pdeobs-prediction-verification/20260925-v1),"{""actual_examples_processed"": ""derived: completed epochs x 1800 training records; code: src/pdeobs/runner.py::_loader batches the 1800 training records without drop_last in one process; src/pdeobs/training.py takes one optimizer update per batch (no gradient accumulation)"", ""actual_optimizer_updates"": ""archived_campaign index health.optimizer_steps (health.json of the credited attempt)"", ""batch_size/optimizer/schedule"": ""resolved.yaml of the released model (digest bound to the verification index)"", ""completed_epochs"": ""prediction_verification index actual_epochs (history entries of the credited checkpoint)"", ""planned_epochs"": ""index.cohort_evidence.planned_epochs"", ""segment_note"": ""optimizer step counter and history may cover the last continuation segment only: operational-continuation-bridge.json"", ""stop_reason"": ""derived: completed == planned == 500 and no early stopping configured"", ""training_status"": ""index.cohort_evidence.training_status""}"
train-fadecdfa6b054c81,original500,,helmholtz,cno,recovery,block_observed_50pct,20260804,d26a0a862be8a012f78d47f3a3b4b3ffea508053ab02b6ee8e8f88e40831b27b,077f7b25e9ac8fab2c66041961bf06fcf904f2a2eb0dc081b43d6d10feb696a5,ba2a90cd15404fe5d4f89af9eaa8e4876959cb85ffec30dd348185373a58480c,adamw,0.001,1e-06,step,"{""scheduler_gamma"": 0.5, ""scheduler_step_size"": 100}",1.0,8,1,1,False,500,500,112500,112500,equal,900000,fixed_500_epochs_last_checkpoint (original protocol; derived from planned epochs and no early stopping),max_epochs_500,completed,"complete_valid (nine strict blocks, 200 identities each)",<COMMIT-1>,2026-09-25 (pdeobs-prediction-verification/20260925-v1),"{""actual_examples_processed"": ""derived: completed epochs x 1800 training records; code: src/pdeobs/runner.py::_loader batches the 1800 training records without drop_last in one process; src/pdeobs/training.py takes one optimizer update per batch (no gradient accumulation)"", ""actual_optimizer_updates"": ""archived_campaign index health.optimizer_steps (health.json of the credited attempt)"", ""batch_size/optimizer/schedule"": ""resolved.yaml of the released model (digest bound to the verification index)"", ""completed_epochs"": ""prediction_verification index actual_epochs (history entries of the credited checkpoint)"", ""planned_epochs"": ""index.cohort_evidence.planned_epochs"", ""segment_note"": null, ""stop_reason"": ""derived: completed == planned == 500 and no early stopping configured"", ""training_status"": ""index.cohort_evidence.training_status""}"
train-783f485f07390cdd,original500,,helmholtz,cno,recovery,boundary_band_50pct,20260804,d26a0a862be8a012f78d47f3a3b4b3ffea508053ab02b6ee8e8f88e40831b27b,09584b22bd8863bea47db62c0e1cb2f18fc46bc6467b2a95c67ecbaa38e4bd98,5a776a4fc59f953f5ecccb39f0f10ca4a78c0756c147adf97be4bdc24bf74895,adamw,0.001,1e-06,step,"{""scheduler_gamma"": 0.5, ""scheduler_step_size"": 100}",1.0,8,1,1,False,500,500,112500,112500,equal,900000,fixed_500_epochs_last_checkpoint (original protocol; derived from planned epochs and no early stopping),max_epochs_500,completed,"complete_valid (nine strict blocks, 200 identities each)",<COMMIT-1>,2026-09-25 (pdeobs-prediction-verification/20260925-v1),"{""actual_examples_processed"": ""derived: completed epochs x 1800 training records; code: src/pdeobs/runner.py::_loader batches the 1800 training records without drop_last in one process; src/pdeobs/training.py takes one optimizer update per batch (no gradient accumulation)"", ""actual_optimizer_updates"": ""archived_campaign index health.optimizer_steps (health.json of the credited attempt)"", ""batch_size/optimizer/schedule"": ""resolved.yaml of the released model (digest bound to the verification index)"", ""completed_epochs"": ""prediction_verification index actual_epochs (history entries of the credited checkpoint)"", ""planned_epochs"": ""index.cohort_evidence.planned_epochs"", ""segment_note"": null, ""stop_reason"": ""derived: completed == planned == 500 and no early stopping configured"", ""training_status"": ""index.cohort_evidence.training_status""}"
train-0aadd5c912502433,original500,,helmholtz,cno,recovery,clustered_50pct,20260804,d26a0a862be8a012f78d47f3a3b4b3ffea508053ab02b6ee8e8f88e40831b27b,2335b53d1b29267d14e95771df81e527fec14d0dcfe86e41adc6669364eb7fa7,8e791a443bf99b04d0b81193d71e48a26e3c251e75d38b8a2b15409df7537515,adamw,0.001,1e-06,step,"{""scheduler_gamma"": 0.5, ""scheduler_step_size"": 100}",1.0,8,1,1,False,500,500,112500,112500,equal,900000,fixed_500_epochs_last_checkpoint (original protocol; derived from planned epochs and no early stopping),max_epochs_500,completed,"complete_valid (nine strict blocks, 200 identities each)",<COMMIT-1>,2026-09-25 (pdeobs-prediction-verification/20260925-v1),"{""actual_examples_processed"": ""derived: completed epochs x 1800 training records; code: src/pdeobs/runner.py::_loader batches the 1800 training records without drop_last in one process; src/pdeobs/training.py takes one optimizer update per batch (no gradient accumulation)"", ""actual_optimizer_updates"": ""archived_campaign index health.optimizer_steps (health.json of the credited attempt)"", ""batch_size/optimizer/schedule"": ""resolved.yaml of the released model (digest bound to the verification index)"", ""completed_epochs"": ""prediction_verification index actual_epochs (history entries of the credited checkpoint)"", ""planned_epochs"": ""index.cohort_evidence.planned_epochs"", ""segment_note"": null, ""stop_reason"": ""derived: completed == planned == 500 and no early stopping configured"", ""training_status"": ""index.cohort_evidence.training_status""}"
train-a95c7278d49bddea,original500,,helmholtz,cno,recovery,horizontal_lines_50pct,20260804,d26a0a862be8a012f78d47f3a3b4b3ffea508053ab02b6ee8e8f88e40831b27b,e41d42da3d09c7160dcbb8bb4c8e4ef40a0cf01e3017ef0ee88eb13266f8b16c,aeb55f69426b75750a811bfa661139ea102e20735357550baace540f9fc8e0b6,adamw,0.001,1e-06,step,"{""scheduler_gamma"": 0.5, ""scheduler_step_size"": 100}",1.0,8,1,1,False,500,500,112500,112500,equal,900000,fixed_500_epochs_last_checkpoint (original protocol; derived from planned epochs and no early stopping),max_epochs_500,completed,"complete_valid (nine strict blocks, 200 identities each)",<COMMIT-1>,2026-09-25 (pdeobs-prediction-verification/20260925-v1),"{""actual_examples_processed"": ""derived: completed epochs x 1800 training records; code: src/pdeobs/runner.py::_loader batches the 1800 training records without drop_last in one process; src/pdeobs/training.py takes one optimizer update per batch (no gradient accumulation)"", ""actual_optimizer_updates"": ""archived_campaign index health.optimizer_steps (health.json of the credited attempt)"", ""batch_size/optimizer/schedule"": ""resolved.yaml of the released model (digest bound to the verification index)"", ""completed_epochs"": ""prediction_verification index actual_epochs (history entries of the credited checkpoint)"", ""planned_epochs"": ""index.cohort_evidence.planned_epochs"", ""segment_note"": null, ""stop_reason"": ""derived: completed == planned == 500 and no early stopping configured"", ""training_status"": ""index.cohort_evidence.training_status""}"
train-3453687929af96fa,original500,,helmholtz,cno,recovery,line_sensors_50pct,20260804,d26a0a862be8a012f78d47f3a3b4b3ffea508053ab02b6ee8e8f88e40831b27b,4f949cddca009e07b9cc2778e2ba9fa346cd91d37dab945b4aacad91ba20f0d1,906f23e8b37706459897ffdf19d05e426d22ec04e3c7aba05c9767360ec4a175,adamw,0.001,1e-06,step,"{""scheduler_gamma"": 0.5, ""scheduler_step_size"": 100}",1.0,8,1,1,False,500,500,112500,112500,equal,900000,fixed_500_epochs_last_checkpoint (original protocol; derived from planned epochs and no early stopping),max_epochs_500,completed,"complete_valid (nine strict blocks, 200 identities each)",<COMMIT-1>,2026-09-25 (pdeobs-prediction-verification/20260925-v1),"{""actual_examples_processed"": ""derived: completed epochs x 1800 training records; code: src/pdeobs/runner.py::_loader batches the 1800 training records without drop_last in one process; src/pdeobs/training.py takes one optimizer update per batch (no gradient accumulation)"", ""actual_optimizer_updates"": ""archived_campaign index health.optimizer_steps (health.json of the credited attempt)"", ""batch_size/optimizer/schedule"": ""resolved.yaml of the released model (digest bound to the verification index)"", ""completed_epochs"": ""prediction_verification index actual_epochs (history entries of the credited checkpoint)"", ""planned_epochs"": ""index.cohort_evidence.planned_epochs"", ""segment_note"": null, ""stop_reason"": ""derived: completed == planned == 500 and no early stopping configured"", ""training_status"": ""index.cohort_evidence.training_status""}"
train-a95b385c1d746a50,original500,,helmholtz,cno,recovery,random_50pct,20260804,d26a0a862be8a012f78d47f3a3b4b3ffea508053ab02b6ee8e8f88e40831b27b,1564f7d99d1e138b9008d4632de2f50458dca2518c317f23b01fb31de7803616,4f7975ec693010c4b67564442c5a079cd5d839b89367711f7deab03db9f3f81d,adamw,0.001,1e-06,step,"{""scheduler_gamma"": 0.5, ""scheduler_step_size"": 100}",1.0,8,1,1,False,500,500,112500,112500,equal,900000,fixed_500_epochs_last_checkpoint (original protocol; derived from planned epochs and no early stopping),max_epochs_500,completed,"complete_valid (nine strict blocks, 200 identities each)",<COMMIT-1>,2026-09-25 (pdeobs-prediction-verification/20260925-v1),"{""actual_examples_processed"": ""derived: completed epochs x 1800 training records; code: src/pdeobs/runner.py::_loader batches the 1800 training records without drop_last in one process; src/pdeobs/training.py takes one optimizer update per batch (no gradient accumulation)"", ""actual_optimizer_updates"": ""archived_campaign index health.optimizer_steps (health.json of the credited attempt)"", ""batch_size/optimizer/schedule"": ""resolved.yaml of the released model (digest bound to the verification index)"", ""completed_epochs"": ""prediction_verification index actual_epochs (history entries of the credited checkpoint)"", ""planned_epochs"": ""index.cohort_evidence.planned_epochs"", ""segment_note"": null, ""stop_reason"": ""derived: completed == planned == 500 and no early stopping configured"", ""training_status"": ""index.cohort_evidence.training_status""}"
train-e44c10665a1a8bbb,original500,,helmholtz,cno,recovery,random_65pct,20260804,d26a0a862be8a012f78d47f3a3b4b3ffea508053ab02b6ee8e8f88e40831b27b,a19f0660d3790ba21b50fe9b10bdd01753fc9f31dd92cbb894f3fa57cbe2a25d,446857ec8d4fd2dfc731e78cfd8d1c86fd4be722fd2f735c633dbfe51c8bd569,adamw,0.001,1e-06,step,"{""scheduler_gamma"": 0.5, ""scheduler_step_size"": 100}",1.0,8,1,1,False,500,500,112500,112500,equal,900000,fixed_500_epochs_last_checkpoint (original protocol; derived from planned epochs and no early stopping),max_epochs_500,completed,"complete_valid (nine strict blocks, 200 identities each)",<COMMIT-1>,2026-09-25 (pdeobs-prediction-verification/20260925-v1),"{""actual_examples_processed"": ""derived: completed epochs x 1800 training records; code: src/pdeobs/runner.py::_loader batches the 1800 training records without drop_last in one process; src/pdeobs/training.py takes one optimizer update per batch (no gradient accumulation)"", ""actual_optimizer_updates"": ""archived_campaign index health.optimizer_steps (health.json of the credited attempt)"", ""batch_size/optimizer/schedule"": ""resolved.yaml of the released model (digest bound to the verification index)"", ""completed_epochs"": ""prediction_verification index actual_epochs (history entries of the credited checkpoint)"", ""planned_epochs"": ""index.cohort_evidence.planned_epochs"", ""segment_note"": null, ""stop_reason"": ""derived: completed == planned == 500 and no early stopping configured"", ""training_status"": ""index.cohort_evidence.training_status""}"
train-696d936d3a13c970,original500,,helmholtz,cno,recovery,random_80pct,20260804,d26a0a862be8a012f78d47f3a3b4b3ffea508053ab02b6ee8e8f88e40831b27b,28d2d4831e0be698fd75fc386cd92854063abd93be579540c277d3744cab4d65,11a58a6c5eb00364172270ba2687e222fc7e878ad9b8168e770800040709bf7d,adamw,0.001,1e-06,step,"{""scheduler_gamma"": 0.5, ""scheduler_step_size"": 100}",1.0,8,1,1,False,500,500,112500,112500,equal,900000,fixed_500_epochs_last_checkpoint (original protocol; derived from planned epochs and no early stopping),max_epochs_500,completed,"complete_valid (nine strict blocks, 200 identities each)",<COMMIT-1>,2026-09-25 (pdeobs-prediction-verification/20260925-v1),"{""actual_examples_processed"": ""derived: completed epochs x 1800 training records; code: src/pdeobs/runner.py::_loader batches the 1800 training records without drop_last in one process; src/pdeobs/training.py takes one optimizer update per batch (no gradient accumulation)"", ""actual_optimizer_updates"": ""archived_campaign index health.optimizer_steps (health.json of the credited attempt)"", ""batch_size/optimizer/schedule"": ""resolved.yaml of the released model (digest bound to the verification index)"", ""completed_epochs"": ""prediction_verification index actual_epochs (history entries of the credited checkpoint)"", ""planned_epochs"": ""index.cohort_evidence.planned_epochs"", ""segment_note"": null, ""stop_reason"": ""derived: completed == planned == 500 and no early stopping configured"", ""training_status"": ""index.cohort_evidence.training_status""}"
train-6104b350e25747c2,original500,,helmholtz,cno,recovery,vertical_lines_50pct,20260804,d26a0a862be8a012f78d47f3a3b4b3ffea508053ab02b6ee8e8f88e40831b27b,01289514b88908ae527aef85f01dd2cea7b0be837c3351fe21bb32719e1b3a44,73551a8a3bd8403c37340a06d20d6db9da0a3f82ca7f416f953da1b5219654d7,adamw,0.001,1e-06,step,"{""scheduler_gamma"": 0.5, ""scheduler_step_size"": 100}",1.0,8,1,1,False,500,500,112500,112500,equal,900000,fixed_500_epochs_last_checkpoint (original protocol; derived from planned epochs and no early stopping),max_epochs_500,completed,"complete_valid (nine strict blocks, 200 identities each)",<COMMIT-1>,2026-09-25 (pdeobs-prediction-verification/20260925-v1),"{""actual_examples_processed"": ""derived: completed epochs x 1800 training records; code: src/pdeobs/runner.py::_loader batches the 1800 training records without drop_last in one process; src/pdeobs/training.py takes one optimizer update per batch (no gradient accumulation)"", ""actual_optimizer_updates"": ""archived_campaign index health.optimizer_steps (health.json of the credited attempt)"", ""batch_size/optimizer/schedule"": ""resolved.yaml of the released model (digest bound to the verification index)"", ""completed_epochs"": ""prediction_verification index actual_epochs (history entries of the credited checkpoint)"", ""planned_epochs"": ""index.cohort_evidence.planned_epochs"", ""segment_note"": null, ""stop_reason"": ""derived: completed == planned == 500 and no early stopping configured"", ""training_status"": ""index.cohort_evidence.training_status""}"
train-f98df4fe36a2a322,original500,,helmholtz,deeponet,recovery,block_observed_50pct,20260804,d26a0a862be8a012f78d47f3a3b4b3ffea508053ab02b6ee8e8f88e40831b27b,0945e7398e8e34208d727747ce3e5050ca29b546f4a39044219e5ee76d2d8e74,1c434f16365a6345f27a0534101aa0bc6328415928201aba5da7d8000c362a77,adam,0.001,0.0,step,"{""scheduler_gamma"": 0.5, ""scheduler_step_size"": 100}",1.0,4,1,1,False,500,500,225000,225000,equal,900000,fixed_500_epochs_last_checkpoint (original protocol; derived from planned epochs and no early stopping),max_epochs_500,completed,"complete_valid (nine strict blocks, 200 identities each)",<COMMIT-1>,2026-09-25 (pdeobs-prediction-verification/20260925-v1),"{""actual_examples_processed"": ""derived: completed epochs x 1800 training records; code: src/pdeobs/runner.py::_loader batches the 1800 training records without drop_last in one process; src/pdeobs/training.py takes one optimizer update per batch (no gradient accumulation)"", ""actual_optimizer_updates"": ""archived_campaign index health.optimizer_steps (health.json of the credited attempt)"", ""batch_size/optimizer/schedule"": ""resolved.yaml of the released model (digest bound to the verification index)"", ""completed_epochs"": ""prediction_verification index actual_epochs (history entries of the credited checkpoint)"", ""planned_epochs"": ""index.cohort_evidence.planned_epochs"", ""segment_note"": null, ""stop_reason"": ""derived: completed == planned == 500 and no early stopping configured"", ""training_status"": ""index.cohort_evidence.training_status""}"
train-f20ed66707d033fc,original500,,helmholtz,deeponet,recovery,boundary_band_50pct,20260804,d26a0a862be8a012f78d47f3a3b4b3ffea508053ab02b6ee8e8f88e40831b27b,a846b61fd42b6ec75c1d338684e66555482e11af2deaffb3704a55b44411240c,609a4433b3af089325bef3f5c809db5ac3c0209c7af4cd8460023151012c99e2,adam,0.001,0.0,step,"{""scheduler_gamma"": 0.5, ""scheduler_step_size"": 100}",1.0,4,1,1,False,500,500,225000,225000,equal,900000,fixed_500_epochs_last_checkpoint (original protocol; derived from planned epochs and no early stopping),max_epochs_500,completed,"complete_valid (nine strict blocks, 200 identities each)",<COMMIT-1>,2026-09-25 (pdeobs-prediction-verification/20260925-v1),"{""actual_examples_processed"": ""derived: completed epochs x 1800 training records; code: src/pdeobs/runner.py::_loader batches the 1800 training records without drop_last in one process; src/pdeobs/training.py takes one optimizer update per batch (no gradient accumulation)"", ""actual_optimizer_updates"": ""archived_campaign index health.optimizer_steps (health.json of the credited attempt)"", ""batch_size/optimizer/schedule"": ""resolved.yaml of the released model (digest bound to the verification index)"", ""completed_epochs"": ""prediction_verification index actual_epochs (history entries of the credited checkpoint)"", ""planned_epochs"": ""index.cohort_evidence.planned_epochs"", ""segment_note"": null, ""stop_reason"": ""derived: completed == planned == 500 and no early stopping configured"", ""training_status"": ""index.cohort_evidence.training_status""}"
train-c0e584bbe9ab3a6f,original500,,helmholtz,deeponet,recovery,clustered_50pct,20260804,d26a0a862be8a012f78d47f3a3b4b3ffea508053ab02b6ee8e8f88e40831b27b,c894770a10a0f53d18c217d7c2678d084ca9e124f2e8f64e54d6a5290683f50a,6c49186c63a6fe11192beedf6cdd1d5d3d746ce845d9651eb50e16ffd398da9a,adam,0.001,0.0,step,"{""scheduler_gamma"": 0.5, ""scheduler_step_size"": 100}",1.0,4,1,1,False,500,500,225000,225000,equal,900000,fixed_500_epochs_last_checkpoint (original protocol; derived from planned epochs and no early stopping),max_epochs_500,completed,"complete_valid (nine strict blocks, 200 identities each)",<COMMIT-1>,2026-09-25 (pdeobs-prediction-verification/20260925-v1),"{""actual_examples_processed"": ""derived: completed epochs x 1800 training records; code: src/pdeobs/runner.py::_loader batches the 1800 training records without drop_last in one process; src/pdeobs/training.py takes one optimizer update per batch (no gradient accumulation)"", ""actual_optimizer_updates"": ""archived_campaign index health.optimizer_steps (health.json of the credited attempt)"", ""batch_size/optimizer/schedule"": ""resolved.yaml of the released model (digest bound to the verification index)"", ""completed_epochs"": ""prediction_verification index actual_epochs (history entries of the credited checkpoint)"", ""planned_epochs"": ""index.cohort_evidence.planned_epochs"", ""segment_note"": null, ""stop_reason"": ""derived: completed == planned == 500 and no early stopping configured"", ""training_status"": ""index.cohort_evidence.training_status""}"
train-910e03d4f1fde48e,original500,,helmholtz,deeponet,recovery,horizontal_lines_50pct,20260804,d26a0a862be8a012f78d47f3a3b4b3ffea508053ab02b6ee8e8f88e40831b27b,b2375d22bc203b26898a074aed717e318f3c977ef70d908e8b93f2770eb07b07,3919ae1df6cafcdeca87260966096179d30a6bd25e0572410ad72f0c702ea288,adam,0.001,0.0,step,"{""scheduler_gamma"": 0.5, ""scheduler_step_size"": 100}",1.0,4,1,1,False,500,500,225000,225000,equal,900000,fixed_500_epochs_last_checkpoint (original protocol; derived from planned epochs and no early stopping),max_epochs_500,completed,"complete_valid (nine strict blocks, 200 identities each)",<COMMIT-1>,2026-09-25 (pdeobs-prediction-verification/20260925-v1),"{""actual_examples_processed"": ""derived: completed epochs x 1800 training records; code: src/pdeobs/runner.py::_loader batches the 1800 training records without drop_last in one process; src/pdeobs/training.py takes one optimizer update per batch (no gradient accumulation)"", ""actual_optimizer_updates"": ""archived_campaign index health.optimizer_steps (health.json of the credited attempt)"", ""batch_size/optimizer/schedule"": ""resolved.yaml of the released model (digest bound to the verification index)"", ""completed_epochs"": ""prediction_verification index actual_epochs (history entries of the credited checkpoint)"", ""planned_epochs"": ""index.cohort_evidence.planned_epochs"", ""segment_note"": null, ""stop_reason"": ""derived: completed == planned == 500 and no early stopping configured"", ""training_status"": ""index.cohort_evidence.training_status""}"
train-f5ebc969a94be2cf,original500,,helmholtz,deeponet,recovery,line_sensors_50pct,20260804,d26a0a862be8a012f78d47f3a3b4b3ffea508053ab02b6ee8e8f88e40831b27b,e828bdd6f5e64721685c5a164e1f09c186bfebb132980466239172b61eb29f70,6e82e8bdc09d6206b56d6778b6ea1b8b967932f63f6db3a6453cec3c520cfaad,adam,0.001,0.0,step,"{""scheduler_gamma"": 0.5, ""scheduler_step_size"": 100}",1.0,4,1,1,False,500,500,225000,225000,equal,900000,fixed_500_epochs_last_checkpoint (original protocol; derived from planned epochs and no early stopping),max_epochs_500,completed,"complete_valid (nine strict blocks, 200 identities each)",<COMMIT-1>,2026-09-25 (pdeobs-prediction-verification/20260925-v1),"{""actual_examples_processed"": ""derived: completed epochs x 1800 training records; code: src/pdeobs/runner.py::_loader batches the 1800 training records without drop_last in one process; src/pdeobs/training.py takes one optimizer update per batch (no gradient accumulation)"", ""actual_optimizer_updates"": ""archived_campaign index health.optimizer_steps (health.json of the credited attempt)"", ""batch_size/optimizer/schedule"": ""resolved.yaml of the released model (digest bound to the verification index)"", ""completed_epochs"": ""prediction_verification index actual_epochs (history entries of the credited checkpoint)"", ""planned_epochs"": ""index.cohort_evidence.planned_epochs"", ""segment_note"": null, ""stop_reason"": ""derived: completed == planned == 500 and no early stopping configured"", ""training_status"": ""index.cohort_evidence.training_status""}"
train-411c50eda3e39de6,original500,,helmholtz,deeponet,recovery,random_50pct,20260804,d26a0a862be8a012f78d47f3a3b4b3ffea508053ab02b6ee8e8f88e40831b27b,5b76ac86b87e8a8b0c2a2a8d1e26dcea694d8e0e6952e6cb8310b7a8a3ec2d90,f67770c9555b72f73d8f048e41fc53ff714185c49457208687fa75ef40eaac8c,adam,0.001,0.0,step,"{""scheduler_gamma"": 0.5, ""scheduler_step_size"": 100}",1.0,4,1,1,False,500,500,225000,225000,equal,900000,fixed_500_epochs_last_checkpoint (original protocol; derived from planned epochs and no early stopping),max_epochs_500,completed,"complete_valid (nine strict blocks, 200 identities each)",<COMMIT-1>,2026-09-25 (pdeobs-prediction-verification/20260925-v1),"{""actual_examples_processed"": ""derived: completed epochs x 1800 training records; code: src/pdeobs/runner.py::_loader batches the 1800 training records without drop_last in one process; src/pdeobs/training.py takes one optimizer update per batch (no gradient accumulation)"", ""actual_optimizer_updates"": ""archived_campaign index health.optimizer_steps (health.json of the credited attempt)"", ""batch_size/optimizer/schedule"": ""resolved.yaml of the released model (digest bound to the verification index)"", ""completed_epochs"": ""prediction_verification index actual_epochs (history entries of the credited checkpoint)"", ""planned_epochs"": ""index.cohort_evidence.planned_epochs"", ""segment_note"": null, ""stop_reason"": ""derived: completed == planned == 500 and no early stopping configured"", ""training_status"": ""index.cohort_evidence.training_status""}"
train-efd86d461dc03752,original500,,helmholtz,deeponet,recovery,random_65pct,20260804,d26a0a862be8a012f78d47f3a3b4b3ffea508053ab02b6ee8e8f88e40831b27b,a7a8d5063e1fe13f7eee36ea68d6b6dc97fffd7b003d08a893ace6828de3b293,250c70c8a5d9d2e6bbf71e9e2196bd66fcf5894839641b5059f79f0b2fd790be,adam,0.001,0.0,step,"{""scheduler_gamma"": 0.5, ""scheduler_step_size"": 100}",1.0,4,1,1,False,500,500,225000,225000,equal,900000,fixed_500_epochs_last_checkpoint (original protocol; derived from planned epochs and no early stopping),max_epochs_500,completed,"complete_valid (nine strict blocks, 200 identities each)",<COMMIT-1>,2026-09-25 (pdeobs-prediction-verification/20260925-v1),"{""actual_examples_processed"": ""derived: completed epochs x 1800 training records; code: src/pdeobs/runner.py::_loader batches the 1800 training records without drop_last in one process; src/pdeobs/training.py takes one optimizer update per batch (no gradient accumulation)"", ""actual_optimizer_updates"": ""archived_campaign index health.optimizer_steps (health.json of the credited attempt)"", ""batch_size/optimizer/schedule"": ""resolved.yaml of the released model (digest bound to the verification index)"", ""completed_epochs"": ""prediction_verification index actual_epochs (history entries of the credited checkpoint)"", ""planned_epochs"": ""index.cohort_evidence.planned_epochs"", ""segment_note"": null, ""stop_reason"": ""derived: completed == planned == 500 and no early stopping configured"", ""training_status"": ""index.cohort_evidence.training_status""}"
train-b8a3b384c656a156,original500,,helmholtz,deeponet,recovery,random_80pct,20260804,d26a0a862be8a012f78d47f3a3b4b3ffea508053ab02b6ee8e8f88e40831b27b,be2449273aa780e0d14c306f485ed3500821ab4309352e4279eb8f2b378dbc61,41fc6c60657d0b097663fea282d376e9b58f1a9c3b7dae27e16e672fa2d2dc8f,adam,0.001,0.0,step,"{""scheduler_gamma"": 0.5, ""scheduler_step_size"": 100}",1.0,4,1,1,False,500,500,225000,225000,equal,900000,fixed_500_epochs_last_checkpoint (original protocol; derived from planned epochs and no early stopping),max_epochs_500,completed,"complete_valid (nine strict blocks, 200 identities each)",<COMMIT-1>,2026-09-25 (pdeobs-prediction-verification/20260925-v1),"{""actual_examples_processed"": ""derived: completed epochs x 1800 training records; code: src/pdeobs/runner.py::_loader batches the 1800 training records without drop_last in one process; src/pdeobs/training.py takes one optimizer update per batch (no gradient accumulation)"", ""actual_optimizer_updates"": ""archived_campaign index health.optimizer_steps (health.json of the credited attempt)"", ""batch_size/optimizer/schedule"": ""resolved.yaml of the released model (digest bound to the verification index)"", ""completed_epochs"": ""prediction_verification index actual_epochs (history entries of the credited checkpoint)"", ""planned_epochs"": ""index.cohort_evidence.planned_epochs"", ""segment_note"": null, ""stop_reason"": ""derived: completed == planned == 500 and no early stopping configured"", ""training_status"": ""index.cohort_evidence.training_status""}"
train-56263aca55157ea0,original500,,helmholtz,deeponet,recovery,vertical_lines_50pct,20260804,d26a0a862be8a012f78d47f3a3b4b3ffea508053ab02b6ee8e8f88e40831b27b,87a8d947ef1ebf6712d44d212c671510fd7ce5f057f422c377bae2d86861d4f3,bf4331e2c63ec7538f7fff6a22462db4f5181f38c69acd90ad83a2277ca29e98,adam,0.001,0.0,step,"{""scheduler_gamma"": 0.5, ""scheduler_step_size"": 100}",1.0,4,1,1,False,500,500,225000,225000,equal,900000,fixed_500_epochs_last_checkpoint (original protocol; derived from planned epochs and no early stopping),max_epochs_500,completed,"complete_valid (nine strict blocks, 200 identities each)",<COMMIT-1>,2026-09-25 (pdeobs-prediction-verification/20260925-v1),"{""actual_examples_processed"": ""derived: completed epochs x 1800 training records; code: src/pdeobs/runner.py::_loader batches the 1800 training records without drop_last in one process; src/pdeobs/training.py takes one optimizer update per batch (no gradient accumulation)"", ""actual_optimizer_updates"": ""archived_campaign index health.optimizer_steps (health.json of the credited attempt)"", ""batch_size/optimizer/schedule"": ""resolved.yaml of the released model (digest bound to the verification index)"", ""completed_epochs"": ""prediction_verification index actual_epochs (history entries of the credited checkpoint)"", ""planned_epochs"": ""index.cohort_evidence.planned_epochs"", ""segment_note"": null, ""stop_reason"": ""derived: completed == planned == 500 and no early stopping configured"", ""training_status"": ""index.cohort_evidence.training_status""}"
train-ebbc1f554c6a7a36,original500,,helmholtz,fno,recovery,block_observed_50pct,20260804,d26a0a862be8a012f78d47f3a3b4b3ffea508053ab02b6ee8e8f88e40831b27b,30633107f7736d8f58579d40ba78e0fef7450d518b88f596a1f29a179e985d25,46edd8346c8c4a40d6acc80882caf39a37bfcbf29fa30e0b2d9b19d8aa2282df,adam,0.001,0.0001,step,"{""scheduler_gamma"": 0.5, ""scheduler_step_size"": 100}",1.0,8,1,1,False,500,500,112500,112500,equal,900000,fixed_500_epochs_last_checkpoint (original protocol; derived from planned epochs and no early stopping),max_epochs_500,completed,"complete_valid (nine strict blocks, 200 identities each)",<COMMIT-1>,2026-09-25 (pdeobs-prediction-verification/20260925-v1),"{""actual_examples_processed"": ""derived: completed epochs x 1800 training records; code: src/pdeobs/runner.py::_loader batches the 1800 training records without drop_last in one process; src/pdeobs/training.py takes one optimizer update per batch (no gradient accumulation)"", ""actual_optimizer_updates"": ""archived_campaign index health.optimizer_steps (health.json of the credited attempt)"", ""batch_size/optimizer/schedule"": ""resolved.yaml of the released model (digest bound to the verification index)"", ""completed_epochs"": ""prediction_verification index actual_epochs (history entries of the credited checkpoint)"", ""planned_epochs"": ""index.cohort_evidence.planned_epochs"", ""segment_note"": null, ""stop_reason"": ""derived: completed == planned == 500 and no early stopping configured"", ""training_status"": ""index.cohort_evidence.training_status""}"
train-27ec75f9c589e77d,original500,,helmholtz,fno,recovery,boundary_band_50pct,20260804,d26a0a862be8a012f78d47f3a3b4b3ffea508053ab02b6ee8e8f88e40831b27b,d430d4faee8410a52db4e3fa47293db57f2d669f0ea91f0de603091acca14eae,bf961b0cae214836b8f96c81c6185b4f818c5e09de911997be4a647669570b07,adam,0.001,0.0001,step,"{""scheduler_gamma"": 0.5, ""scheduler_step_size"": 100}",1.0,8,1,1,False,500,500,112500,112500,equal,900000,fixed_500_epochs_last_checkpoint (original protocol; derived from planned epochs and no early stopping),max_epochs_500,completed,"complete_valid (nine strict blocks, 200 identities each)",<COMMIT-1>,2026-09-25 (pdeobs-prediction-verification/20260925-v1),"{""actual_examples_processed"": ""derived: completed epochs x 1800 training records; code: src/pdeobs/runner.py::_loader batches the 1800 training records without drop_last in one process; src/pdeobs/training.py takes one optimizer update per batch (no gradient accumulation)"", ""actual_optimizer_updates"": ""archived_campaign index health.optimizer_steps (health.json of the credited attempt)"", ""batch_size/optimizer/schedule"": ""resolved.yaml of the released model (digest bound to the verification index)"", ""completed_epochs"": ""prediction_verification index actual_epochs (history entries of the credited checkpoint)"", ""planned_epochs"": ""index.cohort_evidence.planned_epochs"", ""segment_note"": null, ""stop_reason"": ""derived: completed == planned == 500 and no early stopping configured"", ""training_status"": ""index.cohort_evidence.training_status""}"
train-b84274215d64fd2b,original500,,helmholtz,fno,recovery,clustered_50pct,20260804,d26a0a862be8a012f78d47f3a3b4b3ffea508053ab02b6ee8e8f88e40831b27b,3e03c17a36aa390951fec18cf925bfdc231356fd236626b11f7e95f92e51fdd3,84544cf03ce56caaa87b6dcf725dd02fc231a69c48e371a1c9b89fe1301ca0b4,adam,0.001,0.0001,step,"{""scheduler_gamma"": 0.5, ""scheduler_step_size"": 100}",1.0,8,1,1,False,500,500,112500,112500,equal,900000,fixed_500_epochs_last_checkpoint (original protocol; derived from planned epochs and no early stopping),max_epochs_500,completed,"complete_valid (nine strict blocks, 200 identities each)",<COMMIT-1>,2026-09-25 (pdeobs-prediction-verification/20260925-v1),"{""actual_examples_processed"": ""derived: completed epochs x 1800 training records; code: src/pdeobs/runner.py::_loader batches the 1800 training records without drop_last in one process; src/pdeobs/training.py takes one optimizer update per batch (no gradient accumulation)"", ""actual_optimizer_updates"": ""archived_campaign index health.optimizer_steps (health.json of the credited attempt)"", ""batch_size/optimizer/schedule"": ""resolved.yaml of the released model (digest bound to the verification index)"", ""completed_epochs"": ""prediction_verification index actual_epochs (history entries of the credited checkpoint)"", ""planned_epochs"": ""index.cohort_evidence.planned_epochs"", ""segment_note"": null, ""stop_reason"": ""derived: completed == planned == 500 and no early stopping configured"", ""training_status"": ""index.cohort_evidence.training_status""}"
train-72914a50b8b86165,original500,,helmholtz,fno,recovery,horizontal_lines_50pct,20260804,d26a0a862be8a012f78d47f3a3b4b3ffea508053ab02b6ee8e8f88e40831b27b,9dc71a031dd30facd51fc012427c8786d7abad2822c5687c167f410146cde88d,18d148defeb3ecc9281545580431612d0ab0dee33dd94fb55d279b097a1b6737,adam,0.001,0.0001,step,"{""scheduler_gamma"": 0.5, ""scheduler_step_size"": 100}",1.0,8,1,1,False,500,500,112500,112500,equal,900000,fixed_500_epochs_last_checkpoint (original protocol; derived from planned epochs and no early stopping),max_epochs_500,completed,"complete_valid (nine strict blocks, 200 identities each)",<COMMIT-1>,2026-09-25 (pdeobs-prediction-verification/20260925-v1),"{""actual_examples_processed"": ""derived: completed epochs x 1800 training records; code: src/pdeobs/runner.py::_loader batches the 1800 training records without drop_last in one process; src/pdeobs/training.py takes one optimizer update per batch (no gradient accumulation)"", ""actual_optimizer_updates"": ""archived_campaign index health.optimizer_steps (health.json of the credited attempt)"", ""batch_size/optimizer/schedule"": ""resolved.yaml of the released model (digest bound to the verification index)"", ""completed_epochs"": ""prediction_verification index actual_epochs (history entries of the credited checkpoint)"", ""planned_epochs"": ""index.cohort_evidence.planned_epochs"", ""segment_note"": null, ""stop_reason"": ""derived: completed == planned == 500 and no early stopping configured"", ""training_status"": ""index.cohort_evidence.training_status""}"
train-1c6fe1eef97535ef,original500,,helmholtz,fno,recovery,line_sensors_50pct,20260804,d26a0a862be8a012f78d47f3a3b4b3ffea508053ab02b6ee8e8f88e40831b27b,7a97134239b1f024cf10bd46422c72842c1e8ccdd164364d784625084cf55624,5454607f6f3d447cbc7049e61cf5b3350a3125b8f0521b8c823aced48f02dbd1,adam,0.001,0.0001,step,"{""scheduler_gamma"": 0.5, ""scheduler_step_size"": 100}",1.0,8,1,1,False,500,500,112500,112500,equal,900000,fixed_500_epochs_last_checkpoint (original protocol; derived from planned epochs and no early stopping),max_epochs_500,completed,"complete_valid (nine strict blocks, 200 identities each)",<COMMIT-1>,2026-09-25 (pdeobs-prediction-verification/20260925-v1),"{""actual_examples_processed"": ""derived: completed epochs x 1800 training records; code: src/pdeobs/runner.py::_loader batches the 1800 training records without drop_last in one process; src/pdeobs/training.py takes one optimizer update per batch (no gradient accumulation)"", ""actual_optimizer_updates"": ""archived_campaign index health.optimizer_steps (health.json of the credited attempt)"", ""batch_size/optimizer/schedule"": ""resolved.yaml of the released model (digest bound to the verification index)"", ""completed_epochs"": ""prediction_verification index actual_epochs (history entries of the credited checkpoint)"", ""planned_epochs"": ""index.cohort_evidence.planned_epochs"", ""segment_note"": null, ""stop_reason"": ""derived: completed == planned == 500 and no early stopping configured"", ""training_status"": ""index.cohort_evidence.training_status""}"
train-88a0ff0610bee91f,original500,,helmholtz,fno,recovery,random_50pct,20260804,d26a0a862be8a012f78d47f3a3b4b3ffea508053ab02b6ee8e8f88e40831b27b,c829063daefe110ff2d996b11a195d7635dbeda1cad93fffa6893ca70731a616,7ec34090a26448e8669410eb4ff403e48c2ad2206a5a3a3e61b5086aab6f1a5e,adam,0.001,0.0001,step,"{""scheduler_gamma"": 0.5, ""scheduler_step_size"": 100}",1.0,8,1,1,False,500,500,112500,112500,equal,900000,fixed_500_epochs_last_checkpoint (original protocol; derived from planned epochs and no early stopping),max_epochs_500,completed,"complete_valid (nine strict blocks, 200 identities each)",<COMMIT-1>,2026-09-25 (pdeobs-prediction-verification/20260925-v1),"{""actual_examples_processed"": ""derived: completed epochs x 1800 training records; code: src/pdeobs/runner.py::_loader batches the 1800 training records without drop_last in one process; src/pdeobs/training.py takes one optimizer update per batch (no gradient accumulation)"", ""actual_optimizer_updates"": ""archived_campaign index health.optimizer_steps (health.json of the credited attempt)"", ""batch_size/optimizer/schedule"": ""resolved.yaml of the released model (digest bound to the verification index)"", ""completed_epochs"": ""prediction_verification index actual_epochs (history entries of the credited checkpoint)"", ""planned_epochs"": ""index.cohort_evidence.planned_epochs"", ""segment_note"": null, ""stop_reason"": ""derived: completed == planned == 500 and no early stopping configured"", ""training_status"": ""index.cohort_evidence.training_status""}"
train-fa1c996e8d560e28,original500,,helmholtz,fno,recovery,random_65pct,20260804,d26a0a862be8a012f78d47f3a3b4b3ffea508053ab02b6ee8e8f88e40831b27b,e69c480d2684892e4d7abf920a8138f92126239c6052a18d93997ffef604aa98,973a5e9fda029dfe539d75ce2961ce3179b7d9243bebfef074ee8ca6e19fc3a1,adam,0.001,0.0001,step,"{""scheduler_gamma"": 0.5, ""scheduler_step_size"": 100}",1.0,8,1,1,False,500,500,112500,112500,equal,900000,fixed_500_epochs_last_checkpoint (original protocol; derived from planned epochs and no early stopping),max_epochs_500,completed,"complete_valid (nine strict blocks, 200 identities each)",<COMMIT-1>,2026-09-25 (pdeobs-prediction-verification/20260925-v1),"{""actual_examples_processed"": ""derived: completed epochs x 1800 training records; code: src/pdeobs/runner.py::_loader batches the 1800 training records without drop_last in one process; src/pdeobs/training.py takes one optimizer update per batch (no gradient accumulation)"", ""actual_optimizer_updates"": ""archived_campaign index health.optimizer_steps (health.json of the credited attempt)"", ""batch_size/optimizer/schedule"": ""resolved.yaml of the released model (digest bound to the verification index)"", ""completed_epochs"": ""prediction_verification index actual_epochs (history entries of the credited checkpoint)"", ""planned_epochs"": ""index.cohort_evidence.planned_epochs"", ""segment_note"": null, ""stop_reason"": ""derived: completed == planned == 500 and no early stopping configured"", ""training_status"": ""index.cohort_evidence.training_status""}"
train-52c093fefbaaf75f,original500,,helmholtz,fno,recovery,random_80pct,20260804,d26a0a862be8a012f78d47f3a3b4b3ffea508053ab02b6ee8e8f88e40831b27b,555f20f380778ed74d8701c0317b321e03d2d323e7ffa2cfdeef0eaed36ad7d9,0ff56e3fb79f510e90650996ff2918688cf1bfa8e980f91547d85951770d7261,adam,0.001,0.0001,step,"{""scheduler_gamma"": 0.5, ""scheduler_step_size"": 100}",1.0,8,1,1,False,500,500,112500,112500,equal,900000,fixed_500_epochs_last_checkpoint (original protocol; derived from planned epochs and no early stopping),max_epochs_500,completed,"complete_valid (nine strict blocks, 200 identities each)",<COMMIT-1>,2026-09-25 (pdeobs-prediction-verification/20260925-v1),"{""actual_examples_processed"": ""derived: completed epochs x 1800 training records; code: src/pdeobs/runner.py::_loader batches the 1800 training records without drop_last in one process; src/pdeobs/training.py takes one optimizer update per batch (no gradient accumulation)"", ""actual_optimizer_updates"": ""archived_campaign index health.optimizer_steps (health.json of the credited attempt)"", ""batch_size/optimizer/schedule"": ""resolved.yaml of the released model (digest bound to the verification index)"", ""completed_epochs"": ""prediction_verification index actual_epochs (history entries of the credited checkpoint)"", ""planned_epochs"": ""index.cohort_evidence.planned_epochs"", ""segment_note"": null, ""stop_reason"": ""derived: completed == planned == 500 and no early stopping configured"", ""training_status"": ""index.cohort_evidence.training_status""}"
train-2ece70b829c14f4b,original500,,helmholtz,fno,recovery,vertical_lines_50pct,20260804,d26a0a862be8a012f78d47f3a3b4b3ffea508053ab02b6ee8e8f88e40831b27b,98681b26bef76bde9c1f845c4c106e9b6377c639f40fe8d8171ba1393a289bd9,0b8255b8d04f2a89c4b102a8289795cee2d0604d61cb6912b1a4cd8583f5ca8c,adam,0.001,0.0001,step,"{""scheduler_gamma"": 0.5, ""scheduler_step_size"": 100}",1.0,8,1,1,False,500,500,112500,112500,equal,900000,fixed_500_epochs_last_checkpoint (original protocol; derived from planned epochs and no early stopping),max_epochs_500,completed,"complete_valid (nine strict blocks, 200 identities each)",<COMMIT-1>,2026-09-25 (pdeobs-prediction-verification/20260925-v1),"{""actual_examples_processed"": ""derived: completed epochs x 1800 training records; code: src/pdeobs/runner.py::_loader batches the 1800 training records without drop_last in one process; src/pdeobs/training.py takes one optimizer update per batch (no gradient accumulation)"", ""actual_optimizer_updates"": ""archived_campaign index health.optimizer_steps (health.json of the credited attempt)"", ""batch_size/optimizer/schedule"": ""resolved.yaml of the released model (digest bound to the verification index)"", ""completed_epochs"": ""prediction_verification index actual_epochs (history entries of the credited checkpoint)"", ""planned_epochs"": ""index.cohort_evidence.planned_epochs"", ""segment_note"": null, ""stop_reason"": ""derived: completed == planned == 500 and no early stopping configured"", ""training_status"": ""index.cohort_evidence.training_status""}"
train-0b19d72540ebef9d,budget200_min120,,helmholtz,gnot,recovery,block_observed_50pct,20260804,d26a0a862be8a012f78d47f3a3b4b3ffea508053ab02b6ee8e8f88e40831b27b,7ddc08b82ae4775993492c82be108c73133ad8fd9eb46a46971fc7e6f77f0610,a863d5d7e1865933b02644c517bf1752423a4abeb375a55575038c2a7e7b2ebd,adamw,0.0005,5e-05,one_cycle,"{""epochs"": 200, ""scheduler_anneal_strategy"": ""cos"", ""scheduler_div_factor"": 10000.0, ""scheduler_final_div_factor"": 10000.0, ""scheduler_pct_start"": 0.2}",1.0,4,1,1,False,200,200,90000,90000,equal,360000,pdeobs.max200-min120-then-train-data-patience10/20260920,max_epochs_200,completed,"complete_valid (nine strict blocks, 200 identities each)",<COMMIT-1>,2026-09-25 (pdeobs-prediction-verification/20260925-v1),"{""actual_examples_processed"": ""derived: completed epochs x 1800 training records; code: src/pdeobs/runner.py::_loader batches the 1800 training records without drop_last in one process; src/pdeobs/training.py takes one optimizer update per batch (no gradient accumulation)"", ""actual_optimizer_updates"": ""archived_campaign index health.optimizer_steps (health.json of the credited attempt)"", ""batch_size/optimizer/schedule"": ""resolved.yaml of the released model (digest bound to the verification index)"", ""completed_epochs"": ""prediction_verification index actual_epochs (history entries of the credited checkpoint)"", ""planned_epochs"": ""index.cohort_evidence.planned_epochs"", ""segment_note"": null, ""stop_reason"": ""index.stop_reason"", ""training_status"": ""index.cohort_evidence.training_status""}"
train-e70ed7409fe38178,original500,,helmholtz,gnot,recovery,boundary_band_50pct,20260804,d26a0a862be8a012f78d47f3a3b4b3ffea508053ab02b6ee8e8f88e40831b27b,a6ca6d4c23983e68daf2b4bcda6fadee848b8da209f48dec8984c6a84ce8baf4,96c41678a614dd75daeaace2c3e1ecceef9a5ffd60a2f724ec0f81ae5d09febc,adamw,0.001,5e-05,one_cycle,"{""epochs"": 500, ""scheduler_anneal_strategy"": ""cos"", ""scheduler_div_factor"": 10000.0, ""scheduler_final_div_factor"": 10000.0, ""scheduler_pct_start"": 0.2}",1000.0,4,1,1,False,500,500,225000,225000,equal,900000,fixed_500_epochs_last_checkpoint (original protocol; derived from planned epochs and no early stopping),max_epochs_500,completed,"complete_valid (nine strict blocks, 200 identities each)",<COMMIT-1>,2026-09-25 (pdeobs-prediction-verification/20260925-v1),"{""actual_examples_processed"": ""derived: completed epochs x 1800 training records; code: src/pdeobs/runner.py::_loader batches the 1800 training records without drop_last in one process; src/pdeobs/training.py takes one optimizer update per batch (no gradient accumulation)"", ""actual_optimizer_updates"": ""archived_campaign index health.optimizer_steps (health.json of the credited attempt)"", ""batch_size/optimizer/schedule"": ""resolved.yaml of the released model (digest bound to the verification index)"", ""completed_epochs"": ""prediction_verification index actual_epochs (history entries of the credited checkpoint)"", ""planned_epochs"": ""index.cohort_evidence.planned_epochs"", ""segment_note"": null, ""stop_reason"": ""derived: completed == planned == 500 and no early stopping configured"", ""training_status"": ""index.cohort_evidence.training_status""}"
train-d3cb5a8e4294c118,original500,,helmholtz,gnot,recovery,clustered_50pct,20260804,d26a0a862be8a012f78d47f3a3b4b3ffea508053ab02b6ee8e8f88e40831b27b,9bf670398e75e9174efc7948a6eefedfabf55535f78df5dd776717a48a5e4160,520ef3ae73970f0618baf051dd929b73a784226374782d8730780659121193e0,adamw,0.001,5e-05,one_cycle,"{""epochs"": 500, ""scheduler_anneal_strategy"": ""cos"", ""scheduler_div_factor"": 10000.0, ""scheduler_final_div_factor"": 10000.0, ""scheduler_pct_start"": 0.2}",1000.0,4,1,1,False,500,500,225000,225000,equal,900000,fixed_500_epochs_last_checkpoint (original protocol; derived from planned epochs and no early stopping),max_epochs_500,completed,"complete_valid (nine strict blocks, 200 identities each)",<COMMIT-1>,2026-09-25 (pdeobs-prediction-verification/20260925-v1),"{""actual_examples_processed"": ""derived: completed epochs x 1800 training records; code: src/pdeobs/runner.py::_loader batches the 1800 training records without drop_last in one process; src/pdeobs/training.py takes one optimizer update per batch (no gradient accumulation)"", ""actual_optimizer_updates"": ""archived_campaign index health.optimizer_steps (health.json of the credited attempt)"", ""batch_size/optimizer/schedule"": ""resolved.yaml of the released model (digest bound to the verification index)"", ""completed_epochs"": ""prediction_verification index actual_epochs (history entries of the credited checkpoint)"", ""planned_epochs"": ""index.cohort_evidence.planned_epochs"", ""segment_note"": null, ""stop_reason"": ""derived: completed == planned == 500 and no early stopping configured"", ""training_status"": ""index.cohort_evidence.training_status""}"
train-bf023ebbe72afffa,original500,,helmholtz,gnot,recovery,horizontal_lines_50pct,20260804,d26a0a862be8a012f78d47f3a3b4b3ffea508053ab02b6ee8e8f88e40831b27b,700c5ec6fbbcd31d778e2f0299839c5a3066b7059d4690ea8d64673cff20e838,086d27a18f3a3aa026d14b56e89020a05e3b90d2e9bac60b24aad9ea04270baf,adamw,0.001,5e-05,one_cycle,"{""epochs"": 500, ""scheduler_anneal_strategy"": ""cos"", ""scheduler_div_factor"": 10000.0, ""scheduler_final_div_factor"": 10000.0, ""scheduler_pct_start"": 0.2}",1000.0,4,1,1,False,500,500,225000,225000,equal,900000,fixed_500_epochs_last_checkpoint (original protocol; derived from planned epochs and no early stopping),max_epochs_500,completed,"complete_valid (nine strict blocks, 200 identities each)",<COMMIT-1>,2026-09-25 (pdeobs-prediction-verification/20260925-v1),"{""actual_examples_processed"": ""derived: completed epochs x 1800 training records; code: src/pdeobs/runner.py::_loader batches the 1800 training records without drop_last in one process; src/pdeobs/training.py takes one optimizer update per batch (no gradient accumulation)"", ""actual_optimizer_updates"": ""archived_campaign index health.optimizer_steps (health.json of the credited attempt)"", ""batch_size/optimizer/schedule"": ""resolved.yaml of the released model (digest bound to the verification index)"", ""completed_epochs"": ""prediction_verification index actual_epochs (history entries of the credited checkpoint)"", ""planned_epochs"": ""index.cohort_evidence.planned_epochs"", ""segment_note"": null, ""stop_reason"": ""derived: completed == planned == 500 and no early stopping configured"", ""training_status"": ""index.cohort_evidence.training_status""}"
train-91b364e721a605c0,budget200_patience10_no_floor,,helmholtz,gnot,recovery,line_sensors_50pct,20260804,d26a0a862be8a012f78d47f3a3b4b3ffea508053ab02b6ee8e8f88e40831b27b,4e4a0b96c59dbb1745f927f43c9fad2c7a9af12d7844bbd8dfc11bf6ef6737bf,0cb2d49ce0b65825cd7fe44cd7c0c5d6cbb36d68365cb18c6f900521632981b6,adamw,0.001,5e-05,one_cycle,"{""epochs"": 200, ""scheduler_anneal_strategy"": ""cos"", ""scheduler_div_factor"": 10000.0, ""scheduler_final_div_factor"": 10000.0, ""scheduler_pct_start"": 0.2}",1000.0,4,1,1,False,200,45,20446,20250,more_than_completed_epochs,81000,pdeobs.max200-train-data-patience10/20260920,unknown,failed,"complete_valid (nine strict blocks, 200 identities each)",<COMMIT-1>,2026-09-25 (pdeobs-prediction-verification/20260925-v1),"{""actual_examples_processed"": ""derived: completed epochs x 1800 training records; code: src/pdeobs/runner.py::_loader batches the 1800 training records without drop_last in one process; src/pdeobs/training.py takes one optimizer update per batch (no gradient accumulation)"", ""actual_optimizer_updates"": ""archived_campaign index health.optimizer_steps (health.json of the credited attempt)"", ""batch_size/optimizer/schedule"": ""resolved.yaml of the released model (digest bound to the verification index)"", ""completed_epochs"": ""prediction_verification index actual_epochs (history entries of the credited checkpoint)"", ""planned_epochs"": ""index.cohort_evidence.planned_epochs"", ""segment_note"": null, ""stop_reason"": ""no stop reason recorded"", ""training_status"": ""index.cohort_evidence.training_status""}"
train-5e80d1908060094a,original500,,helmholtz,gnot,recovery,random_50pct,20260804,d26a0a862be8a012f78d47f3a3b4b3ffea508053ab02b6ee8e8f88e40831b27b,5f5c6c7e99342934e5c7e33e3c0713956bfdabb4d27c2fa6b2219b7cad3367bb,91993b7236a325cc711bd35e4375f45a9ed7ba6efa3941432a8d50e4ec6a860f,adamw,0.001,5e-05,one_cycle,"{""epochs"": 500, ""scheduler_anneal_strategy"": ""cos"", ""scheduler_div_factor"": 10000.0, ""scheduler_final_div_factor"": 10000.0, ""scheduler_pct_start"": 0.2}",1000.0,4,1,1,False,500,500,225000,225000,equal,900000,fixed_500_epochs_last_checkpoint (original protocol; derived from planned epochs and no early stopping),max_epochs_500,completed,"complete_valid (nine strict blocks, 200 identities each)",<COMMIT-1>,2026-09-25 (pdeobs-prediction-verification/20260925-v1),"{""actual_examples_processed"": ""derived: completed epochs x 1800 training records; code: src/pdeobs/runner.py::_loader batches the 1800 training records without drop_last in one process; src/pdeobs/training.py takes one optimizer update per batch (no gradient accumulation)"", ""actual_optimizer_updates"": ""archived_campaign index health.optimizer_steps (health.json of the credited attempt)"", ""batch_size/optimizer/schedule"": ""resolved.yaml of the released model (digest bound to the verification index)"", ""completed_epochs"": ""prediction_verification index actual_epochs (history entries of the credited checkpoint)"", ""planned_epochs"": ""index.cohort_evidence.planned_epochs"", ""segment_note"": null, ""stop_reason"": ""derived: completed == planned == 500 and no early stopping configured"", ""training_status"": ""index.cohort_evidence.training_status""}"
train-b1262c22ff669d8f,budget200_patience10_no_floor,,helmholtz,gnot,recovery,random_65pct,20260804,d26a0a862be8a012f78d47f3a3b4b3ffea508053ab02b6ee8e8f88e40831b27b,c1402d9a24562072aad293262b2095068c4ee697a4835a60470acff7819e59c1,103bb73b865b0e1681f08981e18544f2b9849830043029cec79f4dc0274f66dd,adamw,0.001,5e-05,one_cycle,"{""epochs"": 200, ""scheduler_anneal_strategy"": ""cos"", ""scheduler_div_factor"": 10000.0, ""scheduler_final_div_factor"": 10000.0, ""scheduler_pct_start"": 0.2}",1000.0,4,1,1,False,200,200,90000,90000,equal,360000,pdeobs.max200-train-data-patience10/20260920,max_epochs_200,completed,"complete_valid (nine strict blocks, 200 identities each)",<COMMIT-1>,2026-09-25 (pdeobs-prediction-verification/20260925-v1),"{""actual_examples_processed"": ""derived: completed epochs x 1800 training records; code: src/pdeobs/runner.py::_loader batches the 1800 training records without drop_last in one process; src/pdeobs/training.py takes one optimizer update per batch (no gradient accumulation)"", ""actual_optimizer_updates"": ""archived_campaign index health.optimizer_steps (health.json of the credited attempt)"", ""batch_size/optimizer/schedule"": ""resolved.yaml of the released model (digest bound to the verification index)"", ""completed_epochs"": ""prediction_verification index actual_epochs (history entries of the credited checkpoint)"", ""planned_epochs"": ""index.cohort_evidence.planned_epochs"", ""segment_note"": null, ""stop_reason"": ""index.stop_reason"", ""training_status"": ""index.cohort_evidence.training_status""}"
train-ef40f5bee3ff109e,original500,,helmholtz,gnot,recovery,random_80pct,20260804,d26a0a862be8a012f78d47f3a3b4b3ffea508053ab02b6ee8e8f88e40831b27b,1b333d76da0b737ed1c7ebd8f38dcd875a4bbe0890a522493832131e33f23b9c,91500afe9ad7cd519420db9fc0fed55d50bc92e04980bc80adc67ccce0fbb99d,adamw,0.001,5e-05,one_cycle,"{""epochs"": 500, ""scheduler_anneal_strategy"": ""cos"", ""scheduler_div_factor"": 10000.0, ""scheduler_final_div_factor"": 10000.0, ""scheduler_pct_start"": 0.2}",1000.0,4,1,1,False,500,500,225000,225000,equal,900000,fixed_500_epochs_last_checkpoint (original protocol; derived from planned epochs and no early stopping),max_epochs_500,completed,"complete_valid (nine strict blocks, 200 identities each)",<COMMIT-1>,2026-09-25 (pdeobs-prediction-verification/20260925-v1),"{""actual_examples_processed"": ""derived: completed epochs x 1800 training records; code: src/pdeobs/runner.py::_loader batches the 1800 training records without drop_last in one process; src/pdeobs/training.py takes one optimizer update per batch (no gradient accumulation)"", ""actual_optimizer_updates"": ""archived_campaign index health.optimizer_steps (health.json of the credited attempt)"", ""batch_size/optimizer/schedule"": ""resolved.yaml of the released model (digest bound to the verification index)"", ""completed_epochs"": ""prediction_verification index actual_epochs (history entries of the credited checkpoint)"", ""planned_epochs"": ""index.cohort_evidence.planned_epochs"", ""segment_note"": null, ""stop_reason"": ""derived: completed == planned == 500 and no early stopping configured"", ""training_status"": ""index.cohort_evidence.training_status""}"
train-d7148c53419656cd,original500,,helmholtz,gnot,recovery,vertical_lines_50pct,20260804,d26a0a862be8a012f78d47f3a3b4b3ffea508053ab02b6ee8e8f88e40831b27b,a7b6084043f298fe0f1d720f5aa4f0aa3d7d07ff74e840aec87753e6c797a490,f1229f2c4b5d3cfb1d022e756aa384afda6db149910fc7f983c423449d91d851,adamw,0.001,5e-05,one_cycle,"{""epochs"": 500, ""scheduler_anneal_strategy"": ""cos"", ""scheduler_div_factor"": 10000.0, ""scheduler_final_div_factor"": 10000.0, ""scheduler_pct_start"": 0.2}",1000.0,4,1,1,False,500,500,225000,225000,equal,900000,fixed_500_epochs_last_checkpoint (original protocol; derived from planned epochs and no early stopping),max_epochs_500,completed,"complete_valid (nine strict blocks, 200 identities each)",<COMMIT-1>,2026-09-25 (pdeobs-prediction-verification/20260925-v1),"{""actual_examples_processed"": ""derived: completed epochs x 1800 training records; code: src/pdeobs/runner.py::_loader batches the 1800 training records without drop_last in one process; src/pdeobs/training.py takes one optimizer update per batch (no gradient accumulation)"", ""actual_optimizer_updates"": ""archived_campaign index health.optimizer_steps (health.json of the credited attempt)"", ""batch_size/optimizer/schedule"": ""resolved.yaml of the released model (digest bound to the verification index)"", ""completed_epochs"": ""prediction_verification index actual_epochs (history entries of the credited checkpoint)"", ""planned_epochs"": ""index.cohort_evidence.planned_epochs"", ""segment_note"": null, ""stop_reason"": ""derived: completed == planned == 500 and no early stopping configured"", ""training_status"": ""index.cohort_evidence.training_status""}"
train-e0ee3a8583f55b65,original500,,helmholtz,pino,recovery,block_observed_50pct,20260804,d26a0a862be8a012f78d47f3a3b4b3ffea508053ab02b6ee8e8f88e40831b27b,ab9c9f8d1be3f2013ea7567182e1e0867ed6f184fb5a9d8e4151346ec0407db8,2e8538fe6f456ab16a342ac065a8c263c77cc23009b2d56712c8b11989c279e7,adam,0.001,0.0,step,"{""scheduler_gamma"": 0.5, ""scheduler_step_size"": 100}",1.0,4,1,1,False,500,500,225000,225000,equal,900000,fixed_500_epochs_last_checkpoint (original protocol; derived from planned epochs and no early stopping),max_epochs_500,completed,"complete_valid (nine strict blocks, 200 identities each)",<COMMIT-1>,2026-09-25 (pdeobs-prediction-verification/20260925-v1),"{""actual_examples_processed"": ""derived: completed epochs x 1800 training records; code: src/pdeobs/runner.py::_loader batches the 1800 training records without drop_last in one process; src/pdeobs/training.py takes one optimizer update per batch (no gradient accumulation)"", ""actual_optimizer_updates"": ""archived_campaign index health.optimizer_steps (health.json of the credited attempt)"", ""batch_size/optimizer/schedule"": ""resolved.yaml of the released model (digest bound to the verification index)"", ""completed_epochs"": ""prediction_verification index actual_epochs (history entries of the credited checkpoint)"", ""planned_epochs"": ""index.cohort_evidence.planned_epochs"", ""segment_note"": null, ""stop_reason"": ""derived: completed == planned == 500 and no early stopping configured"", ""training_status"": ""index.cohort_evidence.training_status""}"
train-d1bfffb578aa6bec,original500,,helmholtz,pino,recovery,boundary_band_50pct,20260804,d26a0a862be8a012f78d47f3a3b4b3ffea508053ab02b6ee8e8f88e40831b27b,36197b48a507914e1d676dd98fe223bdf2dd9d985a68f9701967a72c06f83e13,a77a563cbeb7749bf06f491cfa366dcb712cbcac9a7823c57b0bcc19992d1c75,adam,0.001,0.0,step,"{""scheduler_gamma"": 0.5, ""scheduler_step_size"": 100}",1.0,4,1,1,False,500,500,225000,225000,equal,900000,fixed_500_epochs_last_checkpoint (original protocol; derived from planned epochs and no early stopping),max_epochs_500,completed,"complete_valid (nine strict blocks, 200 identities each)",<COMMIT-1>,2026-09-25 (pdeobs-prediction-verification/20260925-v1),"{""actual_examples_processed"": ""derived: completed epochs x 1800 training records; code: src/pdeobs/runner.py::_loader batches the 1800 training records without drop_last in one process; src/pdeobs/training.py takes one optimizer update per batch (no gradient accumulation)"", ""actual_optimizer_updates"": ""archived_campaign index health.optimizer_steps (health.json of the credited attempt)"", ""batch_size/optimizer/schedule"": ""resolved.yaml of the released model (digest bound to the verification index)"", ""completed_epochs"": ""prediction_verification index actual_epochs (history entries of the credited checkpoint)"", ""planned_epochs"": ""index.cohort_evidence.planned_epochs"", ""segment_note"": null, ""stop_reason"": ""derived: completed == planned == 500 and no early stopping configured"", ""training_status"": ""index.cohort_evidence.training_status""}"
train-28f86da64324b7ad,original500,,helmholtz,pino,recovery,clustered_50pct,20260804,d26a0a862be8a012f78d47f3a3b4b3ffea508053ab02b6ee8e8f88e40831b27b,3b0b3eab182fc081e5d9600b5da87a3a967b01729a54b1674accf132416f9fdb,73341cf7daf5c2f034d76c9ccd682184882360ab21bdff349b0f070d6ff04f2b,adam,0.001,0.0,step,"{""scheduler_gamma"": 0.5, ""scheduler_step_size"": 100}",1.0,4,1,1,False,500,500,225000,225000,equal,900000,fixed_500_epochs_last_checkpoint (original protocol; derived from planned epochs and no early stopping),max_epochs_500,completed,"complete_valid (nine strict blocks, 200 identities each)",<COMMIT-1>,2026-09-25 (pdeobs-prediction-verification/20260925-v1),"{""actual_examples_processed"": ""derived: completed epochs x 1800 training records; code: src/pdeobs/runner.py::_loader batches the 1800 training records without drop_last in one process; src/pdeobs/training.py takes one optimizer update per batch (no gradient accumulation)"", ""actual_optimizer_updates"": ""archived_campaign index health.optimizer_steps (health.json of the credited attempt)"", ""batch_size/optimizer/schedule"": ""resolved.yaml of the released model (digest bound to the verification index)"", ""completed_epochs"": ""prediction_verification index actual_epochs (history entries of the credited checkpoint)"", ""planned_epochs"": ""index.cohort_evidence.planned_epochs"", ""segment_note"": null, ""stop_reason"": ""derived: completed == planned == 500 and no early stopping configured"", ""training_status"": ""index.cohort_evidence.training_status""}"
train-1c6dbb1817cb008d,original500,,helmholtz,pino,recovery,horizontal_lines_50pct,20260804,d26a0a862be8a012f78d47f3a3b4b3ffea508053ab02b6ee8e8f88e40831b27b,510b869ed8c4e77d6717a5d8ca83373d6efd87914779e15e23f93124b825a954,5daeceb0f0ec47bbe63b3f6eb4ec3f74706c330e5b8b5f1a1694a96649f85de5,adam,0.001,0.0,step,"{""scheduler_gamma"": 0.5, ""scheduler_step_size"": 100}",1.0,4,1,1,False,500,500,225000,225000,equal,900000,fixed_500_epochs_last_checkpoint (original protocol; derived from planned epochs and no early stopping),max_epochs_500,completed,"complete_valid (nine strict blocks, 200 identities each)",<COMMIT-1>,2026-09-25 (pdeobs-prediction-verification/20260925-v1),"{""actual_examples_processed"": ""derived: completed epochs x 1800 training records; code: src/pdeobs/runner.py::_loader batches the 1800 training records without drop_last in one process; src/pdeobs/training.py takes one optimizer update per batch (no gradient accumulation)"", ""actual_optimizer_updates"": ""archived_campaign index health.optimizer_steps (health.json of the credited attempt)"", ""batch_size/optimizer/schedule"": ""resolved.yaml of the released model (digest bound to the verification index)"", ""completed_epochs"": ""prediction_verification index actual_epochs (history entries of the credited checkpoint)"", ""planned_epochs"": ""index.cohort_evidence.planned_epochs"", ""segment_note"": null, ""stop_reason"": ""derived: completed == planned == 500 and no early stopping configured"", ""training_status"": ""index.cohort_evidence.training_status""}"
train-0b0945bd2ca20be4,original500,,helmholtz,pino,recovery,line_sensors_50pct,20260804,d26a0a862be8a012f78d47f3a3b4b3ffea508053ab02b6ee8e8f88e40831b27b,d0136e49698773f1ab9d940fa8fbff2f41912416155097c99eefc4c3c127e245,0f216d707d6f2958d5ea39665378ab983b260da9831f3d0011f29f33d514bda5,adam,0.001,0.0,step,"{""scheduler_gamma"": 0.5, ""scheduler_step_size"": 100}",1.0,4,1,1,False,500,500,225000,225000,equal,900000,fixed_500_epochs_last_checkpoint (original protocol; derived from planned epochs and no early stopping),max_epochs_500,completed,"complete_valid (nine strict blocks, 200 identities each)",<COMMIT-1>,2026-09-25 (pdeobs-prediction-verification/20260925-v1),"{""actual_examples_processed"": ""derived: completed epochs x 1800 training records; code: src/pdeobs/runner.py::_loader batches the 1800 training records without drop_last in one process; src/pdeobs/training.py takes one optimizer update per batch (no gradient accumulation)"", ""actual_optimizer_updates"": ""archived_campaign index health.optimizer_steps (health.json of the credited attempt)"", ""batch_size/optimizer/schedule"": ""resolved.yaml of the released model (digest bound to the verification index)"", ""completed_epochs"": ""prediction_verification index actual_epochs (history entries of the credited checkpoint)"", ""planned_epochs"": ""index.cohort_evidence.planned_epochs"", ""segment_note"": null, ""stop_reason"": ""derived: completed == planned == 500 and no early stopping configured"", ""training_status"": ""index.cohort_evidence.training_status""}"
train-7a3593af7e7bf6e2,original500,,helmholtz,pino,recovery,random_50pct,20260804,d26a0a862be8a012f78d47f3a3b4b3ffea508053ab02b6ee8e8f88e40831b27b,ba0f91a167b1c12c996346ee7bde85b1a29183f59ee865a8d5da2bc40afddf71,cd60ec42241f32e438b26f11eae8bde0bea8dc6452d6c21a91d05b5b6eaf1051,adam,0.001,0.0,step,"{""scheduler_gamma"": 0.5, ""scheduler_step_size"": 100}",1.0,4,1,1,False,500,500,225000,225000,equal,900000,fixed_500_epochs_last_checkpoint (original protocol; derived from planned epochs and no early stopping),max_epochs_500,completed,"complete_valid (nine strict blocks, 200 identities each)",<COMMIT-1>,2026-09-25 (pdeobs-prediction-verification/20260925-v1),"{""actual_examples_processed"": ""derived: completed epochs x 1800 training records; code: src/pdeobs/runner.py::_loader batches the 1800 training records without drop_last in one process; src/pdeobs/training.py takes one optimizer update per batch (no gradient accumulation)"", ""actual_optimizer_updates"": ""archived_campaign index health.optimizer_steps (health.json of the credited attempt)"", ""batch_size/optimizer/schedule"": ""resolved.yaml of the released model (digest bound to the verification index)"", ""completed_epochs"": ""prediction_verification index actual_epochs (history entries of the credited checkpoint)"", ""planned_epochs"": ""index.cohort_evidence.planned_epochs"", ""segment_note"": null, ""stop_reason"": ""derived: completed == planned == 500 and no early stopping configured"", ""training_status"": ""index.cohort_evidence.training_status""}"
train-aee0f45c0bb0d19b,original500,,helmholtz,pino,recovery,random_65pct,20260804,d26a0a862be8a012f78d47f3a3b4b3ffea508053ab02b6ee8e8f88e40831b27b,764b154760b7df2083984f374e4fa7aef92c41db50b675b6e2d58904b72630b1,be45df086649aae3fcdf0bf6a25e3f108ca607f8635ee1cebbdd96af4b05ca2d,adam,0.001,0.0,step,"{""scheduler_gamma"": 0.5, ""scheduler_step_size"": 100}",1.0,4,1,1,False,500,500,225000,225000,equal,900000,fixed_500_epochs_last_checkpoint (original protocol; derived from planned epochs and no early stopping),max_epochs_500,completed,"complete_valid (nine strict blocks, 200 identities each)",<COMMIT-1>,2026-09-25 (pdeobs-prediction-verification/20260925-v1),"{""actual_examples_processed"": ""derived: completed epochs x 1800 training records; code: src/pdeobs/runner.py::_loader batches the 1800 training records without drop_last in one process; src/pdeobs/training.py takes one optimizer update per batch (no gradient accumulation)"", ""actual_optimizer_updates"": ""archived_campaign index health.optimizer_steps (health.json of the credited attempt)"", ""batch_size/optimizer/schedule"": ""resolved.yaml of the released model (digest bound to the verification index)"", ""completed_epochs"": ""prediction_verification index actual_epochs (history entries of the credited checkpoint)"", ""planned_epochs"": ""index.cohort_evidence.planned_epochs"", ""segment_note"": null, ""stop_reason"": ""derived: completed == planned == 500 and no early stopping configured"", ""training_status"": ""index.cohort_evidence.training_status""}"
train-50841745a9db9a2a,original500,,helmholtz,pino,recovery,random_80pct,20260804,d26a0a862be8a012f78d47f3a3b4b3ffea508053ab02b6ee8e8f88e40831b27b,78549dd266d517997663dd3123fdce6842adf934261bc1c89e00d7de1958d77c,6a7b0e242849e5b50d9c945d7f1728c750a8bcb62a56aa2155d5988f0c82a295,adam,0.001,0.0,step,"{""scheduler_gamma"": 0.5, ""scheduler_step_size"": 100}",1.0,4,1,1,False,500,500,225000,225000,equal,900000,fixed_500_epochs_last_checkpoint (original protocol; derived from planned epochs and no early stopping),max_epochs_500,completed,"complete_valid (nine strict blocks, 200 identities each)",<COMMIT-1>,2026-09-25 (pdeobs-prediction-verification/20260925-v1),"{""actual_examples_processed"": ""derived: completed epochs x 1800 training records; code: src/pdeobs/runner.py::_loader batches the 1800 training records without drop_last in one process; src/pdeobs/training.py takes one optimizer update per batch (no gradient accumulation)"", ""actual_optimizer_updates"": ""archived_campaign index health.optimizer_steps (health.json of the credited attempt)"", ""batch_size/optimizer/schedule"": ""resolved.yaml of the released model (digest bound to the verification index)"", ""completed_epochs"": ""prediction_verification index actual_epochs (history entries of the credited checkpoint)"", ""planned_epochs"": ""index.cohort_evidence.planned_epochs"", ""segment_note"": null, ""stop_reason"": ""derived: completed == planned == 500 and no early stopping configured"", ""training_status"": ""index.cohort_evidence.training_status""}"
train-4b225afd90300165,original500,,helmholtz,pino,recovery,vertical_lines_50pct,20260804,d26a0a862be8a012f78d47f3a3b4b3ffea508053ab02b6ee8e8f88e40831b27b,8731660bea2b4aaab4a2d9c2af64f0198dd46e3994f3c977d126bb907e6f2245,8656b7a17e2596afaa2d454f902f0633dac864aa47d6926b5c49589245b45895,adam,0.001,0.0,step,"{""scheduler_gamma"": 0.5, ""scheduler_step_size"": 100}",1.0,4,1,1,False,500,500,225000,225000,equal,900000,fixed_500_epochs_last_checkpoint (original protocol; derived from planned epochs and no early stopping),max_epochs_500,completed,"complete_valid (nine strict blocks, 200 identities each)",<COMMIT-1>,2026-09-25 (pdeobs-prediction-verification/20260925-v1),"{""actual_examples_processed"": ""derived: completed epochs x 1800 training records; code: src/pdeobs/runner.py::_loader batches the 1800 training records without drop_last in one process; src/pdeobs/training.py takes one optimizer update per batch (no gradient accumulation)"", ""actual_optimizer_updates"": ""archived_campaign index health.optimizer_steps (health.json of the credited attempt)"", ""batch_size/optimizer/schedule"": ""resolved.yaml of the released model (digest bound to the verification index)"", ""completed_epochs"": ""prediction_verification index actual_epochs (history entries of the credited checkpoint)"", ""planned_epochs"": ""index.cohort_evidence.planned_epochs"", ""segment_note"": null, ""stop_reason"": ""derived: completed == planned == 500 and no early stopping configured"", ""training_status"": ""index.cohort_evidence.training_status""}"
train-366278c863ad81f7,original500,,helmholtz,transolver,recovery,block_observed_50pct,20260804,d26a0a862be8a012f78d47f3a3b4b3ffea508053ab02b6ee8e8f88e40831b27b,ec5f74eab0f95d0194a7ee607e5698967b4bf17ef1e49b8211c46ccfb010e2b5,b92ab400a6163e2055045dee719294a650e5c94fcf8f7749fb56e02a406d0312,adamw,0.001,1e-05,one_cycle,"{""epochs"": 500, ""scheduler_anneal_strategy"": ""cos"", ""scheduler_div_factor"": 25.0, ""scheduler_final_div_factor"": 10000.0, ""scheduler_pct_start"": 0.3}",0.1,4,1,1,False,500,500,225000,225000,equal,900000,fixed_500_epochs_last_checkpoint (original protocol; derived from planned epochs and no early stopping),max_epochs_500,completed,"complete_valid (nine strict blocks, 200 identities each)",<COMMIT-1>,2026-09-25 (pdeobs-prediction-verification/20260925-v1),"{""actual_examples_processed"": ""derived: completed epochs x 1800 training records; code: src/pdeobs/runner.py::_loader batches the 1800 training records without drop_last in one process; src/pdeobs/training.py takes one optimizer update per batch (no gradient accumulation)"", ""actual_optimizer_updates"": ""archived_campaign index health.optimizer_steps (health.json of the credited attempt)"", ""batch_size/optimizer/schedule"": ""resolved.yaml of the released model (digest bound to the verification index)"", ""completed_epochs"": ""prediction_verification index actual_epochs (history entries of the credited checkpoint)"", ""planned_epochs"": ""index.cohort_evidence.planned_epochs"", ""segment_note"": null, ""stop_reason"": ""derived: completed == planned == 500 and no early stopping configured"", ""training_status"": ""index.cohort_evidence.training_status""}"
train-f3ad3d7591da43d8,original500,,helmholtz,transolver,recovery,boundary_band_50pct,20260804,d26a0a862be8a012f78d47f3a3b4b3ffea508053ab02b6ee8e8f88e40831b27b,5b1f446187c22710dfb1340f1284342dad5df3851868d38da7c68f3a8b2d915d,5bc06f7469f2b95d64d775c250be77aff433598c08aa08bfef3e6b7650f9d81b,adamw,0.001,1e-05,one_cycle,"{""epochs"": 500, ""scheduler_anneal_strategy"": ""cos"", ""scheduler_div_factor"": 25.0, ""scheduler_final_div_factor"": 10000.0, ""scheduler_pct_start"": 0.3}",0.1,4,1,1,False,500,500,225000,225000,equal,900000,fixed_500_epochs_last_checkpoint (original protocol; derived from planned epochs and no early stopping),max_epochs_500,completed,"complete_valid (nine strict blocks, 200 identities each)",<COMMIT-1>,2026-09-25 (pdeobs-prediction-verification/20260925-v1),"{""actual_examples_processed"": ""derived: completed epochs x 1800 training records; code: src/pdeobs/runner.py::_loader batches the 1800 training records without drop_last in one process; src/pdeobs/training.py takes one optimizer update per batch (no gradient accumulation)"", ""actual_optimizer_updates"": ""archived_campaign index health.optimizer_steps (health.json of the credited attempt)"", ""batch_size/optimizer/schedule"": ""resolved.yaml of the released model (digest bound to the verification index)"", ""completed_epochs"": ""prediction_verification index actual_epochs (history entries of the credited checkpoint)"", ""planned_epochs"": ""index.cohort_evidence.planned_epochs"", ""segment_note"": null, ""stop_reason"": ""derived: completed == planned == 500 and no early stopping configured"", ""training_status"": ""index.cohort_evidence.training_status""}"
train-6bb083db08691cd5,original500,,helmholtz,transolver,recovery,clustered_50pct,20260804,d26a0a862be8a012f78d47f3a3b4b3ffea508053ab02b6ee8e8f88e40831b27b,e8a680a286c1d66d2a750fe01df093ab206b10a24fbe04d93395dad540a10991,a1b7396911f9da3c52c284049f4950fc899d6f24d0e05e0fa06061afb4740f6d,adamw,0.001,1e-05,one_cycle,"{""epochs"": 500, ""scheduler_anneal_strategy"": ""cos"", ""scheduler_div_factor"": 25.0, ""scheduler_final_div_factor"": 10000.0, ""scheduler_pct_start"": 0.3}",0.1,4,1,1,False,500,500,225000,225000,equal,900000,fixed_500_epochs_last_checkpoint (original protocol; derived from planned epochs and no early stopping),max_epochs_500,completed,"complete_valid (nine strict blocks, 200 identities each)",<COMMIT-1>,2026-09-25 (pdeobs-prediction-verification/20260925-v1),"{""actual_examples_processed"": ""derived: completed epochs x 1800 training records; code: src/pdeobs/runner.py::_loader batches the 1800 training records without drop_last in one process; src/pdeobs/training.py takes one optimizer update per batch (no gradient accumulation)"", ""actual_optimizer_updates"": ""archived_campaign index health.optimizer_steps (health.json of the credited attempt)"", ""batch_size/optimizer/schedule"": ""resolved.yaml of the released model (digest bound to the verification index)"", ""completed_epochs"": ""prediction_verification index actual_epochs (history entries of the credited checkpoint)"", ""planned_epochs"": ""index.cohort_evidence.planned_epochs"", ""segment_note"": null, ""stop_reason"": ""derived: completed == planned == 500 and no early stopping configured"", ""training_status"": ""index.cohort_evidence.training_status""}"
train-a35ad5621600bc3d,original500,,helmholtz,transolver,recovery,horizontal_lines_50pct,20260804,d26a0a862be8a012f78d47f3a3b4b3ffea508053ab02b6ee8e8f88e40831b27b,691cb3c7656c4abd333ef015514da6acffaa14ee7fb41b27ae370223b7ad6d16,24eedd3f2fdc8569a8db24f674a5f54f004992762c593dbafaeb5731fc3e6d05,adamw,0.001,1e-05,one_cycle,"{""epochs"": 500, ""scheduler_anneal_strategy"": ""cos"", ""scheduler_div_factor"": 25.0, ""scheduler_final_div_factor"": 10000.0, ""scheduler_pct_start"": 0.3}",0.1,4,1,1,False,500,500,225000,225000,equal,900000,fixed_500_epochs_last_checkpoint (original protocol; derived from planned epochs and no early stopping),max_epochs_500,completed,"complete_valid (nine strict blocks, 200 identities each)",<COMMIT-1>,2026-09-25 (pdeobs-prediction-verification/20260925-v1),"{""actual_examples_processed"": ""derived: completed epochs x 1800 training records; code: src/pdeobs/runner.py::_loader batches the 1800 training records without drop_last in one process; src/pdeobs/training.py takes one optimizer update per batch (no gradient accumulation)"", ""actual_optimizer_updates"": ""archived_campaign index health.optimizer_steps (health.json of the credited attempt)"", ""batch_size/optimizer/schedule"": ""resolved.yaml of the released model (digest bound to the verification index)"", ""completed_epochs"": ""prediction_verification index actual_epochs (history entries of the credited checkpoint)"", ""planned_epochs"": ""index.cohort_evidence.planned_epochs"", ""segment_note"": null, ""stop_reason"": ""derived: completed == planned == 500 and no early stopping configured"", ""training_status"": ""index.cohort_evidence.training_status""}"
train-ab02857f89f55808,original500,,helmholtz,transolver,recovery,line_sensors_50pct,20260804,d26a0a862be8a012f78d47f3a3b4b3ffea508053ab02b6ee8e8f88e40831b27b,e5f520d2663bce9dc9250e5e20eab18d019cabb18c26e7af118e57e52650d6ba,5af2c15aa0021a34a82613b29250738a24e09ea4d7104b28028c83a80e92a76b,adamw,0.001,1e-05,one_cycle,"{""epochs"": 500, ""scheduler_anneal_strategy"": ""cos"", ""scheduler_div_factor"": 25.0, ""scheduler_final_div_factor"": 10000.0, ""scheduler_pct_start"": 0.3}",0.1,4,1,1,False,500,500,225000,225000,equal,900000,fixed_500_epochs_last_checkpoint (original protocol; derived from planned epochs and no early stopping),max_epochs_500,completed,"complete_valid (nine strict blocks, 200 identities each)",<COMMIT-1>,2026-09-25 (pdeobs-prediction-verification/20260925-v1),"{""actual_examples_processed"": ""derived: completed epochs x 1800 training records; code: src/pdeobs/runner.py::_loader batches the 1800 training records without drop_last in one process; src/pdeobs/training.py takes one optimizer update per batch (no gradient accumulation)"", ""actual_optimizer_updates"": ""archived_campaign index health.optimizer_steps (health.json of the credited attempt)"", ""batch_size/optimizer/schedule"": ""resolved.yaml of the released model (digest bound to the verification index)"", ""completed_epochs"": ""prediction_verification index actual_epochs (history entries of the credited checkpoint)"", ""planned_epochs"": ""index.cohort_evidence.planned_epochs"", ""segment_note"": null, ""stop_reason"": ""derived: completed == planned == 500 and no early stopping configured"", ""training_status"": ""index.cohort_evidence.training_status""}"
train-c23e3e83f6f34281,original500,,helmholtz,transolver,recovery,random_50pct,20260804,d26a0a862be8a012f78d47f3a3b4b3ffea508053ab02b6ee8e8f88e40831b27b,ec00664a1a69858b61aad6c08ca243be954273548fe57fe278d0ba563589ad2d,38e231427f843eba2af9ba7a909f9807276496dca3f3992aa0ff30f1b08d4f32,adamw,0.001,1e-05,one_cycle,"{""epochs"": 500, ""scheduler_anneal_strategy"": ""cos"", ""scheduler_div_factor"": 25.0, ""scheduler_final_div_factor"": 10000.0, ""scheduler_pct_start"": 0.3}",0.1,4,1,1,False,500,500,225000,225000,equal,900000,fixed_500_epochs_last_checkpoint (original protocol; derived from planned epochs and no early stopping),max_epochs_500,completed,"complete_valid (nine strict blocks, 200 identities each)",<COMMIT-1>,2026-09-25 (pdeobs-prediction-verification/20260925-v1),"{""actual_examples_processed"": ""derived: completed epochs x 1800 training records; code: src/pdeobs/runner.py::_loader batches the 1800 training records without drop_last in one process; src/pdeobs/training.py takes one optimizer update per batch (no gradient accumulation)"", ""actual_optimizer_updates"": ""archived_campaign index health.optimizer_steps (health.json of the credited attempt)"", ""batch_size/optimizer/schedule"": ""resolved.yaml of the released model (digest bound to the verification index)"", ""completed_epochs"": ""prediction_verification index actual_epochs (history entries of the credited checkpoint)"", ""planned_epochs"": ""index.cohort_evidence.planned_epochs"", ""segment_note"": null, ""stop_reason"": ""derived: completed == planned == 500 and no early stopping configured"", ""training_status"": ""index.cohort_evidence.training_status""}"
train-35556cf9a8eb3127,original500,,helmholtz,transolver,recovery,random_65pct,20260804,d26a0a862be8a012f78d47f3a3b4b3ffea508053ab02b6ee8e8f88e40831b27b,f1e5543cfbc50eeed4acdc65d63f901afcd97f539d9ab344a42b6944a2998382,0cd58d241c9116c6567ad5dbca7a0a432cad55a33ab915bf0789d58a0d79c82b,adamw,0.001,1e-05,one_cycle,"{""epochs"": 500, ""scheduler_anneal_strategy"": ""cos"", ""scheduler_div_factor"": 25.0, ""scheduler_final_div_factor"": 10000.0, ""scheduler_pct_start"": 0.3}",0.1,4,1,1,False,500,500,225000,225000,equal,900000,fixed_500_epochs_last_checkpoint (original protocol; derived from planned epochs and no early stopping),max_epochs_500,completed,"complete_valid (nine strict blocks, 200 identities each)",<COMMIT-1>,2026-09-25 (pdeobs-prediction-verification/20260925-v1),"{""actual_examples_processed"": ""derived: completed epochs x 1800 training records; code: src/pdeobs/runner.py::_loader batches the 1800 training records without drop_last in one process; src/pdeobs/training.py takes one optimizer update per batch (no gradient accumulation)"", ""actual_optimizer_updates"": ""archived_campaign index health.optimizer_steps (health.json of the credited attempt)"", ""batch_size/optimizer/schedule"": ""resolved.yaml of the released model (digest bound to the verification index)"", ""completed_epochs"": ""prediction_verification index actual_epochs (history entries of the credited checkpoint)"", ""planned_epochs"": ""index.cohort_evidence.planned_epochs"", ""segment_note"": null, ""stop_reason"": ""derived: completed == planned == 500 and no early stopping configured"", ""training_status"": ""index.cohort_evidence.training_status""}"
train-7fdab413582d1230,original500,,helmholtz,transolver,recovery,random_80pct,20260804,d26a0a862be8a012f78d47f3a3b4b3ffea508053ab02b6ee8e8f88e40831b27b,0343371e890ae7311abf209cfd038772676891280baad0a45084528538e1e6aa,e7279ad6a379625aacbf03c10e313354e5a818a3bfa4c86cf2bb8487b9945ae9,adamw,0.001,1e-05,one_cycle,"{""epochs"": 500, ""scheduler_anneal_strategy"": ""cos"", ""scheduler_div_factor"": 25.0, ""scheduler_final_div_factor"": 10000.0, ""scheduler_pct_start"": 0.3}",0.1,4,1,1,False,500,500,225000,225000,equal,900000,fixed_500_epochs_last_checkpoint (original protocol; derived from planned epochs and no early stopping),max_epochs_500,completed,"complete_valid (nine strict blocks, 200 identities each)",<COMMIT-1>,2026-09-25 (pdeobs-prediction-verification/20260925-v1),"{""actual_examples_processed"": ""derived: completed epochs x 1800 training records; code: src/pdeobs/runner.py::_loader batches the 1800 training records without drop_last in one process; src/pdeobs/training.py takes one optimizer update per batch (no gradient accumulation)"", ""actual_optimizer_updates"": ""archived_campaign index health.optimizer_steps (health.json of the credited attempt)"", ""batch_size/optimizer/schedule"": ""resolved.yaml of the released model (digest bound to the verification index)"", ""completed_epochs"": ""prediction_verification index actual_epochs (history entries of the credited checkpoint)"", ""planned_epochs"": ""index.cohort_evidence.planned_epochs"", ""segment_note"": null, ""stop_reason"": ""derived: completed == planned == 500 and no early stopping configured"", ""training_status"": ""index.cohort_evidence.training_status""}"
train-e5bedd337508f985,original500,,helmholtz,transolver,recovery,vertical_lines_50pct,20260804,d26a0a862be8a012f78d47f3a3b4b3ffea508053ab02b6ee8e8f88e40831b27b,989668c03feeda50846d7f83d0aad319c0c667cfef37a4de1437b175fa3f8fff,c169c252cf12b9fe362a1b1bf1575719dfa701b16a945d93698876ad7e5ee3d0,adamw,0.001,1e-05,one_cycle,"{""epochs"": 500, ""scheduler_anneal_strategy"": ""cos"", ""scheduler_div_factor"": 25.0, ""scheduler_final_div_factor"": 10000.0, ""scheduler_pct_start"": 0.3}",0.1,4,1,1,False,500,500,225000,225000,equal,900000,fixed_500_epochs_last_checkpoint (original protocol; derived from planned epochs and no early stopping),max_epochs_500,completed,"complete_valid (nine strict blocks, 200 identities each)",<COMMIT-1>,2026-09-25 (pdeobs-prediction-verification/20260925-v1),"{""actual_examples_processed"": ""derived: completed epochs x 1800 training records; code: src/pdeobs/runner.py::_loader batches the 1800 training records without drop_last in one process; src/pdeobs/training.py takes one optimizer update per batch (no gradient accumulation)"", ""actual_optimizer_updates"": ""archived_campaign index health.optimizer_steps (health.json of the credited attempt)"", ""batch_size/optimizer/schedule"": ""resolved.yaml of the released model (digest bound to the verification index)"", ""completed_epochs"": ""prediction_verification index actual_epochs (history entries of the credited checkpoint)"", ""planned_epochs"": ""index.cohort_evidence.planned_epochs"", ""segment_note"": null, ""stop_reason"": ""derived: completed == planned == 500 and no early stopping configured"", ""training_status"": ""index.cohort_evidence.training_status""}"
train-f1ebc44b38ee4315,budget200_min120,,helmholtz,ufno_2d,recovery,block_observed_50pct,20260804,d26a0a862be8a012f78d47f3a3b4b3ffea508053ab02b6ee8e8f88e40831b27b,902f1c3ad53b5324dfb24b13863d4c69014281e8f9307d42e80f7c8202c6aae5,9825f0251dd690eda5b0632cd8c635595344c8ccccb6ffa9477aef4c4698aa51,adam,0.0005,0.0001,one_cycle,"{""epochs"": 200, ""scheduler_anneal_strategy"": ""cos"", ""scheduler_div_factor"": 25.0, ""scheduler_final_div_factor"": 10000.0, ""scheduler_pct_start"": 0.3}",1.0,4,1,1,False,200,200,90000,90000,equal,360000,pdeobs.max200-min120-then-train-data-patience10/20260920,max_epochs_200,completed,"complete_valid (nine strict blocks, 200 identities each)",<COMMIT-1>,2026-09-25 (pdeobs-prediction-verification/20260925-v1),"{""actual_examples_processed"": ""derived: completed epochs x 1800 training records; code: src/pdeobs/runner.py::_loader batches the 1800 training records without drop_last in one process; src/pdeobs/training.py takes one optimizer update per batch (no gradient accumulation)"", ""actual_optimizer_updates"": ""archived_campaign index health.optimizer_steps (health.json of the credited attempt)"", ""batch_size/optimizer/schedule"": ""resolved.yaml of the released model (digest bound to the verification index)"", ""completed_epochs"": ""prediction_verification index actual_epochs (history entries of the credited checkpoint)"", ""planned_epochs"": ""index.cohort_evidence.planned_epochs"", ""segment_note"": null, ""stop_reason"": ""index.stop_reason"", ""training_status"": ""index.cohort_evidence.training_status""}"
train-e004657f291ccbef,budget200_min120,,helmholtz,ufno_2d,recovery,boundary_band_50pct,20260804,d26a0a862be8a012f78d47f3a3b4b3ffea508053ab02b6ee8e8f88e40831b27b,ae0269a1ca5f5ced178aaccbf3ecdf3e16f4e818015d8ab02722e3a6313177c9,ede1c92be7757d1c3d9c3d5d1bfa974b89214ed8bf73697b524fbf79106effd3,adam,0.0005,0.0001,one_cycle,"{""epochs"": 200, ""scheduler_anneal_strategy"": ""cos"", ""scheduler_div_factor"": 25.0, ""scheduler_final_div_factor"": 10000.0, ""scheduler_pct_start"": 0.3}",1.0,4,1,1,False,200,200,90000,90000,equal,360000,pdeobs.max200-min120-then-train-data-patience10/20260920,max_epochs_200,completed,"complete_valid (nine strict blocks, 200 identities each)",<COMMIT-1>,2026-09-25 (pdeobs-prediction-verification/20260925-v1),"{""actual_examples_processed"": ""derived: completed epochs x 1800 training records; code: src/pdeobs/runner.py::_loader batches the 1800 training records without drop_last in one process; src/pdeobs/training.py takes one optimizer update per batch (no gradient accumulation)"", ""actual_optimizer_updates"": ""archived_campaign index health.optimizer_steps (health.json of the credited attempt)"", ""batch_size/optimizer/schedule"": ""resolved.yaml of the released model (digest bound to the verification index)"", ""completed_epochs"": ""prediction_verification index actual_epochs (history entries of the credited checkpoint)"", ""planned_epochs"": ""index.cohort_evidence.planned_epochs"", ""segment_note"": null, ""stop_reason"": ""index.stop_reason"", ""training_status"": ""index.cohort_evidence.training_status""}"
train-d43a04ec76cd5128,budget200_min120,,helmholtz,ufno_2d,recovery,clustered_50pct,20260804,d26a0a862be8a012f78d47f3a3b4b3ffea508053ab02b6ee8e8f88e40831b27b,014463e8c0ac0f86b264c8016e563c0c30b499f57b11bf528bd327cc6a3e6b7e,6ee20968ff59757ca7bcbfe868a1f2f9d7cc4a6ead3233ace966e9dc60a57b74,adam,0.00025,0.0001,step,"{""scheduler_gamma"": 0.5, ""scheduler_step_size"": 100}",1.0,4,1,1,False,200,138,62100,62100,equal,248400,pdeobs.max200-min120-then-train-data-patience10/20260920,train_data_patience_10,completed,"complete_valid (nine strict blocks, 200 identities each)",<COMMIT-1>,2026-09-25 (pdeobs-prediction-verification/20260925-v1),"{""actual_examples_processed"": ""derived: completed epochs x 1800 training records; code: src/pdeobs/runner.py::_loader batches the 1800 training records without drop_last in one process; src/pdeobs/training.py takes one optimizer update per batch (no gradient accumulation)"", ""actual_optimizer_updates"": ""archived_campaign index health.optimizer_steps (health.json of the credited attempt)"", ""batch_size/optimizer/schedule"": ""resolved.yaml of the released model (digest bound to the verification index)"", ""completed_epochs"": ""prediction_verification index actual_epochs (history entries of the credited checkpoint)"", ""planned_epochs"": ""index.cohort_evidence.planned_epochs"", ""segment_note"": null, ""stop_reason"": ""index.stop_reason"", ""training_status"": ""index.cohort_evidence.training_status""}"
train-113cf8202b8ec73e,budget200_min120,,helmholtz,ufno_2d,recovery,horizontal_lines_50pct,20260804,d26a0a862be8a012f78d47f3a3b4b3ffea508053ab02b6ee8e8f88e40831b27b,5fbec83a20dc64614028811a094f00c6f45d9aa10a362329fcf144f0feac724b,eb42905eb28769b5ce754631830d820920de4d6029b57a4a2197344c91e9222f,adam,0.00025,0.0001,step,"{""scheduler_gamma"": 0.5, ""scheduler_step_size"": 100}",1.0,4,1,1,False,200,133,59850,59850,equal,239400,pdeobs.max200-min120-then-train-data-patience10/20260920,train_data_patience_10,completed,"complete_valid (nine strict blocks, 200 identities each)",<COMMIT-1>,2026-09-25 (pdeobs-prediction-verification/20260925-v1),"{""actual_examples_processed"": ""derived: completed epochs x 1800 training records; code: src/pdeobs/runner.py::_loader batches the 1800 training records without drop_last in one process; src/pdeobs/training.py takes one optimizer update per batch (no gradient accumulation)"", ""actual_optimizer_updates"": ""archived_campaign index health.optimizer_steps (health.json of the credited attempt)"", ""batch_size/optimizer/schedule"": ""resolved.yaml of the released model (digest bound to the verification index)"", ""completed_epochs"": ""prediction_verification index actual_epochs (history entries of the credited checkpoint)"", ""planned_epochs"": ""index.cohort_evidence.planned_epochs"", ""segment_note"": null, ""stop_reason"": ""index.stop_reason"", ""training_status"": ""index.cohort_evidence.training_status""}"
train-c969683c8e5b7f79,budget200_min120,,helmholtz,ufno_2d,recovery,line_sensors_50pct,20260804,d26a0a862be8a012f78d47f3a3b4b3ffea508053ab02b6ee8e8f88e40831b27b,17989e8c9836c6a2ba5701b713bed190336f4321c2f54fbae24a73e8d83e59df,31ccdf4456ba3034edf9a93abe9e283d3484b9c50bedb81d4d0fc9299d92b43b,adam,0.0005,0.0001,step,"{""scheduler_gamma"": 0.5, ""scheduler_step_size"": 100}",1.0,4,1,1,False,200,134,60300,60300,equal,241200,pdeobs.max200-min120-then-train-data-patience10/20260920,train_data_patience_10,completed,"complete_valid (nine strict blocks, 200 identities each)",<COMMIT-1>,2026-09-25 (pdeobs-prediction-verification/20260925-v1),"{""actual_examples_processed"": ""derived: completed epochs x 1800 training records; code: src/pdeobs/runner.py::_loader batches the 1800 training records without drop_last in one process; src/pdeobs/training.py takes one optimizer update per batch (no gradient accumulation)"", ""actual_optimizer_updates"": ""archived_campaign index health.optimizer_steps (health.json of the credited attempt)"", ""batch_size/optimizer/schedule"": ""resolved.yaml of the released model (digest bound to the verification index)"", ""completed_epochs"": ""prediction_verification index actual_epochs (history entries of the credited checkpoint)"", ""planned_epochs"": ""index.cohort_evidence.planned_epochs"", ""segment_note"": null, ""stop_reason"": ""index.stop_reason"", ""training_status"": ""index.cohort_evidence.training_status""}"
train-e5d01525dcdbdfb7,budget200_min120,,helmholtz,ufno_2d,recovery,random_50pct,20260804,d26a0a862be8a012f78d47f3a3b4b3ffea508053ab02b6ee8e8f88e40831b27b,f6d9873a1beb604008ce81c0cf5f2be44fe2fe0bba4864d5003e638319c19812,6653e04c95cb4db8a0a1ba48ed8158bb35e6c7de0bc0bf5f0e39570018c9d20f,adam,0.0005,0.0001,step,"{""scheduler_gamma"": 0.5, ""scheduler_step_size"": 100}",1.0,4,1,1,False,200,132,59400,59400,equal,237600,pdeobs.max200-min120-then-train-data-patience10/20260920,train_data_patience_10,completed,"complete_valid (nine strict blocks, 200 identities each)",<COMMIT-1>,2026-09-25 (pdeobs-prediction-verification/20260925-v1),"{""actual_examples_processed"": ""derived: completed epochs x 1800 training records; code: src/pdeobs/runner.py::_loader batches the 1800 training records without drop_last in one process; src/pdeobs/training.py takes one optimizer update per batch (no gradient accumulation)"", ""actual_optimizer_updates"": ""archived_campaign index health.optimizer_steps (health.json of the credited attempt)"", ""batch_size/optimizer/schedule"": ""resolved.yaml of the released model (digest bound to the verification index)"", ""completed_epochs"": ""prediction_verification index actual_epochs (history entries of the credited checkpoint)"", ""planned_epochs"": ""index.cohort_evidence.planned_epochs"", ""segment_note"": null, ""stop_reason"": ""index.stop_reason"", ""training_status"": ""index.cohort_evidence.training_status""}"
train-e3b39dbfdac8f7f2,budget200_min120,,helmholtz,ufno_2d,recovery,random_65pct,20260804,d26a0a862be8a012f78d47f3a3b4b3ffea508053ab02b6ee8e8f88e40831b27b,fc6140f10d1241259a7733037da682c36a3d3db0e5007b1d4a534d316d1af7db,342bd72df084d30957e65f145ebe83b247ae85ca739d44668623d7b2378fedb1,adam,0.0005,0.0001,step,"{""scheduler_gamma"": 0.5, ""scheduler_step_size"": 100}",1.0,4,1,1,False,200,155,69750,69750,equal,279000,pdeobs.max200-min120-then-train-data-patience10/20260920,train_data_patience_10,completed,"complete_valid (nine strict blocks, 200 identities each)",<COMMIT-1>,2026-09-25 (pdeobs-prediction-verification/20260925-v1),"{""actual_examples_processed"": ""derived: completed epochs x 1800 training records; code: src/pdeobs/runner.py::_loader batches the 1800 training records without drop_last in one process; src/pdeobs/training.py takes one optimizer update per batch (no gradient accumulation)"", ""actual_optimizer_updates"": ""archived_campaign index health.optimizer_steps (health.json of the credited attempt)"", ""batch_size/optimizer/schedule"": ""resolved.yaml of the released model (digest bound to the verification index)"", ""completed_epochs"": ""prediction_verification index actual_epochs (history entries of the credited checkpoint)"", ""planned_epochs"": ""index.cohort_evidence.planned_epochs"", ""segment_note"": null, ""stop_reason"": ""index.stop_reason"", ""training_status"": ""index.cohort_evidence.training_status""}"
train-f58998e9a97904bb,original500,,helmholtz,ufno_2d,recovery,random_80pct,20260804,d26a0a862be8a012f78d47f3a3b4b3ffea508053ab02b6ee8e8f88e40831b27b,81f1d820a8913420a2960d0497ea4d06129507f73e7493d9272cae24bb9e6159,81873f714c6fac4f661dce0be548eb43c6df098872a5d8e7d69c042364879604,adam,0.001,0.0001,step,"{""scheduler_gamma"": 0.5, ""scheduler_step_size"": 100}",1.0,4,1,1,False,500,500,225000,225000,equal,900000,fixed_500_epochs_last_checkpoint (original protocol; derived from planned epochs and no early stopping),max_epochs_500,completed,"complete_valid (nine strict blocks, 200 identities each)",<COMMIT-1>,2026-09-25 (pdeobs-prediction-verification/20260925-v1),"{""actual_examples_processed"": ""derived: completed epochs x 1800 training records; code: src/pdeobs/runner.py::_loader batches the 1800 training records without drop_last in one process; src/pdeobs/training.py takes one optimizer update per batch (no gradient accumulation)"", ""actual_optimizer_updates"": ""archived_campaign index health.optimizer_steps (health.json of the credited attempt)"", ""batch_size/optimizer/schedule"": ""resolved.yaml of the released model (digest bound to the verification index)"", ""completed_epochs"": ""prediction_verification index actual_epochs (history entries of the credited checkpoint)"", ""planned_epochs"": ""index.cohort_evidence.planned_epochs"", ""segment_note"": null, ""stop_reason"": ""derived: completed == planned == 500 and no early stopping configured"", ""training_status"": ""index.cohort_evidence.training_status""}"
train-a47ac92dcef6535d,budget200_min120,,helmholtz,ufno_2d,recovery,vertical_lines_50pct,20260804,d26a0a862be8a012f78d47f3a3b4b3ffea508053ab02b6ee8e8f88e40831b27b,a8f7924a9d107de5ef365cee167587a7e947447229710ca91bc4ca63aba2d2be,05db1ad7320868d4d94d6023eadba1d291e5f93493b9832f11ca73077e054b29,adam,0.00025,0.0001,step,"{""scheduler_gamma"": 0.5, ""scheduler_step_size"": 100}",1.0,4,1,1,False,200,135,60750,60750,equal,243000,pdeobs.max200-min120-then-train-data-patience10/20260920,train_data_patience_10,completed,"complete_valid (nine strict blocks, 200 identities each)",<COMMIT-1>,2026-09-25 (pdeobs-prediction-verification/20260925-v1),"{""actual_examples_processed"": ""derived: completed epochs x 1800 training records; code: src/pdeobs/runner.py::_loader batches the 1800 training records without drop_last in one process; src/pdeobs/training.py takes one optimizer update per batch (no gradient accumulation)"", ""actual_optimizer_updates"": ""archived_campaign index health.optimizer_steps (health.json of the credited attempt)"", ""batch_size/optimizer/schedule"": ""resolved.yaml of the released model (digest bound to the verification index)"", ""completed_epochs"": ""prediction_verification index actual_epochs (history entries of the credited checkpoint)"", ""planned_epochs"": ""index.cohort_evidence.planned_epochs"", ""segment_note"": null, ""stop_reason"": ""index.stop_reason"", ""training_status"": ""index.cohort_evidence.training_status""}"
train-97a7858058b0836d,original500,,navier_stokes,cno,rollout,block_observed_50pct,20260804,36cd356276a9e5497746e3505df8318c3b33ff1499ee5b9344ff209083c897c0,60b47ea0bb6d1c8a9c4adb41a8c04895d6f06a1c16554f951b61525f3d67ea7a,96f2645c8c373cfc290255f3650d7c4e2c5eab0c3640541ce89c97e86c22e74a,adamw,0.001,1e-06,step,"{""scheduler_gamma"": 0.5, ""scheduler_step_size"": 100}",1.0,8,1,1,False,500,500,112500,112500,equal,900000,fixed_500_epochs_last_checkpoint (original protocol; derived from planned epochs and no early stopping),max_epochs_500,completed,"complete_valid (nine strict blocks, 200 identities each)",<COMMIT-1>,2026-09-25 (pdeobs-prediction-verification/20260925-v1),"{""actual_examples_processed"": ""derived: completed epochs x 1800 training records; code: src/pdeobs/runner.py::_loader batches the 1800 training records without drop_last in one process; src/pdeobs/training.py takes one optimizer update per batch (no gradient accumulation)"", ""actual_optimizer_updates"": ""archived_campaign index health.optimizer_steps (health.json of the credited attempt)"", ""batch_size/optimizer/schedule"": ""resolved.yaml of the released model (digest bound to the verification index)"", ""completed_epochs"": ""prediction_verification index actual_epochs (history entries of the credited checkpoint)"", ""planned_epochs"": ""index.cohort_evidence.planned_epochs"", ""segment_note"": null, ""stop_reason"": ""derived: completed == planned == 500 and no early stopping configured"", ""training_status"": ""index.cohort_evidence.training_status""}"
train-dbbc43afd7db551a,original500,,navier_stokes,cno,rollout,boundary_band_50pct,20260804,36cd356276a9e5497746e3505df8318c3b33ff1499ee5b9344ff209083c897c0,4b11c26988a7637a5c7f30cfa041b616c62d984e9527a7e24b43c3077b883908,e97298bec275f26dca5c33b858ff9095bec1ce110df48de31b84bac291c04336,adamw,0.001,1e-06,step,"{""scheduler_gamma"": 0.5, ""scheduler_step_size"": 100}",1.0,8,1,1,False,500,500,112500,112500,equal,900000,fixed_500_epochs_last_checkpoint (original protocol; derived from planned epochs and no early stopping),max_epochs_500,completed,"complete_valid (nine strict blocks, 200 identities each)",<COMMIT-1>,2026-09-25 (pdeobs-prediction-verification/20260925-v1),"{""actual_examples_processed"": ""derived: completed epochs x 1800 training records; code: src/pdeobs/runner.py::_loader batches the 1800 training records without drop_last in one process; src/pdeobs/training.py takes one optimizer update per batch (no gradient accumulation)"", ""actual_optimizer_updates"": ""archived_campaign index health.optimizer_steps (health.json of the credited attempt)"", ""batch_size/optimizer/schedule"": ""resolved.yaml of the released model (digest bound to the verification index)"", ""completed_epochs"": ""prediction_verification index actual_epochs (history entries of the credited checkpoint)"", ""planned_epochs"": ""index.cohort_evidence.planned_epochs"", ""segment_note"": null, ""stop_reason"": ""derived: completed == planned == 500 and no early stopping configured"", ""training_status"": ""index.cohort_evidence.training_status""}"
train-9d80705e59a3f291,original500,,navier_stokes,cno,rollout,clustered_50pct,20260804,36cd356276a9e5497746e3505df8318c3b33ff1499ee5b9344ff209083c897c0,7ee4bd4c44a614c8ea9f7e9c43944c33fac79b262b0afc25ed16e13c58408c28,2bfd76da921c49a5520d4691871e320dd71b9046cfcc1a06e9bc9cc6441d74a5,adamw,0.001,1e-06,step,"{""scheduler_gamma"": 0.5, ""scheduler_step_size"": 100}",1.0,8,1,1,False,500,500,112500,112500,equal,900000,fixed_500_epochs_last_checkpoint (original protocol; derived from planned epochs and no early stopping),max_epochs_500,completed,"complete_valid (nine strict blocks, 200 identities each)",<COMMIT-1>,2026-09-25 (pdeobs-prediction-verification/20260925-v1),"{""actual_examples_processed"": ""derived: completed epochs x 1800 training records; code: src/pdeobs/runner.py::_loader batches the 1800 training records without drop_last in one process; src/pdeobs/training.py takes one optimizer update per batch (no gradient accumulation)"", ""actual_optimizer_updates"": ""archived_campaign index health.optimizer_steps (health.json of the credited attempt)"", ""batch_size/optimizer/schedule"": ""resolved.yaml of the released model (digest bound to the verification index)"", ""completed_epochs"": ""prediction_verification index actual_epochs (history entries of the credited checkpoint)"", ""planned_epochs"": ""index.cohort_evidence.planned_epochs"", ""segment_note"": null, ""stop_reason"": ""derived: completed == planned == 500 and no early stopping configured"", ""training_status"": ""index.cohort_evidence.training_status""}"
train-51922c5206b3f477,original500,,navier_stokes,cno,rollout,horizontal_lines_50pct,20260804,36cd356276a9e5497746e3505df8318c3b33ff1499ee5b9344ff209083c897c0,6b37295166241176f0059809b2b07fc80c1cff2ca12e8cd2bd2a252b9f658e49,89a4cc69ff345aaa9ff9a0ad254197db1044c7a577ae7b588aa7f3aaef79dc20,adamw,0.001,1e-06,step,"{""scheduler_gamma"": 0.5, ""scheduler_step_size"": 100}",1.0,8,1,1,False,500,500,112500,112500,equal,900000,fixed_500_epochs_last_checkpoint (original protocol; derived from planned epochs and no early stopping),max_epochs_500,completed,"complete_valid (nine strict blocks, 200 identities each)",<COMMIT-1>,2026-09-25 (pdeobs-prediction-verification/20260925-v1),"{""actual_examples_processed"": ""derived: completed epochs x 1800 training records; code: src/pdeobs/runner.py::_loader batches the 1800 training records without drop_last in one process; src/pdeobs/training.py takes one optimizer update per batch (no gradient accumulation)"", ""actual_optimizer_updates"": ""archived_campaign index health.optimizer_steps (health.json of the credited attempt)"", ""batch_size/optimizer/schedule"": ""resolved.yaml of the released model (digest bound to the verification index)"", ""completed_epochs"": ""prediction_verification index actual_epochs (history entries of the credited checkpoint)"", ""planned_epochs"": ""index.cohort_evidence.planned_epochs"", ""segment_note"": null, ""stop_reason"": ""derived: completed == planned == 500 and no early stopping configured"", ""training_status"": ""index.cohort_evidence.training_status""}"
train-e1283ba9c73cfd61,original500,,navier_stokes,cno,rollout,line_sensors_50pct,20260804,36cd356276a9e5497746e3505df8318c3b33ff1499ee5b9344ff209083c897c0,025e6d7b1fe6ea462e0506db15571a9f63eb6fa2bf41a392ce3b6ec679df3bab,39d286c9361bde2e3af4b8cf50b4c85a1fd74e1f583fdcb80c65ef4823186846,adamw,0.001,1e-06,step,"{""scheduler_gamma"": 0.5, ""scheduler_step_size"": 100}",1.0,8,1,1,False,500,500,112500,112500,equal,900000,fixed_500_epochs_last_checkpoint (original protocol; derived from planned epochs and no early stopping),max_epochs_500,completed,"complete_valid (nine strict blocks, 200 identities each)",<COMMIT-1>,2026-09-25 (pdeobs-prediction-verification/20260925-v1),"{""actual_examples_processed"": ""derived: completed epochs x 1800 training records; code: src/pdeobs/runner.py::_loader batches the 1800 training records without drop_last in one process; src/pdeobs/training.py takes one optimizer update per batch (no gradient accumulation)"", ""actual_optimizer_updates"": ""archived_campaign index health.optimizer_steps (health.json of the credited attempt)"", ""batch_size/optimizer/schedule"": ""resolved.yaml of the released model (digest bound to the verification index)"", ""completed_epochs"": ""prediction_verification index actual_epochs (history entries of the credited checkpoint)"", ""planned_epochs"": ""index.cohort_evidence.planned_epochs"", ""segment_note"": null, ""stop_reason"": ""derived: completed == planned == 500 and no early stopping configured"", ""training_status"": ""index.cohort_evidence.training_status""}"
train-4786398880adb650,original500,,navier_stokes,cno,rollout,random_50pct,20260804,36cd356276a9e5497746e3505df8318c3b33ff1499ee5b9344ff209083c897c0,a41810bbd2dd3c4744ea6d6955c4c736a59f6b6d995383649bba2f2f8f9526d8,a850464f5786ff91b1df905de65ec1e4e50f694084f7c73f5efc83af343fdc22,adamw,0.001,1e-06,step,"{""scheduler_gamma"": 0.5, ""scheduler_step_size"": 100}",1.0,8,1,1,False,500,500,112500,112500,equal,900000,fixed_500_epochs_last_checkpoint (original protocol; derived from planned epochs and no early stopping),max_epochs_500,completed,"complete_valid (nine strict blocks, 200 identities each)",<COMMIT-1>,2026-09-25 (pdeobs-prediction-verification/20260925-v1),"{""actual_examples_processed"": ""derived: completed epochs x 1800 training records; code: src/pdeobs/runner.py::_loader batches the 1800 training records without drop_last in one process; src/pdeobs/training.py takes one optimizer update per batch (no gradient accumulation)"", ""actual_optimizer_updates"": ""archived_campaign index health.optimizer_steps (health.json of the credited attempt)"", ""batch_size/optimizer/schedule"": ""resolved.yaml of the released model (digest bound to the verification index)"", ""completed_epochs"": ""prediction_verification index actual_epochs (history entries of the credited checkpoint)"", ""planned_epochs"": ""index.cohort_evidence.planned_epochs"", ""segment_note"": null, ""stop_reason"": ""derived: completed == planned == 500 and no early stopping configured"", ""training_status"": ""index.cohort_evidence.training_status""}"
train-7a3b29edd5488b42,original500,,navier_stokes,cno,rollout,random_65pct,20260804,36cd356276a9e5497746e3505df8318c3b33ff1499ee5b9344ff209083c897c0,0eae7c3c9616cd5b3d0a14ef7215f788871d59d8167806ccb5b820d1beb9cc31,662813d9a2ab25670044b8e13dc8f976d79f8d2863852fd13f386555b8a54172,adamw,0.001,1e-06,step,"{""scheduler_gamma"": 0.5, ""scheduler_step_size"": 100}",1.0,8,1,1,False,500,500,112500,112500,equal,900000,fixed_500_epochs_last_checkpoint (original protocol; derived from planned epochs and no early stopping),max_epochs_500,completed,"complete_valid (nine strict blocks, 200 identities each)",<COMMIT-1>,2026-09-25 (pdeobs-prediction-verification/20260925-v1),"{""actual_examples_processed"": ""derived: completed epochs x 1800 training records; code: src/pdeobs/runner.py::_loader batches the 1800 training records without drop_last in one process; src/pdeobs/training.py takes one optimizer update per batch (no gradient accumulation)"", ""actual_optimizer_updates"": ""archived_campaign index health.optimizer_steps (health.json of the credited attempt)"", ""batch_size/optimizer/schedule"": ""resolved.yaml of the released model (digest bound to the verification index)"", ""completed_epochs"": ""prediction_verification index actual_epochs (history entries of the credited checkpoint)"", ""planned_epochs"": ""index.cohort_evidence.planned_epochs"", ""segment_note"": null, ""stop_reason"": ""derived: completed == planned == 500 and no early stopping configured"", ""training_status"": ""index.cohort_evidence.training_status""}"
train-40fd6d51aa920861,original500,,navier_stokes,cno,rollout,random_80pct,20260804,36cd356276a9e5497746e3505df8318c3b33ff1499ee5b9344ff209083c897c0,79cf65c5f8ec5ec50222bb17134be6d886b46f8d3e5553dcaee56c13828d31ac,061180bde9703bc6a599c13c67e39067e7713988e3d8c8d002c9fb3849e65005,adamw,0.001,1e-06,step,"{""scheduler_gamma"": 0.5, ""scheduler_step_size"": 100}",1.0,8,1,1,False,500,500,112500,112500,equal,900000,fixed_500_epochs_last_checkpoint (original protocol; derived from planned epochs and no early stopping),max_epochs_500,completed,"complete_valid (nine strict blocks, 200 identities each)",<COMMIT-1>,2026-09-25 (pdeobs-prediction-verification/20260925-v1),"{""actual_examples_processed"": ""derived: completed epochs x 1800 training records; code: src/pdeobs/runner.py::_loader batches the 1800 training records without drop_last in one process; src/pdeobs/training.py takes one optimizer update per batch (no gradient accumulation)"", ""actual_optimizer_updates"": ""archived_campaign index health.optimizer_steps (health.json of the credited attempt)"", ""batch_size/optimizer/schedule"": ""resolved.yaml of the released model (digest bound to the verification index)"", ""completed_epochs"": ""prediction_verification index actual_epochs (history entries of the credited checkpoint)"", ""planned_epochs"": ""index.cohort_evidence.planned_epochs"", ""segment_note"": null, ""stop_reason"": ""derived: completed == planned == 500 and no early stopping configured"", ""training_status"": ""index.cohort_evidence.training_status""}"
train-628c54c203b0ed09,original500,,navier_stokes,cno,rollout,vertical_lines_50pct,20260804,36cd356276a9e5497746e3505df8318c3b33ff1499ee5b9344ff209083c897c0,f0f86a88b386115108a0c79e1ad910b16271583d13d9a2581fdaca9938d4e6ed,da0e2c2d2ebb107cfcd0fa8091c291a1f50b3e0b9b6ab79aed6928a2e55d9852,adamw,0.001,1e-06,step,"{""scheduler_gamma"": 0.5, ""scheduler_step_size"": 100}",1.0,8,1,1,False,500,500,112500,112500,equal,900000,fixed_500_epochs_last_checkpoint (original protocol; derived from planned epochs and no early stopping),max_epochs_500,completed,"complete_valid (nine strict blocks, 200 identities each)",<COMMIT-1>,2026-09-25 (pdeobs-prediction-verification/20260925-v1),"{""actual_examples_processed"": ""derived: completed epochs x 1800 training records; code: src/pdeobs/runner.py::_loader batches the 1800 training records without drop_last in one process; src/pdeobs/training.py takes one optimizer update per batch (no gradient accumulation)"", ""actual_optimizer_updates"": ""archived_campaign index health.optimizer_steps (health.json of the credited attempt)"", ""batch_size/optimizer/schedule"": ""resolved.yaml of the released model (digest bound to the verification index)"", ""completed_epochs"": ""prediction_verification index actual_epochs (history entries of the credited checkpoint)"", ""planned_epochs"": ""index.cohort_evidence.planned_epochs"", ""segment_note"": null, ""stop_reason"": ""derived: completed == planned == 500 and no early stopping configured"", ""training_status"": ""index.cohort_evidence.training_status""}"
train-8adc5f566163ce0b,original500,,navier_stokes,deeponet,rollout,block_observed_50pct,20260804,36cd356276a9e5497746e3505df8318c3b33ff1499ee5b9344ff209083c897c0,853f393725d03ef2f06f2132e59b76f1f48f327671288a5129b2f5a444d02b05,a53ece8c59548e1f20326ab9629cf498a712dbaa14171440c7804080632ad400,adam,0.001,0.0,step,"{""scheduler_gamma"": 0.5, ""scheduler_step_size"": 100}",1.0,4,1,1,False,500,500,225000,225000,equal,900000,fixed_500_epochs_last_checkpoint (original protocol; derived from planned epochs and no early stopping),max_epochs_500,completed,"complete_valid (nine strict blocks, 200 identities each)",<COMMIT-1>,2026-09-25 (pdeobs-prediction-verification/20260925-v1),"{""actual_examples_processed"": ""derived: completed epochs x 1800 training records; code: src/pdeobs/runner.py::_loader batches the 1800 training records without drop_last in one process; src/pdeobs/training.py takes one optimizer update per batch (no gradient accumulation)"", ""actual_optimizer_updates"": ""archived_campaign index health.optimizer_steps (health.json of the credited attempt)"", ""batch_size/optimizer/schedule"": ""resolved.yaml of the released model (digest bound to the verification index)"", ""completed_epochs"": ""prediction_verification index actual_epochs (history entries of the credited checkpoint)"", ""planned_epochs"": ""index.cohort_evidence.planned_epochs"", ""segment_note"": null, ""stop_reason"": ""derived: completed == planned == 500 and no early stopping configured"", ""training_status"": ""index.cohort_evidence.training_status""}"
train-31f88259345287ae,original500,,navier_stokes,deeponet,rollout,boundary_band_50pct,20260804,36cd356276a9e5497746e3505df8318c3b33ff1499ee5b9344ff209083c897c0,447dbd8b08db63168feb8af25b832bf1e877277b30195f934c63edc891d84665,55e8a5489b3fb6e9929e9d4dc18abe5615f64c90a43eaa61cfa67df155583f43,adam,0.001,0.0,step,"{""scheduler_gamma"": 0.5, ""scheduler_step_size"": 100}",1.0,4,1,1,False,500,500,225000,225000,equal,900000,fixed_500_epochs_last_checkpoint (original protocol; derived from planned epochs and no early stopping),max_epochs_500,completed,"complete_valid (nine strict blocks, 200 identities each)",<COMMIT-1>,2026-09-25 (pdeobs-prediction-verification/20260925-v1),"{""actual_examples_processed"": ""derived: completed epochs x 1800 training records; code: src/pdeobs/runner.py::_loader batches the 1800 training records without drop_last in one process; src/pdeobs/training.py takes one optimizer update per batch (no gradient accumulation)"", ""actual_optimizer_updates"": ""archived_campaign index health.optimizer_steps (health.json of the credited attempt)"", ""batch_size/optimizer/schedule"": ""resolved.yaml of the released model (digest bound to the verification index)"", ""completed_epochs"": ""prediction_verification index actual_epochs (history entries of the credited checkpoint)"", ""planned_epochs"": ""index.cohort_evidence.planned_epochs"", ""segment_note"": null, ""stop_reason"": ""derived: completed == planned == 500 and no early stopping configured"", ""training_status"": ""index.cohort_evidence.training_status""}"
train-46bda19ca26486e0,original500,,navier_stokes,deeponet,rollout,clustered_50pct,20260804,36cd356276a9e5497746e3505df8318c3b33ff1499ee5b9344ff209083c897c0,5144e3aba41c5fbf7dc9cdd690b74f8fada1474ec8d85398945ab09ca24241fe,47ac82a403035e3aa3725f9d59c4717c63fa74955a1d1db0fb6b53d4b2f44c5e,adam,0.001,0.0,step,"{""scheduler_gamma"": 0.5, ""scheduler_step_size"": 100}",1.0,4,1,1,False,500,500,225000,225000,equal,900000,fixed_500_epochs_last_checkpoint (original protocol; derived from planned epochs and no early stopping),max_epochs_500,completed,"complete_valid (nine strict blocks, 200 identities each)",<COMMIT-1>,2026-09-25 (pdeobs-prediction-verification/20260925-v1),"{""actual_examples_processed"": ""derived: completed epochs x 1800 training records; code: src/pdeobs/runner.py::_loader batches the 1800 training records without drop_last in one process; src/pdeobs/training.py takes one optimizer update per batch (no gradient accumulation)"", ""actual_optimizer_updates"": ""archived_campaign index health.optimizer_steps (health.json of the credited attempt)"", ""batch_size/optimizer/schedule"": ""resolved.yaml of the released model (digest bound to the verification index)"", ""completed_epochs"": ""prediction_verification index actual_epochs (history entries of the credited checkpoint)"", ""planned_epochs"": ""index.cohort_evidence.planned_epochs"", ""segment_note"": null, ""stop_reason"": ""derived: completed == planned == 500 and no early stopping configured"", ""training_status"": ""index.cohort_evidence.training_status""}"
train-06642e42c14984fa,original500,,navier_stokes,deeponet,rollout,horizontal_lines_50pct,20260804,36cd356276a9e5497746e3505df8318c3b33ff1499ee5b9344ff209083c897c0,771e609a1ffefd986c2ecafcb81966fddbe69fd5d2c02eadae48f5419f617a1e,d27a54f9ae61f023c46d4d6f1f65e4194c9826097e763d385c6a72ea6a0056b8,adam,0.001,0.0,step,"{""scheduler_gamma"": 0.5, ""scheduler_step_size"": 100}",1.0,4,1,1,False,500,500,225000,225000,equal,900000,fixed_500_epochs_last_checkpoint (original protocol; derived from planned epochs and no early stopping),max_epochs_500,completed,"complete_valid (nine strict blocks, 200 identities each)",<COMMIT-1>,2026-09-25 (pdeobs-prediction-verification/20260925-v1),"{""actual_examples_processed"": ""derived: completed epochs x 1800 training records; code: src/pdeobs/runner.py::_loader batches the 1800 training records without drop_last in one process; src/pdeobs/training.py takes one optimizer update per batch (no gradient accumulation)"", ""actual_optimizer_updates"": ""archived_campaign index health.optimizer_steps (health.json of the credited attempt)"", ""batch_size/optimizer/schedule"": ""resolved.yaml of the released model (digest bound to the verification index)"", ""completed_epochs"": ""prediction_verification index actual_epochs (history entries of the credited checkpoint)"", ""planned_epochs"": ""index.cohort_evidence.planned_epochs"", ""segment_note"": null, ""stop_reason"": ""derived: completed == planned == 500 and no early stopping configured"", ""training_status"": ""index.cohort_evidence.training_status""}"
train-a56098900a0a2dc7,interrupted_or_recovered,,navier_stokes,deeponet,rollout,line_sensors_50pct,20260804,36cd356276a9e5497746e3505df8318c3b33ff1499ee5b9344ff209083c897c0,f7ef4713ce5afbe5a085ab1241425844dc3af45362017b702cf165c91aeffbaf,0e73cdfebcbc401d33ed1cfee8b1695c16e1e4b5440a1d2c0e63b4ed797bcae9,adam,0.001,0.0,step,"{""scheduler_gamma"": 0.5, ""scheduler_step_size"": 100}",1.0,4,1,1,False,500,128,unknown,57600,unknown,230400,fixed_500_epochs_last_checkpoint (original protocol; derived from planned epochs and no early stopping),unknown,unknown,"complete_valid (nine strict blocks, 200 identities each)",<COMMIT-1>,2026-09-25 (pdeobs-prediction-verification/20260925-v1),"{""actual_examples_processed"": ""derived: completed epochs x 1800 training records; code: src/pdeobs/runner.py::_loader batches the 1800 training records without drop_last in one process; src/pdeobs/training.py takes one optimizer update per batch (no gradient accumulation)"", ""actual_optimizer_updates"": ""unknown: no optimizer step counter in the credited receipts"", ""batch_size/optimizer/schedule"": ""resolved.yaml of the released model (digest bound to the verification index)"", ""completed_epochs"": ""prediction_verification index actual_epochs (history entries of the credited checkpoint)"", ""planned_epochs"": ""index.cohort_evidence.planned_epochs"", ""segment_note"": null, ""stop_reason"": ""no stop reason recorded"", ""training_status"": ""archived health.status""}"
train-7468a2bf4ae5117c,original500,,navier_stokes,deeponet,rollout,random_50pct,20260804,36cd356276a9e5497746e3505df8318c3b33ff1499ee5b9344ff209083c897c0,f6d41c2109a1fe5a10ddb7108b8dd85ec8406458371ce8830fe93859bbec0018,14d112e1d1adcba29c4e893bc2dea39c1116068edb360a0eef419fcdf08613d7,adam,0.001,0.0,step,"{""scheduler_gamma"": 0.5, ""scheduler_step_size"": 100}",1.0,4,1,1,False,500,500,225000,225000,equal,900000,fixed_500_epochs_last_checkpoint (original protocol; derived from planned epochs and no early stopping),max_epochs_500,completed,"complete_valid (nine strict blocks, 200 identities each)",<COMMIT-1>,2026-09-25 (pdeobs-prediction-verification/20260925-v1),"{""actual_examples_processed"": ""derived: completed epochs x 1800 training records; code: src/pdeobs/runner.py::_loader batches the 1800 training records without drop_last in one process; src/pdeobs/training.py takes one optimizer update per batch (no gradient accumulation)"", ""actual_optimizer_updates"": ""archived_campaign index health.optimizer_steps (health.json of the credited attempt)"", ""batch_size/optimizer/schedule"": ""resolved.yaml of the released model (digest bound to the verification index)"", ""completed_epochs"": ""prediction_verification index actual_epochs (history entries of the credited checkpoint)"", ""planned_epochs"": ""index.cohort_evidence.planned_epochs"", ""segment_note"": null, ""stop_reason"": ""derived: completed == planned == 500 and no early stopping configured"", ""training_status"": ""index.cohort_evidence.training_status""}"
train-af854c198b8b6efa,original500,,navier_stokes,deeponet,rollout,random_65pct,20260804,36cd356276a9e5497746e3505df8318c3b33ff1499ee5b9344ff209083c897c0,02a32aa781885c64a99bb6448cb7efc1e81e6586b99b4cb156fdb33690203912,f83002b378e9859e5917007a856c407a735ef90a14b97582a24f5ea0c89d0124,adam,0.001,0.0,step,"{""scheduler_gamma"": 0.5, ""scheduler_step_size"": 100}",1.0,4,1,1,False,500,500,225000,225000,equal,900000,fixed_500_epochs_last_checkpoint (original protocol; derived from planned epochs and no early stopping),max_epochs_500,completed,"complete_valid (nine strict blocks, 200 identities each)",<COMMIT-1>,2026-09-25 (pdeobs-prediction-verification/20260925-v1),"{""actual_examples_processed"": ""derived: completed epochs x 1800 training records; code: src/pdeobs/runner.py::_loader batches the 1800 training records without drop_last in one process; src/pdeobs/training.py takes one optimizer update per batch (no gradient accumulation)"", ""actual_optimizer_updates"": ""archived_campaign index health.optimizer_steps (health.json of the credited attempt)"", ""batch_size/optimizer/schedule"": ""resolved.yaml of the released model (digest bound to the verification index)"", ""completed_epochs"": ""prediction_verification index actual_epochs (history entries of the credited checkpoint)"", ""planned_epochs"": ""index.cohort_evidence.planned_epochs"", ""segment_note"": null, ""stop_reason"": ""derived: completed == planned == 500 and no early stopping configured"", ""training_status"": ""index.cohort_evidence.training_status""}"
train-c628a0870fede043,original500,,navier_stokes,deeponet,rollout,random_80pct,20260804,36cd356276a9e5497746e3505df8318c3b33ff1499ee5b9344ff209083c897c0,d36a877585c8ec8eb07d2f231306d69e6e10a913d445e3011d37c79af42ae871,9f4ee89aa340e2ff3459a0009bc2561fd4c11a843ca75a8002b3018158541f05,adam,0.001,0.0,step,"{""scheduler_gamma"": 0.5, ""scheduler_step_size"": 100}",1.0,4,1,1,False,500,500,225000,225000,equal,900000,fixed_500_epochs_last_checkpoint (original protocol; derived from planned epochs and no early stopping),max_epochs_500,completed,"complete_valid (nine strict blocks, 200 identities each)",<COMMIT-1>,2026-09-25 (pdeobs-prediction-verification/20260925-v1),"{""actual_examples_processed"": ""derived: completed epochs x 1800 training records; code: src/pdeobs/runner.py::_loader batches the 1800 training records without drop_last in one process; src/pdeobs/training.py takes one optimizer update per batch (no gradient accumulation)"", ""actual_optimizer_updates"": ""archived_campaign index health.optimizer_steps (health.json of the credited attempt)"", ""batch_size/optimizer/schedule"": ""resolved.yaml of the released model (digest bound to the verification index)"", ""completed_epochs"": ""prediction_verification index actual_epochs (history entries of the credited checkpoint)"", ""planned_epochs"": ""index.cohort_evidence.planned_epochs"", ""segment_note"": null, ""stop_reason"": ""derived: completed == planned == 500 and no early stopping configured"", ""training_status"": ""index.cohort_evidence.training_status""}"
train-bac47244e4adad2f,original500,,navier_stokes,deeponet,rollout,vertical_lines_50pct,20260804,36cd356276a9e5497746e3505df8318c3b33ff1499ee5b9344ff209083c897c0,3b01c1267f8f1904cd9ec738002e433be4e64a9ad610f7e1b3fae5bc78de1b37,70b383e6789299dcc75264ca53876a76c3392296841c1d50628a4281807f291a,adam,0.001,0.0,step,"{""scheduler_gamma"": 0.5, ""scheduler_step_size"": 100}",1.0,4,1,1,False,500,500,225000,225000,equal,900000,fixed_500_epochs_last_checkpoint (original protocol; derived from planned epochs and no early stopping),max_epochs_500,completed,"complete_valid (nine strict blocks, 200 identities each)",<COMMIT-1>,2026-09-25 (pdeobs-prediction-verification/20260925-v1),"{""actual_examples_processed"": ""derived: completed epochs x 1800 training records; code: src/pdeobs/runner.py::_loader batches the 1800 training records without drop_last in one process; src/pdeobs/training.py takes one optimizer update per batch (no gradient accumulation)"", ""actual_optimizer_updates"": ""archived_campaign index health.optimizer_steps (health.json of the credited attempt)"", ""batch_size/optimizer/schedule"": ""resolved.yaml of the released model (digest bound to the verification index)"", ""completed_epochs"": ""prediction_verification index actual_epochs (history entries of the credited checkpoint)"", ""planned_epochs"": ""index.cohort_evidence.planned_epochs"", ""segment_note"": null, ""stop_reason"": ""derived: completed == planned == 500 and no early stopping configured"", ""training_status"": ""index.cohort_evidence.training_status""}"
train-16c0abb552fca066,original500,,navier_stokes,fno,rollout,block_observed_50pct,20260804,36cd356276a9e5497746e3505df8318c3b33ff1499ee5b9344ff209083c897c0,c2cf7983c5350cd88651080ae8975b78aab8702cd6b2657ec2d55bc4642f766f,69133b4853784626114177f17933c3218d781a47163ead52d3dea9ffd90bc16b,adam,0.001,0.0001,step,"{""scheduler_gamma"": 0.5, ""scheduler_step_size"": 100}",1.0,8,1,1,False,500,500,112500,112500,equal,900000,fixed_500_epochs_last_checkpoint (original protocol; derived from planned epochs and no early stopping),max_epochs_500,completed,"complete_valid (nine strict blocks, 200 identities each)",<COMMIT-1>,2026-09-25 (pdeobs-prediction-verification/20260925-v1),"{""actual_examples_processed"": ""derived: completed epochs x 1800 training records; code: src/pdeobs/runner.py::_loader batches the 1800 training records without drop_last in one process; src/pdeobs/training.py takes one optimizer update per batch (no gradient accumulation)"", ""actual_optimizer_updates"": ""archived_campaign index health.optimizer_steps (health.json of the credited attempt)"", ""batch_size/optimizer/schedule"": ""resolved.yaml of the released model (digest bound to the verification index)"", ""completed_epochs"": ""prediction_verification index actual_epochs (history entries of the credited checkpoint)"", ""planned_epochs"": ""index.cohort_evidence.planned_epochs"", ""segment_note"": null, ""stop_reason"": ""derived: completed == planned == 500 and no early stopping configured"", ""training_status"": ""index.cohort_evidence.training_status""}"
train-3ad8421f73367f57,original500,,navier_stokes,fno,rollout,boundary_band_50pct,20260804,36cd356276a9e5497746e3505df8318c3b33ff1499ee5b9344ff209083c897c0,391391e9e58958cef9a0b0dd39960c89e3b3213b0d8f122e3075cc666f2cc2c3,35b756d020430d4c0b3c8a9df8528603f28f7933ef2a95359997afa697704ccc,adam,0.001,0.0001,step,"{""scheduler_gamma"": 0.5, ""scheduler_step_size"": 100}",1.0,8,1,1,False,500,500,112500,112500,equal,900000,fixed_500_epochs_last_checkpoint (original protocol; derived from planned epochs and no early stopping),max_epochs_500,completed,"complete_valid (nine strict blocks, 200 identities each)",<COMMIT-1>,2026-09-25 (pdeobs-prediction-verification/20260925-v1),"{""actual_examples_processed"": ""derived: completed epochs x 1800 training records; code: src/pdeobs/runner.py::_loader batches the 1800 training records without drop_last in one process; src/pdeobs/training.py takes one optimizer update per batch (no gradient accumulation)"", ""actual_optimizer_updates"": ""archived_campaign index health.optimizer_steps (health.json of the credited attempt)"", ""batch_size/optimizer/schedule"": ""resolved.yaml of the released model (digest bound to the verification index)"", ""completed_epochs"": ""prediction_verification index actual_epochs (history entries of the credited checkpoint)"", ""planned_epochs"": ""index.cohort_evidence.planned_epochs"", ""segment_note"": null, ""stop_reason"": ""derived: completed == planned == 500 and no early stopping configured"", ""training_status"": ""index.cohort_evidence.training_status""}"
train-42fac68261b402cd,original500,,navier_stokes,fno,rollout,clustered_50pct,20260804,36cd356276a9e5497746e3505df8318c3b33ff1499ee5b9344ff209083c897c0,d1b997cac7c5a8181be5bb9023e2d8afc41d54210536081c8eb70f861adbd080,add6378b3ebd97d5d29be69998b6997ece4ed172c35dc395126a9387ef68499e,adam,0.001,0.0001,step,"{""scheduler_gamma"": 0.5, ""scheduler_step_size"": 100}",1.0,8,1,1,False,500,500,112500,112500,equal,900000,fixed_500_epochs_last_checkpoint (original protocol; derived from planned epochs and no early stopping),max_epochs_500,completed,"complete_valid (nine strict blocks, 200 identities each)",<COMMIT-1>,2026-09-25 (pdeobs-prediction-verification/20260925-v1),"{""actual_examples_processed"": ""derived: completed epochs x 1800 training records; code: src/pdeobs/runner.py::_loader batches the 1800 training records without drop_last in one process; src/pdeobs/training.py takes one optimizer update per batch (no gradient accumulation)"", ""actual_optimizer_updates"": ""archived_campaign index health.optimizer_steps (health.json of the credited attempt)"", ""batch_size/optimizer/schedule"": ""resolved.yaml of the released model (digest bound to the verification index)"", ""completed_epochs"": ""prediction_verification index actual_epochs (history entries of the credited checkpoint)"", ""planned_epochs"": ""index.cohort_evidence.planned_epochs"", ""segment_note"": null, ""stop_reason"": ""derived: completed == planned == 500 and no early stopping configured"", ""training_status"": ""index.cohort_evidence.training_status""}"
train-abaa4d2791160e74,original500,,navier_stokes,fno,rollout,horizontal_lines_50pct,20260804,36cd356276a9e5497746e3505df8318c3b33ff1499ee5b9344ff209083c897c0,8ef9fa858c54ccef56139783cb81192de31e456d5a7b7e86e0abdc1bca3aa901,12008508bf384f135de594163e3cf91d509a31a253211046e71f3133c43d472b,adam,0.001,0.0001,step,"{""scheduler_gamma"": 0.5, ""scheduler_step_size"": 100}",1.0,8,1,1,False,500,500,112500,112500,equal,900000,fixed_500_epochs_last_checkpoint (original protocol; derived from planned epochs and no early stopping),max_epochs_500,completed,"complete_valid (nine strict blocks, 200 identities each)",<COMMIT-1>,2026-09-25 (pdeobs-prediction-verification/20260925-v1),"{""actual_examples_processed"": ""derived: completed epochs x 1800 training records; code: src/pdeobs/runner.py::_loader batches the 1800 training records without drop_last in one process; src/pdeobs/training.py takes one optimizer update per batch (no gradient accumulation)"", ""actual_optimizer_updates"": ""archived_campaign index health.optimizer_steps (health.json of the credited attempt)"", ""batch_size/optimizer/schedule"": ""resolved.yaml of the released model (digest bound to the verification index)"", ""completed_epochs"": ""prediction_verification index actual_epochs (history entries of the credited checkpoint)"", ""planned_epochs"": ""index.cohort_evidence.planned_epochs"", ""segment_note"": null, ""stop_reason"": ""derived: completed == planned == 500 and no early stopping configured"", ""training_status"": ""index.cohort_evidence.training_status""}"
train-a7796a79043550ef,original500,,navier_stokes,fno,rollout,line_sensors_50pct,20260804,36cd356276a9e5497746e3505df8318c3b33ff1499ee5b9344ff209083c897c0,2a67b2465d494d272c0856ce36cd57262b9443213108b6fc48e09cf872bd8c1c,0e5649c1cbae77592652d1caeb3b774266e7b1680ad8bdf512f0fbdf66f92436,adam,0.001,0.0001,step,"{""scheduler_gamma"": 0.5, ""scheduler_step_size"": 100}",1.0,8,1,1,False,500,500,112500,112500,equal,900000,fixed_500_epochs_last_checkpoint (original protocol; derived from planned epochs and no early stopping),max_epochs_500,completed,"complete_valid (nine strict blocks, 200 identities each)",<COMMIT-1>,2026-09-25 (pdeobs-prediction-verification/20260925-v1),"{""actual_examples_processed"": ""derived: completed epochs x 1800 training records; code: src/pdeobs/runner.py::_loader batches the 1800 training records without drop_last in one process; src/pdeobs/training.py takes one optimizer update per batch (no gradient accumulation)"", ""actual_optimizer_updates"": ""archived_campaign index health.optimizer_steps (health.json of the credited attempt)"", ""batch_size/optimizer/schedule"": ""resolved.yaml of the released model (digest bound to the verification index)"", ""completed_epochs"": ""prediction_verification index actual_epochs (history entries of the credited checkpoint)"", ""planned_epochs"": ""index.cohort_evidence.planned_epochs"", ""segment_note"": null, ""stop_reason"": ""derived: completed == planned == 500 and no early stopping configured"", ""training_status"": ""index.cohort_evidence.training_status""}"
train-85660caad67805d1,original500,,navier_stokes,fno,rollout,random_50pct,20260804,36cd356276a9e5497746e3505df8318c3b33ff1499ee5b9344ff209083c897c0,cafe15abd9f12675de90b37d43ca75f3bd22c9f3003dc37a52d13aa73ce7cc1c,8655baa2590c219c10529c3b525a12534f351a5b1665e34769c8ab902670ae8d,adam,0.001,0.0001,step,"{""scheduler_gamma"": 0.5, ""scheduler_step_size"": 100}",1.0,8,1,1,False,500,500,112500,112500,equal,900000,fixed_500_epochs_last_checkpoint (original protocol; derived from planned epochs and no early stopping),max_epochs_500,completed,"complete_valid (nine strict blocks, 200 identities each)",<COMMIT-1>,2026-09-25 (pdeobs-prediction-verification/20260925-v1),"{""actual_examples_processed"": ""derived: completed epochs x 1800 training records; code: src/pdeobs/runner.py::_loader batches the 1800 training records without drop_last in one process; src/pdeobs/training.py takes one optimizer update per batch (no gradient accumulation)"", ""actual_optimizer_updates"": ""archived_campaign index health.optimizer_steps (health.json of the credited attempt)"", ""batch_size/optimizer/schedule"": ""resolved.yaml of the released model (digest bound to the verification index)"", ""completed_epochs"": ""prediction_verification index actual_epochs (history entries of the credited checkpoint)"", ""planned_epochs"": ""index.cohort_evidence.planned_epochs"", ""segment_note"": null, ""stop_reason"": ""derived: completed == planned == 500 and no early stopping configured"", ""training_status"": ""index.cohort_evidence.training_status""}"
train-27b3e47b10a631d3,original500,,navier_stokes,fno,rollout,random_65pct,20260804,36cd356276a9e5497746e3505df8318c3b33ff1499ee5b9344ff209083c897c0,68aba3d6013cd3452a0d7a01f3455c3aa68ce9d0adb0376f0e58d9d1678140ae,e7e80d480136531b15ce4599af3f910d4b65c7cc8765674af426a759a7899934,adam,0.001,0.0001,step,"{""scheduler_gamma"": 0.5, ""scheduler_step_size"": 100}",1.0,8,1,1,False,500,500,112500,112500,equal,900000,fixed_500_epochs_last_checkpoint (original protocol; derived from planned epochs and no early stopping),max_epochs_500,completed,"complete_valid (nine strict blocks, 200 identities each)",<COMMIT-1>,2026-09-25 (pdeobs-prediction-verification/20260925-v1),"{""actual_examples_processed"": ""derived: completed epochs x 1800 training records; code: src/pdeobs/runner.py::_loader batches the 1800 training records without drop_last in one process; src/pdeobs/training.py takes one optimizer update per batch (no gradient accumulation)"", ""actual_optimizer_updates"": ""archived_campaign index health.optimizer_steps (health.json of the credited attempt)"", ""batch_size/optimizer/schedule"": ""resolved.yaml of the released model (digest bound to the verification index)"", ""completed_epochs"": ""prediction_verification index actual_epochs (history entries of the credited checkpoint)"", ""planned_epochs"": ""index.cohort_evidence.planned_epochs"", ""segment_note"": null, ""stop_reason"": ""derived: completed == planned == 500 and no early stopping configured"", ""training_status"": ""index.cohort_evidence.training_status""}"
train-f2537705800c31e4,original500,,navier_stokes,fno,rollout,random_80pct,20260804,36cd356276a9e5497746e3505df8318c3b33ff1499ee5b9344ff209083c897c0,fab640d5937b0fd2bba487678943f49981d77819714ccce78bae0361e45fd42b,93fd7b14a1ed13b016547e9f0f2990b6e9cd91d0efa40c0b8d5342cbc7ac711d,adam,0.001,0.0001,step,"{""scheduler_gamma"": 0.5, ""scheduler_step_size"": 100}",1.0,8,1,1,False,500,500,112500,112500,equal,900000,fixed_500_epochs_last_checkpoint (original protocol; derived from planned epochs and no early stopping),max_epochs_500,completed,"complete_valid (nine strict blocks, 200 identities each)",<COMMIT-1>,2026-09-25 (pdeobs-prediction-verification/20260925-v1),"{""actual_examples_processed"": ""derived: completed epochs x 1800 training records; code: src/pdeobs/runner.py::_loader batches the 1800 training records without drop_last in one process; src/pdeobs/training.py takes one optimizer update per batch (no gradient accumulation)"", ""actual_optimizer_updates"": ""archived_campaign index health.optimizer_steps (health.json of the credited attempt)"", ""batch_size/optimizer/schedule"": ""resolved.yaml of the released model (digest bound to the verification index)"", ""completed_epochs"": ""prediction_verification index actual_epochs (history entries of the credited checkpoint)"", ""planned_epochs"": ""index.cohort_evidence.planned_epochs"", ""segment_note"": null, ""stop_reason"": ""derived: completed == planned == 500 and no early stopping configured"", ""training_status"": ""index.cohort_evidence.training_status""}"
train-2e3ece0c40461d00,interrupted_or_recovered,,navier_stokes,fno,rollout,vertical_lines_50pct,20260804,36cd356276a9e5497746e3505df8318c3b33ff1499ee5b9344ff209083c897c0,b74f38a76b1bee10cec0242d70d2445f4366d27afaec8ce8ae4383fac4541819,be82f31a8736ea16780a89bdd5ba561861f30608c8065efed0a8e717c68e9c94,adam,0.001,0.0001,step,"{""scheduler_gamma"": 0.5, ""scheduler_step_size"": 100}",1.0,8,1,1,False,500,36,unknown,8100,unknown,64800,fixed_500_epochs_last_checkpoint (original protocol; derived from planned epochs and no early stopping),unknown,unknown,"complete_valid (nine strict blocks, 200 identities each)",<COMMIT-1>,2026-09-25 (pdeobs-prediction-verification/20260925-v1),"{""actual_examples_processed"": ""derived: completed epochs x 1800 training records; code: src/pdeobs/runner.py::_loader batches the 1800 training records without drop_last in one process; src/pdeobs/training.py takes one optimizer update per batch (no gradient accumulation)"", ""actual_optimizer_updates"": ""unknown: no optimizer step counter in the credited receipts"", ""batch_size/optimizer/schedule"": ""resolved.yaml of the released model (digest bound to the verification index)"", ""completed_epochs"": ""prediction_verification index actual_epochs (history entries of the credited checkpoint)"", ""planned_epochs"": ""index.cohort_evidence.planned_epochs"", ""segment_note"": null, ""stop_reason"": ""no stop reason recorded"", ""training_status"": ""archived health.status""}"
train-1c8328803b80fec4,fixed200_recovered,,navier_stokes,gnot,rollout,block_observed_50pct,20260804,36cd356276a9e5497746e3505df8318c3b33ff1499ee5b9344ff209083c897c0,4753c3b7885e6bf5f032cf6ab1ac3d5d7bc6cb41f711fc94c65549926a5ba173,2526c4234a178d07bae9f8975d56c7ccaa59a27aaf4f691b8d8c6ef47a70c2db,adamw,0.001,5e-05,one_cycle,"{""epochs"": 200, ""scheduler_anneal_strategy"": ""cos"", ""scheduler_div_factor"": 10000.0, ""scheduler_final_div_factor"": 10000.0, ""scheduler_pct_start"": 0.2}",1000.0,4,1,1,False,200,200,90000,90000,equal,360000,pdeobs.dynamic-method-budget/2026-09-14-r3,unknown,completed,"complete_valid (nine strict blocks, 200 identities each)",<COMMIT-1>,2026-09-25 (pdeobs-prediction-verification/20260925-v1),"{""actual_examples_processed"": ""derived: completed epochs x 1800 training records; code: src/pdeobs/runner.py::_loader batches the 1800 training records without drop_last in one process; src/pdeobs/training.py takes one optimizer update per batch (no gradient accumulation)"", ""actual_optimizer_updates"": ""archived_campaign index health.optimizer_steps (health.json of the credited attempt)"", ""batch_size/optimizer/schedule"": ""resolved.yaml of the released model (digest bound to the verification index)"", ""completed_epochs"": ""prediction_verification index actual_epochs (history entries of the credited checkpoint)"", ""planned_epochs"": ""index.cohort_evidence.planned_epochs"", ""segment_note"": null, ""stop_reason"": ""no stop reason recorded"", ""training_status"": ""index.cohort_evidence.training_status""}"
train-ba7a92c8d02a59bf,fixed200_recovered,,navier_stokes,gnot,rollout,boundary_band_50pct,20260804,36cd356276a9e5497746e3505df8318c3b33ff1499ee5b9344ff209083c897c0,430fa0ee91b4fc0cf9f3d64526bef86470fe891ffedcd0e1d86e4e642ba34df0,e2e04e6e7af0836b306cb643b2c90fc1fa0379f8ee58db60caa7739b17bdd320,adamw,0.001,5e-05,one_cycle,"{""epochs"": 200, ""scheduler_anneal_strategy"": ""cos"", ""scheduler_div_factor"": 10000.0, ""scheduler_final_div_factor"": 10000.0, ""scheduler_pct_start"": 0.2}",1000.0,4,1,1,False,200,200,90000,90000,equal,360000,pdeobs.dynamic-method-budget/2026-09-14-r3,unknown,completed,"complete_valid (nine strict blocks, 200 identities each)",<COMMIT-1>,2026-09-25 (pdeobs-prediction-verification/20260925-v1),"{""actual_examples_processed"": ""derived: completed epochs x 1800 training records; code: src/pdeobs/runner.py::_loader batches the 1800 training records without drop_last in one process; src/pdeobs/training.py takes one optimizer update per batch (no gradient accumulation)"", ""actual_optimizer_updates"": ""archived_campaign index health.optimizer_steps (health.json of the credited attempt)"", ""batch_size/optimizer/schedule"": ""resolved.yaml of the released model (digest bound to the verification index)"", ""completed_epochs"": ""prediction_verification index actual_epochs (history entries of the credited checkpoint)"", ""planned_epochs"": ""index.cohort_evidence.planned_epochs"", ""segment_note"": null, ""stop_reason"": ""no stop reason recorded"", ""training_status"": ""index.cohort_evidence.training_status""}"
train-4eb1ce8045c45cf9,fixed200_recovered,,navier_stokes,gnot,rollout,clustered_50pct,20260804,36cd356276a9e5497746e3505df8318c3b33ff1499ee5b9344ff209083c897c0,b0d663119d4a3cbe5ae5602a494b2110f34b24f45ee41a5d543c6be9bff45747,8a5c634ae13f0f1da33f01ebd7b97fa7f65b35d5451e5a5d63b87a260e72b91e,adamw,0.001,5e-05,one_cycle,"{""epochs"": 200, ""scheduler_anneal_strategy"": ""cos"", ""scheduler_div_factor"": 10000.0, ""scheduler_final_div_factor"": 10000.0, ""scheduler_pct_start"": 0.2}",1000.0,4,1,1,False,200,200,90000,90000,equal,360000,pdeobs.dynamic-method-budget/2026-09-14-r3,unknown,completed,"complete_valid (nine strict blocks, 200 identities each)",<COMMIT-1>,2026-09-25 (pdeobs-prediction-verification/20260925-v1),"{""actual_examples_processed"": ""derived: completed epochs x 1800 training records; code: src/pdeobs/runner.py::_loader batches the 1800 training records without drop_last in one process; src/pdeobs/training.py takes one optimizer update per batch (no gradient accumulation)"", ""actual_optimizer_updates"": ""archived_campaign index health.optimizer_steps (health.json of the credited attempt)"", ""batch_size/optimizer/schedule"": ""resolved.yaml of the released model (digest bound to the verification index)"", ""completed_epochs"": ""prediction_verification index actual_epochs (history entries of the credited checkpoint)"", ""planned_epochs"": ""index.cohort_evidence.planned_epochs"", ""segment_note"": null, ""stop_reason"": ""no stop reason recorded"", ""training_status"": ""index.cohort_evidence.training_status""}"
train-cfaa56ab482a74ea,fixed200_recovered,,navier_stokes,gnot,rollout,horizontal_lines_50pct,20260804,36cd356276a9e5497746e3505df8318c3b33ff1499ee5b9344ff209083c897c0,b400aee4c6fdf06e2c6fba6fbd1e9dd87f5bbb93a26086bc7dce0fec6d374add,77eaad813ae84afb00483dadade5b5c8d0c75b8024cfcf820f67892f13ab2ada,adamw,0.001,5e-05,one_cycle,"{""epochs"": 200, ""scheduler_anneal_strategy"": ""cos"", ""scheduler_div_factor"": 10000.0, ""scheduler_final_div_factor"": 10000.0, ""scheduler_pct_start"": 0.2}",1000.0,4,1,1,False,200,200,90000,90000,equal,360000,pdeobs.dynamic-method-budget/2026-09-14-r3,unknown,completed,"complete_valid (nine strict blocks, 200 identities each)",<COMMIT-1>,2026-09-25 (pdeobs-prediction-verification/20260925-v1),"{""actual_examples_processed"": ""derived: completed epochs x 1800 training records; code: src/pdeobs/runner.py::_loader batches the 1800 training records without drop_last in one process; src/pdeobs/training.py takes one optimizer update per batch (no gradient accumulation)"", ""actual_optimizer_updates"": ""archived_campaign index health.optimizer_steps (health.json of the credited attempt)"", ""batch_size/optimizer/schedule"": ""resolved.yaml of the released model (digest bound to the verification index)"", ""completed_epochs"": ""prediction_verification index actual_epochs (history entries of the credited checkpoint)"", ""planned_epochs"": ""index.cohort_evidence.planned_epochs"", ""segment_note"": null, ""stop_reason"": ""no stop reason recorded"", ""training_status"": ""index.cohort_evidence.training_status""}"
train-ca2ca6a9cf18bfd2,fixed200_recovered,,navier_stokes,gnot,rollout,line_sensors_50pct,20260804,36cd356276a9e5497746e3505df8318c3b33ff1499ee5b9344ff209083c897c0,3a003171d59f182f397e0b7861c56bd9f053acdadb8d8077d043d5402bc48157,cd369cd327c8a324d2270718c8dd2859b7dcc2644cc671179badb8d9031bee3c,adamw,0.001,5e-05,one_cycle,"{""epochs"": 200, ""scheduler_anneal_strategy"": ""cos"", ""scheduler_div_factor"": 10000.0, ""scheduler_final_div_factor"": 10000.0, ""scheduler_pct_start"": 0.2}",1000.0,4,1,1,False,200,200,90000,90000,equal,360000,pdeobs.dynamic-method-budget/2026-09-14-r3,unknown,completed,"complete_valid (nine strict blocks, 200 identities each)",<COMMIT-1>,2026-09-25 (pdeobs-prediction-verification/20260925-v1),"{""actual_examples_processed"": ""derived: completed epochs x 1800 training records; code: src/pdeobs/runner.py::_loader batches the 1800 training records without drop_last in one process; src/pdeobs/training.py takes one optimizer update per batch (no gradient accumulation)"", ""actual_optimizer_updates"": ""archived_campaign index health.optimizer_steps (health.json of the credited attempt)"", ""batch_size/optimizer/schedule"": ""resolved.yaml of the released model (digest bound to the verification index)"", ""completed_epochs"": ""prediction_verification index actual_epochs (history entries of the credited checkpoint)"", ""planned_epochs"": ""index.cohort_evidence.planned_epochs"", ""segment_note"": null, ""stop_reason"": ""no stop reason recorded"", ""training_status"": ""index.cohort_evidence.training_status""}"
train-4c3e415c70c28527,fixed200_recovered,,navier_stokes,gnot,rollout,random_50pct,20260804,36cd356276a9e5497746e3505df8318c3b33ff1499ee5b9344ff209083c897c0,e8a8c1c51463466219fb025879d6982141c01378b1b5701ae7328eb8c0e2bbb2,bdb29dc97d82d81a3ac98f5332b00db5d1384551a3e4caa597e83b446f0ab99a,adamw,0.001,5e-05,one_cycle,"{""epochs"": 200, ""scheduler_anneal_strategy"": ""cos"", ""scheduler_div_factor"": 10000.0, ""scheduler_final_div_factor"": 10000.0, ""scheduler_pct_start"": 0.2}",1000.0,4,1,1,False,200,200,90000,90000,equal,360000,pdeobs.dynamic-method-budget/2026-09-14-r3,unknown,completed,"complete_valid (nine strict blocks, 200 identities each)",<COMMIT-1>,2026-09-25 (pdeobs-prediction-verification/20260925-v1),"{""actual_examples_processed"": ""derived: completed epochs x 1800 training records; code: src/pdeobs/runner.py::_loader batches the 1800 training records without drop_last in one process; src/pdeobs/training.py takes one optimizer update per batch (no gradient accumulation)"", ""actual_optimizer_updates"": ""archived_campaign index health.optimizer_steps (health.json of the credited attempt)"", ""batch_size/optimizer/schedule"": ""resolved.yaml of the released model (digest bound to the verification index)"", ""completed_epochs"": ""prediction_verification index actual_epochs (history entries of the credited checkpoint)"", ""planned_epochs"": ""index.cohort_evidence.planned_epochs"", ""segment_note"": null, ""stop_reason"": ""no stop reason recorded"", ""training_status"": ""index.cohort_evidence.training_status""}"
train-c597413ecc282354,original500,,navier_stokes,gnot,rollout,random_65pct,20260804,36cd356276a9e5497746e3505df8318c3b33ff1499ee5b9344ff209083c897c0,b366b915edded714b6b9b8f4935a465de687a8652647d36cebc1cdd9ab70d76e,afc105ff16c1898b50576b3cb1de7eb08c4505c8399064c4cbdc6e1c739a6832,adamw,0.001,5e-05,one_cycle,"{""epochs"": 500, ""scheduler_anneal_strategy"": ""cos"", ""scheduler_div_factor"": 10000.0, ""scheduler_final_div_factor"": 10000.0, ""scheduler_pct_start"": 0.2}",1000.0,4,1,1,False,500,500,225000,225000,equal,900000,fixed_500_epochs_last_checkpoint (original protocol; derived from planned epochs and no early stopping),max_epochs_500,completed,"complete_valid (nine strict blocks, 200 identities each)",<COMMIT-1>,2026-09-25 (pdeobs-prediction-verification/20260925-v1),"{""actual_examples_processed"": ""derived: completed epochs x 1800 training records; code: src/pdeobs/runner.py::_loader batches the 1800 training records without drop_last in one process; src/pdeobs/training.py takes one optimizer update per batch (no gradient accumulation)"", ""actual_optimizer_updates"": ""archived_campaign index health.optimizer_steps (health.json of the credited attempt)"", ""batch_size/optimizer/schedule"": ""resolved.yaml of the released model (digest bound to the verification index)"", ""completed_epochs"": ""prediction_verification index actual_epochs (history entries of the credited checkpoint)"", ""planned_epochs"": ""index.cohort_evidence.planned_epochs"", ""segment_note"": null, ""stop_reason"": ""derived: completed == planned == 500 and no early stopping configured"", ""training_status"": ""index.cohort_evidence.training_status""}"
train-366ed576df694143,fixed200_recovered,,navier_stokes,gnot,rollout,random_80pct,20260804,36cd356276a9e5497746e3505df8318c3b33ff1499ee5b9344ff209083c897c0,e7970ef8e5f982ea0b474f59b0587c262d5313f40dfed5379b1859f16ecd55fc,533d40a30d022b96b37065df91c35458d97fe5a0e1dd27e58ca804c745d1524c,adamw,0.001,5e-05,one_cycle,"{""epochs"": 200, ""scheduler_anneal_strategy"": ""cos"", ""scheduler_div_factor"": 10000.0, ""scheduler_final_div_factor"": 10000.0, ""scheduler_pct_start"": 0.2}",1000.0,4,1,1,False,200,200,90000,90000,equal,360000,pdeobs.dynamic-method-budget/2026-09-14-r3,unknown,completed,"complete_valid (nine strict blocks, 200 identities each)",<COMMIT-1>,2026-09-25 (pdeobs-prediction-verification/20260925-v1),"{""actual_examples_processed"": ""derived: completed epochs x 1800 training records; code: src/pdeobs/runner.py::_loader batches the 1800 training records without drop_last in one process; src/pdeobs/training.py takes one optimizer update per batch (no gradient accumulation)"", ""actual_optimizer_updates"": ""archived_campaign index health.optimizer_steps (health.json of the credited attempt)"", ""batch_size/optimizer/schedule"": ""resolved.yaml of the released model (digest bound to the verification index)"", ""completed_epochs"": ""prediction_verification index actual_epochs (history entries of the credited checkpoint)"", ""planned_epochs"": ""index.cohort_evidence.planned_epochs"", ""segment_note"": null, ""stop_reason"": ""no stop reason recorded"", ""training_status"": ""index.cohort_evidence.training_status""}"
train-3009d86a12e6cdc2,fixed200_recovered,,navier_stokes,gnot,rollout,vertical_lines_50pct,20260804,36cd356276a9e5497746e3505df8318c3b33ff1499ee5b9344ff209083c897c0,044583f99436cd758f521ac807b7c753a85d194767c62ac14e4319efd1cf33bb,e371ed1dcce4cacbe8da329368a64c13e60d668f4593d319723a9f4601c36f46,adamw,0.001,5e-05,one_cycle,"{""epochs"": 200, ""scheduler_anneal_strategy"": ""cos"", ""scheduler_div_factor"": 10000.0, ""scheduler_final_div_factor"": 10000.0, ""scheduler_pct_start"": 0.2}",1000.0,4,1,1,False,200,200,90000,90000,equal,360000,pdeobs.dynamic-method-budget/2026-09-14-r3,unknown,completed,"complete_valid (nine strict blocks, 200 identities each)",<COMMIT-1>,2026-09-25 (pdeobs-prediction-verification/20260925-v1),"{""actual_examples_processed"": ""derived: completed epochs x 1800 training records; code: src/pdeobs/runner.py::_loader batches the 1800 training records without drop_last in one process; src/pdeobs/training.py takes one optimizer update per batch (no gradient accumulation)"", ""actual_optimizer_updates"": ""archived_campaign index health.optimizer_steps (health.json of the credited attempt)"", ""batch_size/optimizer/schedule"": ""resolved.yaml of the released model (digest bound to the verification index)"", ""completed_epochs"": ""prediction_verification index actual_epochs (history entries of the credited checkpoint)"", ""planned_epochs"": ""index.cohort_evidence.planned_epochs"", ""segment_note"": null, ""stop_reason"": ""no stop reason recorded"", ""training_status"": ""index.cohort_evidence.training_status""}"
train-ded90561f12c4479,original500_recovered,,navier_stokes,pino,rollout,block_observed_50pct,20260804,36cd356276a9e5497746e3505df8318c3b33ff1499ee5b9344ff209083c897c0,7947ad7eced06f657d9b4e9fc449c1b10583b83faaf53f725b2374dc7ea56a14,2f88558972d9baee9b32461864eb995166ad78a470f54ba3715c37a023d248bf,adam,0.001,0.0,step,"{""scheduler_gamma"": 0.5, ""scheduler_step_size"": 100}",1.0,4,1,1,False,500,500,225000,225000,equal,900000,pdeobs.dynamic-method-budget/2026-09-14-r3,max_epochs_500,completed,"complete_valid (nine strict blocks, 200 identities each)",<COMMIT-1>,2026-09-25 (pdeobs-prediction-verification/20260925-v1),"{""actual_examples_processed"": ""derived: completed epochs x 1800 training records; code: src/pdeobs/runner.py::_loader batches the 1800 training records without drop_last in one process; src/pdeobs/training.py takes one optimizer update per batch (no gradient accumulation)"", ""actual_optimizer_updates"": ""archived_campaign index health.optimizer_steps (health.json of the credited attempt)"", ""batch_size/optimizer/schedule"": ""resolved.yaml of the released model (digest bound to the verification index)"", ""completed_epochs"": ""prediction_verification index actual_epochs (history entries of the credited checkpoint)"", ""planned_epochs"": ""index.cohort_evidence.planned_epochs"", ""segment_note"": null, ""stop_reason"": ""derived: completed == planned == 500 and no early stopping configured"", ""training_status"": ""index.cohort_evidence.training_status""}"
train-84caaac3721756f2,original500_recovered,,navier_stokes,pino,rollout,boundary_band_50pct,20260804,36cd356276a9e5497746e3505df8318c3b33ff1499ee5b9344ff209083c897c0,05b768a799c8f1795115e98c54325766ce8b67a27e98b725a98f0f0bdb0f6b43,27a4eab733d5736f3d4299ef6fbbf0f4378e32b54942d188413c908ad3399cdc,adam,0.001,0.0,step,"{""scheduler_gamma"": 0.5, ""scheduler_step_size"": 100}",1.0,4,1,1,False,500,500,225000,225000,equal,900000,pdeobs.dynamic-method-budget/2026-09-14-r3,max_epochs_500,completed,"complete_valid (nine strict blocks, 200 identities each)",<COMMIT-1>,2026-09-25 (pdeobs-prediction-verification/20260925-v1),"{""actual_examples_processed"": ""derived: completed epochs x 1800 training records; code: src/pdeobs/runner.py::_loader batches the 1800 training records without drop_last in one process; src/pdeobs/training.py takes one optimizer update per batch (no gradient accumulation)"", ""actual_optimizer_updates"": ""archived_campaign index health.optimizer_steps (health.json of the credited attempt)"", ""batch_size/optimizer/schedule"": ""resolved.yaml of the released model (digest bound to the verification index)"", ""completed_epochs"": ""prediction_verification index actual_epochs (history entries of the credited checkpoint)"", ""planned_epochs"": ""index.cohort_evidence.planned_epochs"", ""segment_note"": null, ""stop_reason"": ""derived: completed == planned == 500 and no early stopping configured"", ""training_status"": ""index.cohort_evidence.training_status""}"
train-f785f4f622d36726,original500_recovered,,navier_stokes,pino,rollout,clustered_50pct,20260804,36cd356276a9e5497746e3505df8318c3b33ff1499ee5b9344ff209083c897c0,7b3a7ba9d325bb684e1d2b7dfa53d16cafb362175e40f5fcd7b6578e5ceda81f,223ebf7665cfe6dc029c4a252687d0d2732e402315658baa87262e0620d5eb37,adam,0.001,0.0,step,"{""scheduler_gamma"": 0.5, ""scheduler_step_size"": 100}",1.0,4,1,1,False,500,500,225000,225000,equal,900000,pdeobs.dynamic-method-budget/2026-09-14-r3,max_epochs_500,completed,"complete_valid (nine strict blocks, 200 identities each)",<COMMIT-1>,2026-09-25 (pdeobs-prediction-verification/20260925-v1),"{""actual_examples_processed"": ""derived: completed epochs x 1800 training records; code: src/pdeobs/runner.py::_loader batches the 1800 training records without drop_last in one process; src/pdeobs/training.py takes one optimizer update per batch (no gradient accumulation)"", ""actual_optimizer_updates"": ""archived_campaign index health.optimizer_steps (health.json of the credited attempt)"", ""batch_size/optimizer/schedule"": ""resolved.yaml of the released model (digest bound to the verification index)"", ""completed_epochs"": ""prediction_verification index actual_epochs (history entries of the credited checkpoint)"", ""planned_epochs"": ""index.cohort_evidence.planned_epochs"", ""segment_note"": null, ""stop_reason"": ""derived: completed == planned == 500 and no early stopping configured"", ""training_status"": ""index.cohort_evidence.training_status""}"
train-85e39fadd07dbce7,original500_recovered,,navier_stokes,pino,rollout,horizontal_lines_50pct,20260804,36cd356276a9e5497746e3505df8318c3b33ff1499ee5b9344ff209083c897c0,3e493d6a62f6d478064625356ed4a15f76ebcaf7a060a1614c426bc96f660f6b,8bb2bc15b44585dee1d8c753b3a0246a98d394331c87dad78b8748667ca55e9e,adam,0.001,0.0,step,"{""scheduler_gamma"": 0.5, ""scheduler_step_size"": 100}",1.0,4,1,1,False,500,500,225000,225000,equal,900000,pdeobs.dynamic-method-budget/2026-09-14-r3,max_epochs_500,completed,"complete_valid (nine strict blocks, 200 identities each)",<COMMIT-1>,2026-09-25 (pdeobs-prediction-verification/20260925-v1),"{""actual_examples_processed"": ""derived: completed epochs x 1800 training records; code: src/pdeobs/runner.py::_loader batches the 1800 training records without drop_last in one process; src/pdeobs/training.py takes one optimizer update per batch (no gradient accumulation)"", ""actual_optimizer_updates"": ""archived_campaign index health.optimizer_steps (health.json of the credited attempt)"", ""batch_size/optimizer/schedule"": ""resolved.yaml of the released model (digest bound to the verification index)"", ""completed_epochs"": ""prediction_verification index actual_epochs (history entries of the credited checkpoint)"", ""planned_epochs"": ""index.cohort_evidence.planned_epochs"", ""segment_note"": null, ""stop_reason"": ""derived: completed == planned == 500 and no early stopping configured"", ""training_status"": ""index.cohort_evidence.training_status""}"
train-f61da836cec8c98e,original500_recovered,,navier_stokes,pino,rollout,line_sensors_50pct,20260804,36cd356276a9e5497746e3505df8318c3b33ff1499ee5b9344ff209083c897c0,1a7087a98eff00c160eae4e47998b9766dbf1f8b415bd298d98e6fa91a6b38a8,06b1e7987c4b22c10e0fd0e795a106194d1ae0fd960eb63378114e879d2e54ac,adam,0.001,0.0,step,"{""scheduler_gamma"": 0.5, ""scheduler_step_size"": 100}",1.0,4,1,1,False,500,500,225000,225000,equal,900000,pdeobs.dynamic-method-budget/2026-09-14-r3,max_epochs_500,completed,"complete_valid (nine strict blocks, 200 identities each)",<COMMIT-1>,2026-09-25 (pdeobs-prediction-verification/20260925-v1),"{""actual_examples_processed"": ""derived: completed epochs x 1800 training records; code: src/pdeobs/runner.py::_loader batches the 1800 training records without drop_last in one process; src/pdeobs/training.py takes one optimizer update per batch (no gradient accumulation)"", ""actual_optimizer_updates"": ""archived_campaign index health.optimizer_steps (health.json of the credited attempt)"", ""batch_size/optimizer/schedule"": ""resolved.yaml of the released model (digest bound to the verification index)"", ""completed_epochs"": ""prediction_verification index actual_epochs (history entries of the credited checkpoint)"", ""planned_epochs"": ""index.cohort_evidence.planned_epochs"", ""segment_note"": null, ""stop_reason"": ""derived: completed == planned == 500 and no early stopping configured"", ""training_status"": ""index.cohort_evidence.training_status""}"
train-a35407c5dad31f44,original500_recovered,,navier_stokes,pino,rollout,random_50pct,20260804,36cd356276a9e5497746e3505df8318c3b33ff1499ee5b9344ff209083c897c0,e5f72550772292511614fde93334d8502534dbc0c1557b29ef2d6d4bd72b857e,74afebeab2c3e573a793eb27d3942e4a8694a8d0d5329773248d20e01349aa6e,adam,0.001,0.0,step,"{""scheduler_gamma"": 0.5, ""scheduler_step_size"": 100}",1.0,4,1,1,False,500,500,225000,225000,equal,900000,pdeobs.dynamic-method-budget/2026-09-14-r3,max_epochs_500,completed,"complete_valid (nine strict blocks, 200 identities each)",<COMMIT-1>,2026-09-25 (pdeobs-prediction-verification/20260925-v1),"{""actual_examples_processed"": ""derived: completed epochs x 1800 training records; code: src/pdeobs/runner.py::_loader batches the 1800 training records without drop_last in one process; src/pdeobs/training.py takes one optimizer update per batch (no gradient accumulation)"", ""actual_optimizer_updates"": ""archived_campaign index health.optimizer_steps (health.json of the credited attempt)"", ""batch_size/optimizer/schedule"": ""resolved.yaml of the released model (digest bound to the verification index)"", ""completed_epochs"": ""prediction_verification index actual_epochs (history entries of the credited checkpoint)"", ""planned_epochs"": ""index.cohort_evidence.planned_epochs"", ""segment_note"": null, ""stop_reason"": ""derived: completed == planned == 500 and no early stopping configured"", ""training_status"": ""index.cohort_evidence.training_status""}"
train-d2e37a458338684b,original500_recovered,,navier_stokes,pino,rollout,random_65pct,20260804,36cd356276a9e5497746e3505df8318c3b33ff1499ee5b9344ff209083c897c0,e927fdc1630797fd27295b2351b7b2dd7802fd66458aeb70dfbcc1b7f25d10f6,1a351130e377e352b5de5a93572d9a1cbea8a49e99d74d445d1130aa469fb3e0,adam,0.001,0.0,step,"{""scheduler_gamma"": 0.5, ""scheduler_step_size"": 100}",1.0,4,1,1,False,500,500,225000,225000,equal,900000,pdeobs.dynamic-method-budget/2026-09-14-r3,max_epochs_500,completed,"complete_valid (nine strict blocks, 200 identities each)",<COMMIT-1>,2026-09-25 (pdeobs-prediction-verification/20260925-v1),"{""actual_examples_processed"": ""derived: completed epochs x 1800 training records; code: src/pdeobs/runner.py::_loader batches the 1800 training records without drop_last in one process; src/pdeobs/training.py takes one optimizer update per batch (no gradient accumulation)"", ""actual_optimizer_updates"": ""archived_campaign index health.optimizer_steps (health.json of the credited attempt)"", ""batch_size/optimizer/schedule"": ""resolved.yaml of the released model (digest bound to the verification index)"", ""completed_epochs"": ""prediction_verification index actual_epochs (history entries of the credited checkpoint)"", ""planned_epochs"": ""index.cohort_evidence.planned_epochs"", ""segment_note"": null, ""stop_reason"": ""derived: completed == planned == 500 and no early stopping configured"", ""training_status"": ""index.cohort_evidence.training_status""}"
train-8fa6cfd32628b4b5,original500_recovered,,navier_stokes,pino,rollout,random_80pct,20260804,36cd356276a9e5497746e3505df8318c3b33ff1499ee5b9344ff209083c897c0,1d0fd5ac6ba125d280acf83ff4f58ad63dc0f0871848b98797ae9027e8356a36,be78b0c310e16e121fdca725a7a0f05da9431cacfbfcea4bc0eb07a959a074b1,adam,0.001,0.0,step,"{""scheduler_gamma"": 0.5, ""scheduler_step_size"": 100}",1.0,4,1,1,False,500,500,225000,225000,equal,900000,pdeobs.dynamic-method-budget/2026-09-14-r3,max_epochs_500,completed,"complete_valid (nine strict blocks, 200 identities each)",<COMMIT-1>,2026-09-25 (pdeobs-prediction-verification/20260925-v1),"{""actual_examples_processed"": ""derived: completed epochs x 1800 training records; code: src/pdeobs/runner.py::_loader batches the 1800 training records without drop_last in one process; src/pdeobs/training.py takes one optimizer update per batch (no gradient accumulation)"", ""actual_optimizer_updates"": ""archived_campaign index health.optimizer_steps (health.json of the credited attempt)"", ""batch_size/optimizer/schedule"": ""resolved.yaml of the released model (digest bound to the verification index)"", ""completed_epochs"": ""prediction_verification index actual_epochs (history entries of the credited checkpoint)"", ""planned_epochs"": ""index.cohort_evidence.planned_epochs"", ""segment_note"": null, ""stop_reason"": ""derived: completed == planned == 500 and no early stopping configured"", ""training_status"": ""index.cohort_evidence.training_status""}"
train-ddb380ef60e5c144,original500_recovered,,navier_stokes,pino,rollout,vertical_lines_50pct,20260804,36cd356276a9e5497746e3505df8318c3b33ff1499ee5b9344ff209083c897c0,ec7c86108b31b706eab5c99824c3083434058fdd53479747feb3657eba760896,4e92c0826bb5daa5d0c2c9637f896f8ee71b4bb475de8c5efa915bbe193bfa62,adam,0.001,0.0,step,"{""scheduler_gamma"": 0.5, ""scheduler_step_size"": 100}",1.0,4,1,1,False,500,500,225000,225000,equal,900000,pdeobs.dynamic-method-budget/2026-09-14-r3,max_epochs_500,completed,"complete_valid (nine strict blocks, 200 identities each)",<COMMIT-1>,2026-09-25 (pdeobs-prediction-verification/20260925-v1),"{""actual_examples_processed"": ""derived: completed epochs x 1800 training records; code: src/pdeobs/runner.py::_loader batches the 1800 training records without drop_last in one process; src/pdeobs/training.py takes one optimizer update per batch (no gradient accumulation)"", ""actual_optimizer_updates"": ""archived_campaign index health.optimizer_steps (health.json of the credited attempt)"", ""batch_size/optimizer/schedule"": ""resolved.yaml of the released model (digest bound to the verification index)"", ""completed_epochs"": ""prediction_verification index actual_epochs (history entries of the credited checkpoint)"", ""planned_epochs"": ""index.cohort_evidence.planned_epochs"", ""segment_note"": null, ""stop_reason"": ""derived: completed == planned == 500 and no early stopping configured"", ""training_status"": ""index.cohort_evidence.training_status""}"
train-ad796921c0f156a8,budget200_min120,,navier_stokes,transolver,rollout,block_observed_50pct,20260804,36cd356276a9e5497746e3505df8318c3b33ff1499ee5b9344ff209083c897c0,b7fac47ca313cbf44afebf882a6005e0cf3c05982b836e65a123cf09b35993da,461c021eb467bed71633691dcbb84074d3fe9db8580f8218521ef75b660e7e06,adamw,0.0005,1e-05,one_cycle,"{""epochs"": 200, ""scheduler_anneal_strategy"": ""cos"", ""scheduler_div_factor"": 25.0, ""scheduler_final_div_factor"": 10000.0, ""scheduler_pct_start"": 0.3}",1.0,2,1,1,False,200,200,180000,180000,equal,360000,pdeobs.max200-min120-then-train-data-patience10/20260920,max_epochs_200,completed,"complete_valid (nine strict blocks, 200 identities each)",<COMMIT-1>,2026-09-25 (pdeobs-prediction-verification/20260925-v1),"{""actual_examples_processed"": ""derived: completed epochs x 1800 training records; code: src/pdeobs/runner.py::_loader batches the 1800 training records without drop_last in one process; src/pdeobs/training.py takes one optimizer update per batch (no gradient accumulation)"", ""actual_optimizer_updates"": ""archived_campaign index health.optimizer_steps (health.json of the credited attempt)"", ""batch_size/optimizer/schedule"": ""resolved.yaml of the released model (digest bound to the verification index)"", ""completed_epochs"": ""prediction_verification index actual_epochs (history entries of the credited checkpoint)"", ""planned_epochs"": ""index.cohort_evidence.planned_epochs"", ""segment_note"": null, ""stop_reason"": ""index.stop_reason"", ""training_status"": ""index.cohort_evidence.training_status""}"
train-3ad5d36242ae500d,budget200_min120,,navier_stokes,transolver,rollout,boundary_band_50pct,20260804,36cd356276a9e5497746e3505df8318c3b33ff1499ee5b9344ff209083c897c0,808d0bd472122ac213c9df33a5fe976d4bc2d8c158f6b78d211caa01e58e4e43,d6ea6bd44613327e063cd2ab43d271ef534d1da6a799f366262b1cb262ec8c21,adamw,0.0005,1e-05,one_cycle,"{""epochs"": 200, ""scheduler_anneal_strategy"": ""cos"", ""scheduler_div_factor"": 25.0, ""scheduler_final_div_factor"": 10000.0, ""scheduler_pct_start"": 0.3}",1.0,2,1,1,False,200,200,180000,180000,equal,360000,pdeobs.max200-min120-then-train-data-patience10/20260920,max_epochs_200,completed,"complete_valid (nine strict blocks, 200 identities each)",<COMMIT-1>,2026-09-25 (pdeobs-prediction-verification/20260925-v1),"{""actual_examples_processed"": ""derived: completed epochs x 1800 training records; code: src/pdeobs/runner.py::_loader batches the 1800 training records without drop_last in one process; src/pdeobs/training.py takes one optimizer update per batch (no gradient accumulation)"", ""actual_optimizer_updates"": ""archived_campaign index health.optimizer_steps (health.json of the credited attempt)"", ""batch_size/optimizer/schedule"": ""resolved.yaml of the released model (digest bound to the verification index)"", ""completed_epochs"": ""prediction_verification index actual_epochs (history entries of the credited checkpoint)"", ""planned_epochs"": ""index.cohort_evidence.planned_epochs"", ""segment_note"": null, ""stop_reason"": ""index.stop_reason"", ""training_status"": ""index.cohort_evidence.training_status""}"
train-5c2b314a5d413e2d,budget200_min120,,navier_stokes,transolver,rollout,clustered_50pct,20260804,36cd356276a9e5497746e3505df8318c3b33ff1499ee5b9344ff209083c897c0,8b78afa8b860c6c6ec3ab49a06c4225b1cf7b46692b3b13eafea19514de77be7,8a513fbbbe99df2709d1cfd59dbddcfefb5b5c523123d1d1bcdc9ac7715af8de,adamw,0.00025,1e-05,one_cycle,"{""epochs"": 200, ""scheduler_anneal_strategy"": ""cos"", ""scheduler_div_factor"": 25.0, ""scheduler_final_div_factor"": 10000.0, ""scheduler_pct_start"": 0.3}",0.5,2,1,1,False,200,200,180000,180000,equal,360000,pdeobs.max200-min120-then-train-data-patience10/20260920,max_epochs_200,completed,"complete_valid (nine strict blocks, 200 identities each)",<COMMIT-1>,2026-09-25 (pdeobs-prediction-verification/20260925-v1),"{""actual_examples_processed"": ""derived: completed epochs x 1800 training records; code: src/pdeobs/runner.py::_loader batches the 1800 training records without drop_last in one process; src/pdeobs/training.py takes one optimizer update per batch (no gradient accumulation)"", ""actual_optimizer_updates"": ""archived_campaign index health.optimizer_steps (health.json of the credited attempt)"", ""batch_size/optimizer/schedule"": ""resolved.yaml of the released model (digest bound to the verification index)"", ""completed_epochs"": ""prediction_verification index actual_epochs (history entries of the credited checkpoint)"", ""planned_epochs"": ""index.cohort_evidence.planned_epochs"", ""segment_note"": null, ""stop_reason"": ""index.stop_reason"", ""training_status"": ""index.cohort_evidence.training_status""}"
train-3470efce4eddc198,budget200_patience10_no_floor,,navier_stokes,transolver,rollout,horizontal_lines_50pct,20260804,36cd356276a9e5497746e3505df8318c3b33ff1499ee5b9344ff209083c897c0,b275a6644735234a6596b8f63855b0e1bcbb5550f319494aba148cb88f2ec539,c668a4c6680c16bade28f4108265ac81d5fc8f95cec87bc3224e50a5629edbdb,adamw,0.001,1e-05,one_cycle,"{""epochs"": 200, ""scheduler_anneal_strategy"": ""cos"", ""scheduler_div_factor"": 25.0, ""scheduler_final_div_factor"": 10000.0, ""scheduler_pct_start"": 0.3}",,2,1,1,False,200,31,27900,27900,equal,55800,pdeobs.max200-train-data-patience10/20260920,train_data_patience_10,completed,"complete_valid (nine strict blocks, 200 identities each)",<COMMIT-1>,2026-09-25 (pdeobs-prediction-verification/20260925-v1),"{""actual_examples_processed"": ""derived: completed epochs x 1800 training records; code: src/pdeobs/runner.py::_loader batches the 1800 training records without drop_last in one process; src/pdeobs/training.py takes one optimizer update per batch (no gradient accumulation)"", ""actual_optimizer_updates"": ""archived_campaign index health.optimizer_steps (health.json of the credited attempt)"", ""batch_size/optimizer/schedule"": ""resolved.yaml of the released model (digest bound to the verification index)"", ""completed_epochs"": ""prediction_verification index actual_epochs (history entries of the credited checkpoint)"", ""planned_epochs"": ""index.cohort_evidence.planned_epochs"", ""segment_note"": null, ""stop_reason"": ""index.stop_reason"", ""training_status"": ""index.cohort_evidence.training_status""}"
train-7a605b1d0a4f59c6,budget200_min120,,navier_stokes,transolver,rollout,line_sensors_50pct,20260804,36cd356276a9e5497746e3505df8318c3b33ff1499ee5b9344ff209083c897c0,7bc559ac86d8eba275011a689c39722c0fa93a6513b6478847aeeb20c7e753ff,39767d7d78423dbe0ec9df6a48f83ee915e4a5dc74e976201ea14347dca4a570,adamw,0.0005,1e-05,one_cycle,"{""epochs"": 200, ""scheduler_anneal_strategy"": ""cos"", ""scheduler_div_factor"": 25.0, ""scheduler_final_div_factor"": 10000.0, ""scheduler_pct_start"": 0.3}",1.0,2,1,1,False,200,200,180000,180000,equal,360000,pdeobs.max200-min120-then-train-data-patience10/20260920,max_epochs_200,completed,"complete_valid (nine strict blocks, 200 identities each)",<COMMIT-1>,2026-09-25 (pdeobs-prediction-verification/20260925-v1),"{""actual_examples_processed"": ""derived: completed epochs x 1800 training records; code: src/pdeobs/runner.py::_loader batches the 1800 training records without drop_last in one process; src/pdeobs/training.py takes one optimizer update per batch (no gradient accumulation)"", ""actual_optimizer_updates"": ""archived_campaign index health.optimizer_steps (health.json of the credited attempt)"", ""batch_size/optimizer/schedule"": ""resolved.yaml of the released model (digest bound to the verification index)"", ""completed_epochs"": ""prediction_verification index actual_epochs (history entries of the credited checkpoint)"", ""planned_epochs"": ""index.cohort_evidence.planned_epochs"", ""segment_note"": null, ""stop_reason"": ""index.stop_reason"", ""training_status"": ""index.cohort_evidence.training_status""}"
train-2efd0be3b2dc3825,budget200_min120,,navier_stokes,transolver,rollout,random_50pct,20260804,36cd356276a9e5497746e3505df8318c3b33ff1499ee5b9344ff209083c897c0,698865c842d38fa1a71ad099821b3a91ec017e983d45a78ee67337b93d38d8d1,63e01fcb9824ebf1332e3d01f85236bae30fd2ad14e711466636c8488bfe73ee,adamw,0.0005,1e-05,one_cycle,"{""epochs"": 200, ""scheduler_anneal_strategy"": ""cos"", ""scheduler_div_factor"": 25.0, ""scheduler_final_div_factor"": 10000.0, ""scheduler_pct_start"": 0.3}",1.0,2,1,1,False,200,200,180000,180000,equal,360000,pdeobs.max200-min120-then-train-data-patience10/20260920,max_epochs_200,completed,"complete_valid (nine strict blocks, 200 identities each)",<COMMIT-1>,2026-09-25 (pdeobs-prediction-verification/20260925-v1),"{""actual_examples_processed"": ""derived: completed epochs x 1800 training records; code: src/pdeobs/runner.py::_loader batches the 1800 training records without drop_last in one process; src/pdeobs/training.py takes one optimizer update per batch (no gradient accumulation)"", ""actual_optimizer_updates"": ""archived_campaign index health.optimizer_steps (health.json of the credited attempt)"", ""batch_size/optimizer/schedule"": ""resolved.yaml of the released model (digest bound to the verification index)"", ""completed_epochs"": ""prediction_verification index actual_epochs (history entries of the credited checkpoint)"", ""planned_epochs"": ""index.cohort_evidence.planned_epochs"", ""segment_note"": null, ""stop_reason"": ""index.stop_reason"", ""training_status"": ""index.cohort_evidence.training_status""}"
train-023ab613a67b4c92,budget200_min120,,navier_stokes,transolver,rollout,random_65pct,20260804,36cd356276a9e5497746e3505df8318c3b33ff1499ee5b9344ff209083c897c0,70b97d370c60129a6078da64a0f657297287578722b23ff9f2481b46a865206c,43a7a28dc3bedfe2dbd6514763e665e7013e0ad5a72064ea2ea30d95311779d9,adamw,0.0005,1e-05,one_cycle,"{""epochs"": 200, ""scheduler_anneal_strategy"": ""cos"", ""scheduler_div_factor"": 25.0, ""scheduler_final_div_factor"": 10000.0, ""scheduler_pct_start"": 0.3}",1.0,2,1,1,False,200,200,180000,180000,equal,360000,pdeobs.max200-min120-then-train-data-patience10/20260920,max_epochs_200,completed,"complete_valid (nine strict blocks, 200 identities each)",<COMMIT-1>,2026-09-25 (pdeobs-prediction-verification/20260925-v1),"{""actual_examples_processed"": ""derived: completed epochs x 1800 training records; code: src/pdeobs/runner.py::_loader batches the 1800 training records without drop_last in one process; src/pdeobs/training.py takes one optimizer update per batch (no gradient accumulation)"", ""actual_optimizer_updates"": ""archived_campaign index health.optimizer_steps (health.json of the credited attempt)"", ""batch_size/optimizer/schedule"": ""resolved.yaml of the released model (digest bound to the verification index)"", ""completed_epochs"": ""prediction_verification index actual_epochs (history entries of the credited checkpoint)"", ""planned_epochs"": ""index.cohort_evidence.planned_epochs"", ""segment_note"": null, ""stop_reason"": ""index.stop_reason"", ""training_status"": ""index.cohort_evidence.training_status""}"
train-8b96696e16aac8b8,budget200_min120,,navier_stokes,transolver,rollout,random_80pct,20260804,36cd356276a9e5497746e3505df8318c3b33ff1499ee5b9344ff209083c897c0,dd4e3fb17631cdd7bbd37902ade9b0447114dbf73db2eea4873c75541d513a43,b3ad12b35f7a2e1ee4f2096a80e431b43d870b3be7bffe0a2a1ee2ad8b7ceddf,adamw,0.0005,1e-05,one_cycle,"{""epochs"": 200, ""scheduler_anneal_strategy"": ""cos"", ""scheduler_div_factor"": 25.0, ""scheduler_final_div_factor"": 10000.0, ""scheduler_pct_start"": 0.3}",1.0,2,1,1,False,200,200,180000,180000,equal,360000,pdeobs.max200-min120-then-train-data-patience10/20260920,max_epochs_200,completed,"complete_valid (nine strict blocks, 200 identities each)",<COMMIT-1>,2026-09-25 (pdeobs-prediction-verification/20260925-v1),"{""actual_examples_processed"": ""derived: completed epochs x 1800 training records; code: src/pdeobs/runner.py::_loader batches the 1800 training records without drop_last in one process; src/pdeobs/training.py takes one optimizer update per batch (no gradient accumulation)"", ""actual_optimizer_updates"": ""archived_campaign index health.optimizer_steps (health.json of the credited attempt)"", ""batch_size/optimizer/schedule"": ""resolved.yaml of the released model (digest bound to the verification index)"", ""completed_epochs"": ""prediction_verification index actual_epochs (history entries of the credited checkpoint)"", ""planned_epochs"": ""index.cohort_evidence.planned_epochs"", ""segment_note"": null, ""stop_reason"": ""index.stop_reason"", ""training_status"": ""index.cohort_evidence.training_status""}"
train-892ee270960126cc,budget200_min120,,navier_stokes,transolver,rollout,vertical_lines_50pct,20260804,36cd356276a9e5497746e3505df8318c3b33ff1499ee5b9344ff209083c897c0,1b09628337ad98e77f71e93e76c582d38fa37195acf3f9888c5d4f1b57d9e699,350dd73b33e53692d7cd3285395024aef4a228a4693f2107685efd09b51f860d,adamw,0.0005,1e-05,one_cycle,"{""epochs"": 200, ""scheduler_anneal_strategy"": ""cos"", ""scheduler_div_factor"": 25.0, ""scheduler_final_div_factor"": 10000.0, ""scheduler_pct_start"": 0.3}",1.0,2,1,1,False,200,200,180000,180000,equal,360000,pdeobs.max200-min120-then-train-data-patience10/20260920,max_epochs_200,completed,"complete_valid (nine strict blocks, 200 identities each)",<COMMIT-1>,2026-09-25 (pdeobs-prediction-verification/20260925-v1),"{""actual_examples_processed"": ""derived: completed epochs x 1800 training records; code: src/pdeobs/runner.py::_loader batches the 1800 training records without drop_last in one process; src/pdeobs/training.py takes one optimizer update per batch (no gradient accumulation)"", ""actual_optimizer_updates"": ""archived_campaign index health.optimizer_steps (health.json of the credited attempt)"", ""batch_size/optimizer/schedule"": ""resolved.yaml of the released model (digest bound to the verification index)"", ""completed_epochs"": ""prediction_verification index actual_epochs (history entries of the credited checkpoint)"", ""planned_epochs"": ""index.cohort_evidence.planned_epochs"", ""segment_note"": null, ""stop_reason"": ""index.stop_reason"", ""training_status"": ""index.cohort_evidence.training_status""}"
train-6a0d3fa8ac614c22,original500_recovered,,navier_stokes,ufno_2d,rollout,block_observed_50pct,20260804,36cd356276a9e5497746e3505df8318c3b33ff1499ee5b9344ff209083c897c0,0209c3f69d64e1619521b109d4093951a9a3fe8762784fcb43606152bf27e83e,253a683616196863215e17722eae010cd552a886314a8f49984403c7b59eb9c4,adam,0.001,0.0001,step,"{""scheduler_gamma"": 0.5, ""scheduler_step_size"": 100}",1.0,4,1,1,False,500,500,225000,225000,equal,900000,pdeobs.dynamic-method-budget/2026-09-14-r3,max_epochs_500,completed,"complete_valid (nine strict blocks, 200 identities each)",<COMMIT-1>,2026-09-25 (pdeobs-prediction-verification/20260925-v1),"{""actual_examples_processed"": ""derived: completed epochs x 1800 training records; code: src/pdeobs/runner.py::_loader batches the 1800 training records without drop_last in one process; src/pdeobs/training.py takes one optimizer update per batch (no gradient accumulation)"", ""actual_optimizer_updates"": ""archived_campaign index health.optimizer_steps (health.json of the credited attempt)"", ""batch_size/optimizer/schedule"": ""resolved.yaml of the released model (digest bound to the verification index)"", ""completed_epochs"": ""prediction_verification index actual_epochs (history entries of the credited checkpoint)"", ""planned_epochs"": ""index.cohort_evidence.planned_epochs"", ""segment_note"": null, ""stop_reason"": ""derived: completed == planned == 500 and no early stopping configured"", ""training_status"": ""index.cohort_evidence.training_status""}"
train-263611a9531920db,original500,,navier_stokes,ufno_2d,rollout,boundary_band_50pct,20260804,36cd356276a9e5497746e3505df8318c3b33ff1499ee5b9344ff209083c897c0,3133d43187ff0602783a864634ad391bcc56d53145471366bc482c6a64926eea,b4a2514bb7a47690b86dfc40b6e322d2c1d4e474c4d5e8ba169a71c6247e891e,adam,0.001,0.0001,step,"{""scheduler_gamma"": 0.5, ""scheduler_step_size"": 100}",1.0,4,1,1,False,500,500,225000,225000,equal,900000,fixed_500_epochs_last_checkpoint (original protocol; derived from planned epochs and no early stopping),max_epochs_500,completed,"complete_valid (nine strict blocks, 200 identities each)",<COMMIT-1>,2026-09-25 (pdeobs-prediction-verification/20260925-v1),"{""actual_examples_processed"": ""derived: completed epochs x 1800 training records; code: src/pdeobs/runner.py::_loader batches the 1800 training records without drop_last in one process; src/pdeobs/training.py takes one optimizer update per batch (no gradient accumulation)"", ""actual_optimizer_updates"": ""archived_campaign index health.optimizer_steps (health.json of the credited attempt)"", ""batch_size/optimizer/schedule"": ""resolved.yaml of the released model (digest bound to the verification index)"", ""completed_epochs"": ""prediction_verification index actual_epochs (history entries of the credited checkpoint)"", ""planned_epochs"": ""index.cohort_evidence.planned_epochs"", ""segment_note"": null, ""stop_reason"": ""derived: completed == planned == 500 and no early stopping configured"", ""training_status"": ""index.cohort_evidence.training_status""}"
train-59d33e61bed4d7e2,original500_recovered,,navier_stokes,ufno_2d,rollout,clustered_50pct,20260804,36cd356276a9e5497746e3505df8318c3b33ff1499ee5b9344ff209083c897c0,d2a3f30f39eb02250c02984c11ba1943f2ff8f4816d33871c4aca256f1bbcf61,9979f5ffbcbd301a30ce93b9f9d719ea64288fcb4d98a2c89f8a4b94ca2ad4f0,adam,0.001,0.0001,step,"{""scheduler_gamma"": 0.5, ""scheduler_step_size"": 100}",1.0,4,1,1,False,500,500,225000,225000,equal,900000,pdeobs.dynamic-method-budget/2026-09-14-r3,max_epochs_500,completed,"complete_valid (nine strict blocks, 200 identities each)",<COMMIT-1>,2026-09-25 (pdeobs-prediction-verification/20260925-v1),"{""actual_examples_processed"": ""derived: completed epochs x 1800 training records; code: src/pdeobs/runner.py::_loader batches the 1800 training records without drop_last in one process; src/pdeobs/training.py takes one optimizer update per batch (no gradient accumulation)"", ""actual_optimizer_updates"": ""archived_campaign index health.optimizer_steps (health.json of the credited attempt)"", ""batch_size/optimizer/schedule"": ""resolved.yaml of the released model (digest bound to the verification index)"", ""completed_epochs"": ""prediction_verification index actual_epochs (history entries of the credited checkpoint)"", ""planned_epochs"": ""index.cohort_evidence.planned_epochs"", ""segment_note"": null, ""stop_reason"": ""derived: completed == planned == 500 and no early stopping configured"", ""training_status"": ""index.cohort_evidence.training_status""}"
train-49d1a992853ed9cc,original500_recovered,,navier_stokes,ufno_2d,rollout,horizontal_lines_50pct,20260804,36cd356276a9e5497746e3505df8318c3b33ff1499ee5b9344ff209083c897c0,998d2ce8b3ab7a490bcefd14515ae135b1d9e563cb61b3ac98f6c697fe6c3f57,7735aa78ea06d250c213007ee12bac528758de1cd608fecbf3d068a32499515b,adam,0.001,0.0001,step,"{""scheduler_gamma"": 0.5, ""scheduler_step_size"": 100}",1.0,4,1,1,False,500,500,225000,225000,equal,900000,pdeobs.dynamic-method-budget/2026-09-14-r3,max_epochs_500,completed,"complete_valid (nine strict blocks, 200 identities each)",<COMMIT-1>,2026-09-25 (pdeobs-prediction-verification/20260925-v1),"{""actual_examples_processed"": ""derived: completed epochs x 1800 training records; code: src/pdeobs/runner.py::_loader batches the 1800 training records without drop_last in one process; src/pdeobs/training.py takes one optimizer update per batch (no gradient accumulation)"", ""actual_optimizer_updates"": ""archived_campaign index health.optimizer_steps (health.json of the credited attempt)"", ""batch_size/optimizer/schedule"": ""resolved.yaml of the released model (digest bound to the verification index)"", ""completed_epochs"": ""prediction_verification index actual_epochs (history entries of the credited checkpoint)"", ""planned_epochs"": ""index.cohort_evidence.planned_epochs"", ""segment_note"": null, ""stop_reason"": ""derived: completed == planned == 500 and no early stopping configured"", ""training_status"": ""index.cohort_evidence.training_status""}"
train-afb52b4c98301fe3,original500_recovered,,navier_stokes,ufno_2d,rollout,line_sensors_50pct,20260804,36cd356276a9e5497746e3505df8318c3b33ff1499ee5b9344ff209083c897c0,13cc67009842424c05c26d4380d2a3cb48f48feb6d25ee087cd8c8a49c4fbb24,bcc2356fd3f0745fb731b8e12d5fd9b0d8269c7a062ce24a7016c0c847a89392,adam,0.001,0.0001,step,"{""scheduler_gamma"": 0.5, ""scheduler_step_size"": 100}",1.0,4,1,1,False,500,500,225000,225000,equal,900000,pdeobs.dynamic-method-budget/2026-09-14-r3,max_epochs_500,completed,"complete_valid (nine strict blocks, 200 identities each)",<COMMIT-1>,2026-09-25 (pdeobs-prediction-verification/20260925-v1),"{""actual_examples_processed"": ""derived: completed epochs x 1800 training records; code: src/pdeobs/runner.py::_loader batches the 1800 training records without drop_last in one process; src/pdeobs/training.py takes one optimizer update per batch (no gradient accumulation)"", ""actual_optimizer_updates"": ""archived_campaign index health.optimizer_steps (health.json of the credited attempt)"", ""batch_size/optimizer/schedule"": ""resolved.yaml of the released model (digest bound to the verification index)"", ""completed_epochs"": ""prediction_verification index actual_epochs (history entries of the credited checkpoint)"", ""planned_epochs"": ""index.cohort_evidence.planned_epochs"", ""segment_note"": null, ""stop_reason"": ""derived: completed == planned == 500 and no early stopping configured"", ""training_status"": ""index.cohort_evidence.training_status""}"
train-da69e0947e96345e,original500_recovered,,navier_stokes,ufno_2d,rollout,random_50pct,20260804,36cd356276a9e5497746e3505df8318c3b33ff1499ee5b9344ff209083c897c0,714389f0befb7baaeaddd48fcdf54fb1b7e76f4c4b68d28784ac3396c037fb1c,35fde55c6f247417af602a979302e74c6ec30afe3ac597c6013b38c791e4ae9f,adam,0.001,0.0001,step,"{""scheduler_gamma"": 0.5, ""scheduler_step_size"": 100}",1.0,4,1,1,False,500,500,225000,225000,equal,900000,pdeobs.dynamic-method-budget/2026-09-14-r3,max_epochs_500,completed,"complete_valid (nine strict blocks, 200 identities each)",<COMMIT-1>,2026-09-25 (pdeobs-prediction-verification/20260925-v1),"{""actual_examples_processed"": ""derived: completed epochs x 1800 training records; code: src/pdeobs/runner.py::_loader batches the 1800 training records without drop_last in one process; src/pdeobs/training.py takes one optimizer update per batch (no gradient accumulation)"", ""actual_optimizer_updates"": ""archived_campaign index health.optimizer_steps (health.json of the credited attempt)"", ""batch_size/optimizer/schedule"": ""resolved.yaml of the released model (digest bound to the verification index)"", ""completed_epochs"": ""prediction_verification index actual_epochs (history entries of the credited checkpoint)"", ""planned_epochs"": ""index.cohort_evidence.planned_epochs"", ""segment_note"": null, ""stop_reason"": ""derived: completed == planned == 500 and no early stopping configured"", ""training_status"": ""index.cohort_evidence.training_status""}"
train-d5011981c0d8ac4a,original500_recovered,,navier_stokes,ufno_2d,rollout,random_65pct,20260804,36cd356276a9e5497746e3505df8318c3b33ff1499ee5b9344ff209083c897c0,9c8dc6f8504cb59bd254fab84ea89f48c7aff7400d966801a1b34bb60dd4b501,ee78320908a48a21937fec768ce527a253d0b1badf3d9939c6da6f68e5fb57e9,adam,0.001,0.0001,step,"{""scheduler_gamma"": 0.5, ""scheduler_step_size"": 100}",1.0,4,1,1,False,500,500,225000,225000,equal,900000,pdeobs.dynamic-method-budget/2026-09-14-r3,max_epochs_500,completed,"complete_valid (nine strict blocks, 200 identities each)",<COMMIT-1>,2026-09-25 (pdeobs-prediction-verification/20260925-v1),"{""actual_examples_processed"": ""derived: completed epochs x 1800 training records; code: src/pdeobs/runner.py::_loader batches the 1800 training records without drop_last in one process; src/pdeobs/training.py takes one optimizer update per batch (no gradient accumulation)"", ""actual_optimizer_updates"": ""archived_campaign index health.optimizer_steps (health.json of the credited attempt)"", ""batch_size/optimizer/schedule"": ""resolved.yaml of the released model (digest bound to the verification index)"", ""completed_epochs"": ""prediction_verification index actual_epochs (history entries of the credited checkpoint)"", ""planned_epochs"": ""index.cohort_evidence.planned_epochs"", ""segment_note"": null, ""stop_reason"": ""derived: completed == planned == 500 and no early stopping configured"", ""training_status"": ""index.cohort_evidence.training_status""}"
train-7cba472b5b7d8195,original500_recovered,,navier_stokes,ufno_2d,rollout,random_80pct,20260804,36cd356276a9e5497746e3505df8318c3b33ff1499ee5b9344ff209083c897c0,cc59378d4241e443e6a2cd31943ebaf82975dd6a7b09b0a3bc3680f04754dff4,d145c8776c1afc6a99483f3cf2130cb4b3bc0fc16f3c9357257e5f7858bb4ecb,adam,0.001,0.0001,step,"{""scheduler_gamma"": 0.5, ""scheduler_step_size"": 100}",1.0,4,1,1,False,500,500,225000,225000,equal,900000,pdeobs.dynamic-method-budget/2026-09-14-r3,max_epochs_500,completed,"complete_valid (nine strict blocks, 200 identities each)",<COMMIT-1>,2026-09-25 (pdeobs-prediction-verification/20260925-v1),"{""actual_examples_processed"": ""derived: completed epochs x 1800 training records; code: src/pdeobs/runner.py::_loader batches the 1800 training records without drop_last in one process; src/pdeobs/training.py takes one optimizer update per batch (no gradient accumulation)"", ""actual_optimizer_updates"": ""archived_campaign index health.optimizer_steps (health.json of the credited attempt)"", ""batch_size/optimizer/schedule"": ""resolved.yaml of the released model (digest bound to the verification index)"", ""completed_epochs"": ""prediction_verification index actual_epochs (history entries of the credited checkpoint)"", ""planned_epochs"": ""index.cohort_evidence.planned_epochs"", ""segment_note"": null, ""stop_reason"": ""derived: completed == planned == 500 and no early stopping configured"", ""training_status"": ""index.cohort_evidence.training_status""}"
train-64d28dcbbb68b7c4,original500_recovered,,navier_stokes,ufno_2d,rollout,vertical_lines_50pct,20260804,36cd356276a9e5497746e3505df8318c3b33ff1499ee5b9344ff209083c897c0,2e21d80c935dad2642f32ade18a4df3800d8109683e60d6f2fe19fb8bffc91ce,020e592658902eae6c964c764e9b3e135cf47a105cdfdb1f93aba571db3e2638,adam,0.001,0.0001,step,"{""scheduler_gamma"": 0.5, ""scheduler_step_size"": 100}",1.0,4,1,1,False,500,500,225000,225000,equal,900000,pdeobs.dynamic-method-budget/2026-09-14-r3,max_epochs_500,completed,"complete_valid (nine strict blocks, 200 identities each)",<COMMIT-1>,2026-09-25 (pdeobs-prediction-verification/20260925-v1),"{""actual_examples_processed"": ""derived: completed epochs x 1800 training records; code: src/pdeobs/runner.py::_loader batches the 1800 training records without drop_last in one process; src/pdeobs/training.py takes one optimizer update per batch (no gradient accumulation)"", ""actual_optimizer_updates"": ""archived_campaign index health.optimizer_steps (health.json of the credited attempt)"", ""batch_size/optimizer/schedule"": ""resolved.yaml of the released model (digest bound to the verification index)"", ""completed_epochs"": ""prediction_verification index actual_epochs (history entries of the credited checkpoint)"", ""planned_epochs"": ""index.cohort_evidence.planned_epochs"", ""segment_note"": null, ""stop_reason"": ""derived: completed == planned == 500 and no early stopping configured"", ""training_status"": ""index.cohort_evidence.training_status""}"
train-5530de8bda4d8bf0,original500,,poisson,cno,recovery,block_observed_50pct,20260804,b2c755cab822354e9c2c5778ff0fdc96006765377b213e4da1d891f7b3518534,8e976a8132d85852ca85e067cf2cbff7af0ef5fa8391f34234579b8634fb4a81,9b2d00293518924d3d78dd48c382f699f3a17cf5f2ea1ae00481f308692d8a19,adamw,0.001,1e-06,step,"{""scheduler_gamma"": 0.5, ""scheduler_step_size"": 100}",1.0,8,1,1,False,500,500,112500,112500,equal,900000,fixed_500_epochs_last_checkpoint (original protocol; derived from planned epochs and no early stopping),max_epochs_500,completed,"complete_valid (nine strict blocks, 200 identities each)",<COMMIT-1>,2026-09-25 (pdeobs-prediction-verification/20260925-v1),"{""actual_examples_processed"": ""derived: completed epochs x 1800 training records; code: src/pdeobs/runner.py::_loader batches the 1800 training records without drop_last in one process; src/pdeobs/training.py takes one optimizer update per batch (no gradient accumulation)"", ""actual_optimizer_updates"": ""archived_campaign index health.optimizer_steps (health.json of the credited attempt)"", ""batch_size/optimizer/schedule"": ""resolved.yaml of the released model (digest bound to the verification index)"", ""completed_epochs"": ""prediction_verification index actual_epochs (history entries of the credited checkpoint)"", ""planned_epochs"": ""index.cohort_evidence.planned_epochs"", ""segment_note"": null, ""stop_reason"": ""derived: completed == planned == 500 and no early stopping configured"", ""training_status"": ""index.cohort_evidence.training_status""}"
train-683a4fd9f76eda0c,original500,,poisson,cno,recovery,boundary_band_50pct,20260804,b2c755cab822354e9c2c5778ff0fdc96006765377b213e4da1d891f7b3518534,32961b54852676c03c5dac9f15c9485be1b920fa6813cce50ef253ce0ab3a54f,1e93c2b1d83f74e09604c0b3a7bb97854926f9f5b03d55853e466876e4295d62,adamw,0.001,1e-06,step,"{""scheduler_gamma"": 0.5, ""scheduler_step_size"": 100}",1.0,8,1,1,False,500,500,112500,112500,equal,900000,fixed_500_epochs_last_checkpoint (original protocol; derived from planned epochs and no early stopping),max_epochs_500,completed,"complete_valid (nine strict blocks, 200 identities each)",<COMMIT-1>,2026-09-25 (pdeobs-prediction-verification/20260925-v1),"{""actual_examples_processed"": ""derived: completed epochs x 1800 training records; code: src/pdeobs/runner.py::_loader batches the 1800 training records without drop_last in one process; src/pdeobs/training.py takes one optimizer update per batch (no gradient accumulation)"", ""actual_optimizer_updates"": ""archived_campaign index health.optimizer_steps (health.json of the credited attempt)"", ""batch_size/optimizer/schedule"": ""resolved.yaml of the released model (digest bound to the verification index)"", ""completed_epochs"": ""prediction_verification index actual_epochs (history entries of the credited checkpoint)"", ""planned_epochs"": ""index.cohort_evidence.planned_epochs"", ""segment_note"": null, ""stop_reason"": ""derived: completed == planned == 500 and no early stopping configured"", ""training_status"": ""index.cohort_evidence.training_status""}"
train-01a22b848062b03f,original500,,poisson,cno,recovery,clustered_50pct,20260804,b2c755cab822354e9c2c5778ff0fdc96006765377b213e4da1d891f7b3518534,e619b4d1c2bbd876d70780d7ac34d9b234359deab325bf0a2ab8f760fcaf46e9,1ff3e754a5164b1f4c9dc8e0060d44dbc771f580f973653a5842c380ad955265,adamw,0.001,1e-06,step,"{""scheduler_gamma"": 0.5, ""scheduler_step_size"": 100}",1.0,8,1,1,False,500,500,112500,112500,equal,900000,fixed_500_epochs_last_checkpoint (original protocol; derived from planned epochs and no early stopping),max_epochs_500,completed,"complete_valid (nine strict blocks, 200 identities each)",<COMMIT-1>,2026-09-25 (pdeobs-prediction-verification/20260925-v1),"{""actual_examples_processed"": ""derived: completed epochs x 1800 training records; code: src/pdeobs/runner.py::_loader batches the 1800 training records without drop_last in one process; src/pdeobs/training.py takes one optimizer update per batch (no gradient accumulation)"", ""actual_optimizer_updates"": ""archived_campaign index health.optimizer_steps (health.json of the credited attempt)"", ""batch_size/optimizer/schedule"": ""resolved.yaml of the released model (digest bound to the verification index)"", ""completed_epochs"": ""prediction_verification index actual_epochs (history entries of the credited checkpoint)"", ""planned_epochs"": ""index.cohort_evidence.planned_epochs"", ""segment_note"": null, ""stop_reason"": ""derived: completed == planned == 500 and no early stopping configured"", ""training_status"": ""index.cohort_evidence.training_status""}"
train-5adfab26d7c935df,original500,,poisson,cno,recovery,horizontal_lines_50pct,20260804,b2c755cab822354e9c2c5778ff0fdc96006765377b213e4da1d891f7b3518534,b05c000b9ca275f61d915418f27593908d9c152208cdbb725041c9ab03f08d29,08adfadaf30bb47b06d33e519cc8d3ad99c78bd734c3150e311dffbb7a19ef74,adamw,0.001,1e-06,step,"{""scheduler_gamma"": 0.5, ""scheduler_step_size"": 100}",1.0,8,1,1,False,500,500,112500,112500,equal,900000,fixed_500_epochs_last_checkpoint (original protocol; derived from planned epochs and no early stopping),max_epochs_500,completed,"complete_valid (nine strict blocks, 200 identities each)",<COMMIT-1>,2026-09-25 (pdeobs-prediction-verification/20260925-v1),"{""actual_examples_processed"": ""derived: completed epochs x 1800 training records; code: src/pdeobs/runner.py::_loader batches the 1800 training records without drop_last in one process; src/pdeobs/training.py takes one optimizer update per batch (no gradient accumulation)"", ""actual_optimizer_updates"": ""archived_campaign index health.optimizer_steps (health.json of the credited attempt)"", ""batch_size/optimizer/schedule"": ""resolved.yaml of the released model (digest bound to the verification index)"", ""completed_epochs"": ""prediction_verification index actual_epochs (history entries of the credited checkpoint)"", ""planned_epochs"": ""index.cohort_evidence.planned_epochs"", ""segment_note"": null, ""stop_reason"": ""derived: completed == planned == 500 and no early stopping configured"", ""training_status"": ""index.cohort_evidence.training_status""}"
train-e8c6650c7a503215,original500,,poisson,cno,recovery,line_sensors_50pct,20260804,b2c755cab822354e9c2c5778ff0fdc96006765377b213e4da1d891f7b3518534,a66b9824941e0054442372ba401e6e74f21ef3bed03990eeb2f38809b67d03b7,9a12ae3c134fac1ac5a219078e9ec455df92a6f92d173ca3876df98e98fc7082,adamw,0.001,1e-06,step,"{""scheduler_gamma"": 0.5, ""scheduler_step_size"": 100}",1.0,8,1,1,False,500,500,112500,112500,equal,900000,fixed_500_epochs_last_checkpoint (original protocol; derived from planned epochs and no early stopping),max_epochs_500,completed,"complete_valid (nine strict blocks, 200 identities each)",<COMMIT-1>,2026-09-25 (pdeobs-prediction-verification/20260925-v1),"{""actual_examples_processed"": ""derived: completed epochs x 1800 training records; code: src/pdeobs/runner.py::_loader batches the 1800 training records without drop_last in one process; src/pdeobs/training.py takes one optimizer update per batch (no gradient accumulation)"", ""actual_optimizer_updates"": ""archived_campaign index health.optimizer_steps (health.json of the credited attempt)"", ""batch_size/optimizer/schedule"": ""resolved.yaml of the released model (digest bound to the verification index)"", ""completed_epochs"": ""prediction_verification index actual_epochs (history entries of the credited checkpoint)"", ""planned_epochs"": ""index.cohort_evidence.planned_epochs"", ""segment_note"": null, ""stop_reason"": ""derived: completed == planned == 500 and no early stopping configured"", ""training_status"": ""index.cohort_evidence.training_status""}"
train-e4de13d4f8081ab7,interrupted_or_recovered,,poisson,cno,recovery,random_50pct,20260804,b2c755cab822354e9c2c5778ff0fdc96006765377b213e4da1d891f7b3518534,e08d5351e9fe5d86bd40307f27b8f963b1fb63f6e4ea62c619d1a0ebb053ae51,aeb1206342fe8d7016ad97c65894306de029d1c6e13405c27fce1a18b7aa3406,adamw,0.001,1e-06,step,"{""scheduler_gamma"": 0.5, ""scheduler_step_size"": 100}",1.0,8,1,1,False,500,275,unknown,61875,unknown,495000,fixed_500_epochs_last_checkpoint (original protocol; derived from planned epochs and no early stopping),unknown,unknown,"complete_valid (nine strict blocks, 200 identities each)",<COMMIT-1>,2026-09-25 (pdeobs-prediction-verification/20260925-v1),"{""actual_examples_processed"": ""derived: completed epochs x 1800 training records; code: src/pdeobs/runner.py::_loader batches the 1800 training records without drop_last in one process; src/pdeobs/training.py takes one optimizer update per batch (no gradient accumulation)"", ""actual_optimizer_updates"": ""unknown: no optimizer step counter in the credited receipts"", ""batch_size/optimizer/schedule"": ""resolved.yaml of the released model (digest bound to the verification index)"", ""completed_epochs"": ""prediction_verification index actual_epochs (history entries of the credited checkpoint)"", ""planned_epochs"": ""index.cohort_evidence.planned_epochs"", ""segment_note"": null, ""stop_reason"": ""no stop reason recorded"", ""training_status"": ""archived health.status""}"
train-e6e498d1d4e54948,original500,,poisson,cno,recovery,random_65pct,20260804,b2c755cab822354e9c2c5778ff0fdc96006765377b213e4da1d891f7b3518534,ed30028f476083a34c2f4384ea49a9f01593d67ed3a627d7a432e4b2d14a6e82,7c558b608295a466652abf037856630678d4d24edd802c45fc4f063d2104481e,adamw,0.001,1e-06,step,"{""scheduler_gamma"": 0.5, ""scheduler_step_size"": 100}",1.0,8,1,1,False,500,500,112500,112500,equal,900000,fixed_500_epochs_last_checkpoint (original protocol; derived from planned epochs and no early stopping),max_epochs_500,completed,"complete_valid (nine strict blocks, 200 identities each)",<COMMIT-1>,2026-09-25 (pdeobs-prediction-verification/20260925-v1),"{""actual_examples_processed"": ""derived: completed epochs x 1800 training records; code: src/pdeobs/runner.py::_loader batches the 1800 training records without drop_last in one process; src/pdeobs/training.py takes one optimizer update per batch (no gradient accumulation)"", ""actual_optimizer_updates"": ""archived_campaign index health.optimizer_steps (health.json of the credited attempt)"", ""batch_size/optimizer/schedule"": ""resolved.yaml of the released model (digest bound to the verification index)"", ""completed_epochs"": ""prediction_verification index actual_epochs (history entries of the credited checkpoint)"", ""planned_epochs"": ""index.cohort_evidence.planned_epochs"", ""segment_note"": null, ""stop_reason"": ""derived: completed == planned == 500 and no early stopping configured"", ""training_status"": ""index.cohort_evidence.training_status""}"
train-38059b51e261218a,original500,,poisson,cno,recovery,random_80pct,20260804,b2c755cab822354e9c2c5778ff0fdc96006765377b213e4da1d891f7b3518534,b0d262b4e03e0b4f44fec674f434e19e1168c3d839da2162f077354ecacaaf9c,3d1d01564a0b49537af8eeaf9d7777f36fe6cd13793e2b95d09e7e6abb7467bf,adamw,0.001,1e-06,step,"{""scheduler_gamma"": 0.5, ""scheduler_step_size"": 100}",1.0,8,1,1,False,500,500,112500,112500,equal,900000,fixed_500_epochs_last_checkpoint (original protocol; derived from planned epochs and no early stopping),max_epochs_500,completed,"complete_valid (nine strict blocks, 200 identities each)",<COMMIT-1>,2026-09-25 (pdeobs-prediction-verification/20260925-v1),"{""actual_examples_processed"": ""derived: completed epochs x 1800 training records; code: src/pdeobs/runner.py::_loader batches the 1800 training records without drop_last in one process; src/pdeobs/training.py takes one optimizer update per batch (no gradient accumulation)"", ""actual_optimizer_updates"": ""archived_campaign index health.optimizer_steps (health.json of the credited attempt)"", ""batch_size/optimizer/schedule"": ""resolved.yaml of the released model (digest bound to the verification index)"", ""completed_epochs"": ""prediction_verification index actual_epochs (history entries of the credited checkpoint)"", ""planned_epochs"": ""index.cohort_evidence.planned_epochs"", ""segment_note"": null, ""stop_reason"": ""derived: completed == planned == 500 and no early stopping configured"", ""training_status"": ""index.cohort_evidence.training_status""}"
train-01e452facf8da9a8,original500,,poisson,cno,recovery,vertical_lines_50pct,20260804,b2c755cab822354e9c2c5778ff0fdc96006765377b213e4da1d891f7b3518534,e5bd664dce11d1802790964e2d2ab18522e22bf9713f8d9e2339f5aa1ff36f59,b089679b6b40aa327375cc417f991ff5ef3063e6fcf92ae41591a01e039dd389,adamw,0.001,1e-06,step,"{""scheduler_gamma"": 0.5, ""scheduler_step_size"": 100}",1.0,8,1,1,False,500,500,112500,112500,equal,900000,fixed_500_epochs_last_checkpoint (original protocol; derived from planned epochs and no early stopping),max_epochs_500,completed,"complete_valid (nine strict blocks, 200 identities each)",<COMMIT-1>,2026-09-25 (pdeobs-prediction-verification/20260925-v1),"{""actual_examples_processed"": ""derived: completed epochs x 1800 training records; code: src/pdeobs/runner.py::_loader batches the 1800 training records without drop_last in one process; src/pdeobs/training.py takes one optimizer update per batch (no gradient accumulation)"", ""actual_optimizer_updates"": ""archived_campaign index health.optimizer_steps (health.json of the credited attempt)"", ""batch_size/optimizer/schedule"": ""resolved.yaml of the released model (digest bound to the verification index)"", ""completed_epochs"": ""prediction_verification index actual_epochs (history entries of the credited checkpoint)"", ""planned_epochs"": ""index.cohort_evidence.planned_epochs"", ""segment_note"": null, ""stop_reason"": ""derived: completed == planned == 500 and no early stopping configured"", ""training_status"": ""index.cohort_evidence.training_status""}"
train-62c6aad0117369ff,original500,,poisson,deeponet,recovery,block_observed_50pct,20260804,b2c755cab822354e9c2c5778ff0fdc96006765377b213e4da1d891f7b3518534,d0d3cb02080688320fc72587f835e1844c37d8485ec534da6efaa405d2e472ca,4ad595c817226fc09dae04db4ce3bf8cc27a15c00833da90a4b280953981b947,adam,0.001,0.0,step,"{""scheduler_gamma"": 0.5, ""scheduler_step_size"": 100}",1.0,4,1,1,False,500,500,225000,225000,equal,900000,fixed_500_epochs_last_checkpoint (original protocol; derived from planned epochs and no early stopping),max_epochs_500,completed,"complete_valid (nine strict blocks, 200 identities each)",<COMMIT-1>,2026-09-25 (pdeobs-prediction-verification/20260925-v1),"{""actual_examples_processed"": ""derived: completed epochs x 1800 training records; code: src/pdeobs/runner.py::_loader batches the 1800 training records without drop_last in one process; src/pdeobs/training.py takes one optimizer update per batch (no gradient accumulation)"", ""actual_optimizer_updates"": ""archived_campaign index health.optimizer_steps (health.json of the credited attempt)"", ""batch_size/optimizer/schedule"": ""resolved.yaml of the released model (digest bound to the verification index)"", ""completed_epochs"": ""prediction_verification index actual_epochs (history entries of the credited checkpoint)"", ""planned_epochs"": ""index.cohort_evidence.planned_epochs"", ""segment_note"": null, ""stop_reason"": ""derived: completed == planned == 500 and no early stopping configured"", ""training_status"": ""index.cohort_evidence.training_status""}"
train-44bcbd9906ce26ae,original500,,poisson,deeponet,recovery,boundary_band_50pct,20260804,b2c755cab822354e9c2c5778ff0fdc96006765377b213e4da1d891f7b3518534,e7a7188505b63066375c56dcfcbc60d625b6b9b5c0756e601541e82026f76fe1,8e6baff9cde9980f87df1e77918786bea8382c95d64ee09f61718ad4a6deb178,adam,0.001,0.0,step,"{""scheduler_gamma"": 0.5, ""scheduler_step_size"": 100}",1.0,4,1,1,False,500,500,225000,225000,equal,900000,fixed_500_epochs_last_checkpoint (original protocol; derived from planned epochs and no early stopping),max_epochs_500,completed,"complete_valid (nine strict blocks, 200 identities each)",<COMMIT-1>,2026-09-25 (pdeobs-prediction-verification/20260925-v1),"{""actual_examples_processed"": ""derived: completed epochs x 1800 training records; code: src/pdeobs/runner.py::_loader batches the 1800 training records without drop_last in one process; src/pdeobs/training.py takes one optimizer update per batch (no gradient accumulation)"", ""actual_optimizer_updates"": ""archived_campaign index health.optimizer_steps (health.json of the credited attempt)"", ""batch_size/optimizer/schedule"": ""resolved.yaml of the released model (digest bound to the verification index)"", ""completed_epochs"": ""prediction_verification index actual_epochs (history entries of the credited checkpoint)"", ""planned_epochs"": ""index.cohort_evidence.planned_epochs"", ""segment_note"": null, ""stop_reason"": ""derived: completed == planned == 500 and no early stopping configured"", ""training_status"": ""index.cohort_evidence.training_status""}"
train-e2fb96388df23756,interrupted_or_recovered,,poisson,deeponet,recovery,clustered_50pct,20260804,b2c755cab822354e9c2c5778ff0fdc96006765377b213e4da1d891f7b3518534,45e35d8ec87bd6df526bc9a4a5a3c6af76536273479f8db0869e96450ca6a14d,3533ca436daab8cfc141a574d81587c5f1ed2598fa81642dd8290730ba8fee5a,adam,0.001,0.0,step,"{""scheduler_gamma"": 0.5, ""scheduler_step_size"": 100}",1.0,4,1,1,False,500,66,unknown,29700,unknown,118800,fixed_500_epochs_last_checkpoint (original protocol; derived from planned epochs and no early stopping),unknown,unknown,"complete_valid (nine strict blocks, 200 identities each)",<COMMIT-1>,2026-09-25 (pdeobs-prediction-verification/20260925-v1),"{""actual_examples_processed"": ""derived: completed epochs x 1800 training records; code: src/pdeobs/runner.py::_loader batches the 1800 training records without drop_last in one process; src/pdeobs/training.py takes one optimizer update per batch (no gradient accumulation)"", ""actual_optimizer_updates"": ""unknown: no optimizer step counter in the credited receipts"", ""batch_size/optimizer/schedule"": ""resolved.yaml of the released model (digest bound to the verification index)"", ""completed_epochs"": ""prediction_verification index actual_epochs (history entries of the credited checkpoint)"", ""planned_epochs"": ""index.cohort_evidence.planned_epochs"", ""segment_note"": null, ""stop_reason"": ""no stop reason recorded"", ""training_status"": ""archived health.status""}"
train-1db005baf6068177,original500,,poisson,deeponet,recovery,horizontal_lines_50pct,20260804,b2c755cab822354e9c2c5778ff0fdc96006765377b213e4da1d891f7b3518534,bebedbdb015862029a6f90f45d653dcbfd3db800e20b59e983825a7e636f61fd,910b9651c570ebe9196114bfd4b8ff0832cf55d7374e4b952373c5c68a1d22b7,adam,0.001,0.0,step,"{""scheduler_gamma"": 0.5, ""scheduler_step_size"": 100}",1.0,4,1,1,False,500,500,225000,225000,equal,900000,fixed_500_epochs_last_checkpoint (original protocol; derived from planned epochs and no early stopping),max_epochs_500,completed,"complete_valid (nine strict blocks, 200 identities each)",<COMMIT-1>,2026-09-25 (pdeobs-prediction-verification/20260925-v1),"{""actual_examples_processed"": ""derived: completed epochs x 1800 training records; code: src/pdeobs/runner.py::_loader batches the 1800 training records without drop_last in one process; src/pdeobs/training.py takes one optimizer update per batch (no gradient accumulation)"", ""actual_optimizer_updates"": ""archived_campaign index health.optimizer_steps (health.json of the credited attempt)"", ""batch_size/optimizer/schedule"": ""resolved.yaml of the released model (digest bound to the verification index)"", ""completed_epochs"": ""prediction_verification index actual_epochs (history entries of the credited checkpoint)"", ""planned_epochs"": ""index.cohort_evidence.planned_epochs"", ""segment_note"": null, ""stop_reason"": ""derived: completed == planned == 500 and no early stopping configured"", ""training_status"": ""index.cohort_evidence.training_status""}"
train-0db8a2f6ef00f19f,original500,,poisson,deeponet,recovery,line_sensors_50pct,20260804,b2c755cab822354e9c2c5778ff0fdc96006765377b213e4da1d891f7b3518534,cec4af0420fa82aa615e23f96d3dc4eadb5a043631e7e423861dfdedee317656,dad286661bab29f1910068f0740a63191f3c49d50d771bf6765c10111a15b278,adam,0.001,0.0,step,"{""scheduler_gamma"": 0.5, ""scheduler_step_size"": 100}",1.0,4,1,1,False,500,500,225000,225000,equal,900000,fixed_500_epochs_last_checkpoint (original protocol; derived from planned epochs and no early stopping),max_epochs_500,completed,"complete_valid (nine strict blocks, 200 identities each)",<COMMIT-1>,2026-09-25 (pdeobs-prediction-verification/20260925-v1),"{""actual_examples_processed"": ""derived: completed epochs x 1800 training records; code: src/pdeobs/runner.py::_loader batches the 1800 training records without drop_last in one process; src/pdeobs/training.py takes one optimizer update per batch (no gradient accumulation)"", ""actual_optimizer_updates"": ""archived_campaign index health.optimizer_steps (health.json of the credited attempt)"", ""batch_size/optimizer/schedule"": ""resolved.yaml of the released model (digest bound to the verification index)"", ""completed_epochs"": ""prediction_verification index actual_epochs (history entries of the credited checkpoint)"", ""planned_epochs"": ""index.cohort_evidence.planned_epochs"", ""segment_note"": null, ""stop_reason"": ""derived: completed == planned == 500 and no early stopping configured"", ""training_status"": ""index.cohort_evidence.training_status""}"
train-5d8fd15dc699df37,original500,,poisson,deeponet,recovery,random_50pct,20260804,b2c755cab822354e9c2c5778ff0fdc96006765377b213e4da1d891f7b3518534,df11e36f59df8825b6f692e97ba858dc846bf1bb54ef275743dec0f1d35723ce,69a8d47d8acdda9c9eeb6d23467a2ff0f7481c3117e8a584b4132ce2e246ff01,adam,0.001,0.0,step,"{""scheduler_gamma"": 0.5, ""scheduler_step_size"": 100}",1.0,4,1,1,False,500,500,225000,225000,equal,900000,fixed_500_epochs_last_checkpoint (original protocol; derived from planned epochs and no early stopping),max_epochs_500,completed,"complete_valid (nine strict blocks, 200 identities each)",<COMMIT-1>,2026-09-25 (pdeobs-prediction-verification/20260925-v1),"{""actual_examples_processed"": ""derived: completed epochs x 1800 training records; code: src/pdeobs/runner.py::_loader batches the 1800 training records without drop_last in one process; src/pdeobs/training.py takes one optimizer update per batch (no gradient accumulation)"", ""actual_optimizer_updates"": ""archived_campaign index health.optimizer_steps (health.json of the credited attempt)"", ""batch_size/optimizer/schedule"": ""resolved.yaml of the released model (digest bound to the verification index)"", ""completed_epochs"": ""prediction_verification index actual_epochs (history entries of the credited checkpoint)"", ""planned_epochs"": ""index.cohort_evidence.planned_epochs"", ""segment_note"": null, ""stop_reason"": ""derived: completed == planned == 500 and no early stopping configured"", ""training_status"": ""index.cohort_evidence.training_status""}"
train-86b2ff713a822c7d,original500,,poisson,deeponet,recovery,random_65pct,20260804,b2c755cab822354e9c2c5778ff0fdc96006765377b213e4da1d891f7b3518534,1f22a60f453adff0229afdd5a7c2620b88f5cdcfd8520dfd557720806da8978d,96b7d4cd5b511930cfc9e11eeb70131a57a540ea6ba29548bed17efc4f79dfc9,adam,0.001,0.0,step,"{""scheduler_gamma"": 0.5, ""scheduler_step_size"": 100}",1.0,4,1,1,False,500,500,225000,225000,equal,900000,fixed_500_epochs_last_checkpoint (original protocol; derived from planned epochs and no early stopping),max_epochs_500,completed,"complete_valid (nine strict blocks, 200 identities each)",<COMMIT-1>,2026-09-25 (pdeobs-prediction-verification/20260925-v1),"{""actual_examples_processed"": ""derived: completed epochs x 1800 training records; code: src/pdeobs/runner.py::_loader batches the 1800 training records without drop_last in one process; src/pdeobs/training.py takes one optimizer update per batch (no gradient accumulation)"", ""actual_optimizer_updates"": ""archived_campaign index health.optimizer_steps (health.json of the credited attempt)"", ""batch_size/optimizer/schedule"": ""resolved.yaml of the released model (digest bound to the verification index)"", ""completed_epochs"": ""prediction_verification index actual_epochs (history entries of the credited checkpoint)"", ""planned_epochs"": ""index.cohort_evidence.planned_epochs"", ""segment_note"": null, ""stop_reason"": ""derived: completed == planned == 500 and no early stopping configured"", ""training_status"": ""index.cohort_evidence.training_status""}"
train-4b06261221871667,original500,,poisson,deeponet,recovery,random_80pct,20260804,b2c755cab822354e9c2c5778ff0fdc96006765377b213e4da1d891f7b3518534,50d74ebbf3b01d979674a11afa607f7032589fc40c3f6553d8ab27bb6e3e67de,3cda30c99b838cabf3fc083dd050f336042593ebb23d4bbafc419a0708979a81,adam,0.001,0.0,step,"{""scheduler_gamma"": 0.5, ""scheduler_step_size"": 100}",1.0,4,1,1,False,500,500,225000,225000,equal,900000,fixed_500_epochs_last_checkpoint (original protocol; derived from planned epochs and no early stopping),max_epochs_500,completed,"complete_valid (nine strict blocks, 200 identities each)",<COMMIT-1>,2026-09-25 (pdeobs-prediction-verification/20260925-v1),"{""actual_examples_processed"": ""derived: completed epochs x 1800 training records; code: src/pdeobs/runner.py::_loader batches the 1800 training records without drop_last in one process; src/pdeobs/training.py takes one optimizer update per batch (no gradient accumulation)"", ""actual_optimizer_updates"": ""archived_campaign index health.optimizer_steps (health.json of the credited attempt)"", ""batch_size/optimizer/schedule"": ""resolved.yaml of the released model (digest bound to the verification index)"", ""completed_epochs"": ""prediction_verification index actual_epochs (history entries of the credited checkpoint)"", ""planned_epochs"": ""index.cohort_evidence.planned_epochs"", ""segment_note"": null, ""stop_reason"": ""derived: completed == planned == 500 and no early stopping configured"", ""training_status"": ""index.cohort_evidence.training_status""}"
train-c45815b1b72f9353,original500,,poisson,deeponet,recovery,vertical_lines_50pct,20260804,b2c755cab822354e9c2c5778ff0fdc96006765377b213e4da1d891f7b3518534,5edfbb9718bf65589855ba683122ff13e6e50a530bf02c65a4a51a2874edea94,5f8b7449463f5fcb272bbd2d4050881aee6fdb605c0b666744de9fa67dedcfd8,adam,0.001,0.0,step,"{""scheduler_gamma"": 0.5, ""scheduler_step_size"": 100}",1.0,4,1,1,False,500,500,225000,225000,equal,900000,fixed_500_epochs_last_checkpoint (original protocol; derived from planned epochs and no early stopping),max_epochs_500,completed,"complete_valid (nine strict blocks, 200 identities each)",<COMMIT-1>,2026-09-25 (pdeobs-prediction-verification/20260925-v1),"{""actual_examples_processed"": ""derived: completed epochs x 1800 training records; code: src/pdeobs/runner.py::_loader batches the 1800 training records without drop_last in one process; src/pdeobs/training.py takes one optimizer update per batch (no gradient accumulation)"", ""actual_optimizer_updates"": ""archived_campaign index health.optimizer_steps (health.json of the credited attempt)"", ""batch_size/optimizer/schedule"": ""resolved.yaml of the released model (digest bound to the verification index)"", ""completed_epochs"": ""prediction_verification index actual_epochs (history entries of the credited checkpoint)"", ""planned_epochs"": ""index.cohort_evidence.planned_epochs"", ""segment_note"": null, ""stop_reason"": ""derived: completed == planned == 500 and no early stopping configured"", ""training_status"": ""index.cohort_evidence.training_status""}"
train-a75b22432197ab7a,budget200_min120,,poisson,fno,recovery,block_observed_50pct,20260804,b2c755cab822354e9c2c5778ff0fdc96006765377b213e4da1d891f7b3518534,5321299871bc5cebe6442672f2952ea2097e857bd1a4ecb66b23a03115892436,9a1a3d009318c4d64540eb627b02a1d392da77943dee5a97245d36840841bab8,adam,0.0005,0.0001,step,"{""scheduler_gamma"": 0.5, ""scheduler_step_size"": 100}",1.0,8,1,1,False,200,130,29250,29250,equal,234000,pdeobs.max200-min120-then-train-data-patience10/20260920,train_data_patience_10,completed,"complete_valid (nine strict blocks, 200 identities each)",<COMMIT-1>,2026-09-25 (pdeobs-prediction-verification/20260925-v1),"{""actual_examples_processed"": ""derived: completed epochs x 1800 training records; code: src/pdeobs/runner.py::_loader batches the 1800 training records without drop_last in one process; src/pdeobs/training.py takes one optimizer update per batch (no gradient accumulation)"", ""actual_optimizer_updates"": ""archived_campaign index health.optimizer_steps (health.json of the credited attempt)"", ""batch_size/optimizer/schedule"": ""resolved.yaml of the released model (digest bound to the verification index)"", ""completed_epochs"": ""prediction_verification index actual_epochs (history entries of the credited checkpoint)"", ""planned_epochs"": ""index.cohort_evidence.planned_epochs"", ""segment_note"": null, ""stop_reason"": ""index.stop_reason"", ""training_status"": ""index.cohort_evidence.training_status""}"
train-aacb0fe26999fd66,budget200_min120,,poisson,fno,recovery,boundary_band_50pct,20260804,b2c755cab822354e9c2c5778ff0fdc96006765377b213e4da1d891f7b3518534,6ee3b962dbeec5902cf86bf47b64e085a8a8bde88258de9a7d6f5a81f620aa16,d7f857803531e7405324bb974fd490ab60f204c9004320b7de548adf194936c0,adam,0.0005,0.0001,step,"{""scheduler_gamma"": 0.5, ""scheduler_step_size"": 100}",1.0,8,1,1,False,200,130,29250,29250,equal,234000,pdeobs.max200-min120-then-train-data-patience10/20260920,train_data_patience_10,completed,"complete_valid (nine strict blocks, 200 identities each)",<COMMIT-1>,2026-09-25 (pdeobs-prediction-verification/20260925-v1),"{""actual_examples_processed"": ""derived: completed epochs x 1800 training records; code: src/pdeobs/runner.py::_loader batches the 1800 training records without drop_last in one process; src/pdeobs/training.py takes one optimizer update per batch (no gradient accumulation)"", ""actual_optimizer_updates"": ""archived_campaign index health.optimizer_steps (health.json of the credited attempt)"", ""batch_size/optimizer/schedule"": ""resolved.yaml of the released model (digest bound to the verification index)"", ""completed_epochs"": ""prediction_verification index actual_epochs (history entries of the credited checkpoint)"", ""planned_epochs"": ""index.cohort_evidence.planned_epochs"", ""segment_note"": null, ""stop_reason"": ""index.stop_reason"", ""training_status"": ""index.cohort_evidence.training_status""}"
train-9707b072c853a56d,interrupted_or_recovered,,poisson,fno,recovery,clustered_50pct,20260804,b2c755cab822354e9c2c5778ff0fdc96006765377b213e4da1d891f7b3518534,f9aef794b1fc661afb5c8350775a0c6d050fd462a1b1aa57fbc87d9aca68f2f7,ada5aa0c63e5aa8b1420890bc88bb7506f5d41e74641682bf6530bde3bc6ccc8,adam,0.001,0.0001,step,"{""scheduler_gamma"": 0.5, ""scheduler_step_size"": 100}",1.0,8,1,1,False,500,262,unknown,58950,unknown,471600,fixed_500_epochs_last_checkpoint (original protocol; derived from planned epochs and no early stopping),unknown,unknown,"complete_valid (nine strict blocks, 200 identities each)",<COMMIT-1>,2026-09-25 (pdeobs-prediction-verification/20260925-v1),"{""actual_examples_processed"": ""derived: completed epochs x 1800 training records; code: src/pdeobs/runner.py::_loader batches the 1800 training records without drop_last in one process; src/pdeobs/training.py takes one optimizer update per batch (no gradient accumulation)"", ""actual_optimizer_updates"": ""unknown: no optimizer step counter in the credited receipts"", ""batch_size/optimizer/schedule"": ""resolved.yaml of the released model (digest bound to the verification index)"", ""completed_epochs"": ""prediction_verification index actual_epochs (history entries of the credited checkpoint)"", ""planned_epochs"": ""index.cohort_evidence.planned_epochs"", ""segment_note"": null, ""stop_reason"": ""no stop reason recorded"", ""training_status"": ""archived health.status""}"
train-e55c73b589dedb10,original500,,poisson,fno,recovery,horizontal_lines_50pct,20260804,b2c755cab822354e9c2c5778ff0fdc96006765377b213e4da1d891f7b3518534,66099fbefad1733ac16516761fb401bbc895afe403f14ef4a2aa16f978d57169,9c74845cce956243ff485bf42a908341825061d638bb24c2166a2e6bed04b39d,adam,0.001,0.0001,step,"{""scheduler_gamma"": 0.5, ""scheduler_step_size"": 100}",1.0,8,1,1,False,500,500,112500,112500,equal,900000,fixed_500_epochs_last_checkpoint (original protocol; derived from planned epochs and no early stopping),max_epochs_500,completed,"complete_valid (nine strict blocks, 200 identities each)",<COMMIT-1>,2026-09-25 (pdeobs-prediction-verification/20260925-v1),"{""actual_examples_processed"": ""derived: completed epochs x 1800 training records; code: src/pdeobs/runner.py::_loader batches the 1800 training records without drop_last in one process; src/pdeobs/training.py takes one optimizer update per batch (no gradient accumulation)"", ""actual_optimizer_updates"": ""archived_campaign index health.optimizer_steps (health.json of the credited attempt)"", ""batch_size/optimizer/schedule"": ""resolved.yaml of the released model (digest bound to the verification index)"", ""completed_epochs"": ""prediction_verification index actual_epochs (history entries of the credited checkpoint)"", ""planned_epochs"": ""index.cohort_evidence.planned_epochs"", ""segment_note"": null, ""stop_reason"": ""derived: completed == planned == 500 and no early stopping configured"", ""training_status"": ""index.cohort_evidence.training_status""}"
train-230ce690509ab0a2,interrupted_or_recovered,,poisson,fno,recovery,line_sensors_50pct,20260804,b2c755cab822354e9c2c5778ff0fdc96006765377b213e4da1d891f7b3518534,338233bfafd75040f9c9922b228aaf108934185dce408eed6302e0cabf4933c8,2720167e7521798174b45b9abd833e98784f4ba2d5e7137dcfcdca0a9d1e9800,adam,0.001,0.0001,step,"{""scheduler_gamma"": 0.5, ""scheduler_step_size"": 100}",1.0,8,1,1,False,500,480,unknown,108000,unknown,864000,fixed_500_epochs_last_checkpoint (original protocol; derived from planned epochs and no early stopping),unknown,unknown,"complete_valid (nine strict blocks, 200 identities each)",<COMMIT-1>,2026-09-25 (pdeobs-prediction-verification/20260925-v1),"{""actual_examples_processed"": ""derived: completed epochs x 1800 training records; code: src/pdeobs/runner.py::_loader batches the 1800 training records without drop_last in one process; src/pdeobs/training.py takes one optimizer update per batch (no gradient accumulation)"", ""actual_optimizer_updates"": ""unknown: no optimizer step counter in the credited receipts"", ""batch_size/optimizer/schedule"": ""resolved.yaml of the released model (digest bound to the verification index)"", ""completed_epochs"": ""prediction_verification index actual_epochs (history entries of the credited checkpoint)"", ""planned_epochs"": ""index.cohort_evidence.planned_epochs"", ""segment_note"": null, ""stop_reason"": ""no stop reason recorded"", ""training_status"": ""archived health.status""}"
train-e7954a4c62eafd67,interrupted_or_recovered,,poisson,fno,recovery,random_50pct,20260804,b2c755cab822354e9c2c5778ff0fdc96006765377b213e4da1d891f7b3518534,91c96c0740e45f14437ea225a8a3037f6ba202c0cd426a1bb082eea757bb9dbb,c72bc4b4a900e2ca31b642275107078ed09d5adf64a90d4f2b0555c54c6ed645,adam,0.001,0.0001,step,"{""scheduler_gamma"": 0.5, ""scheduler_step_size"": 100}",1.0,8,1,1,False,500,433,unknown,97425,unknown,779400,fixed_500_epochs_last_checkpoint (original protocol; derived from planned epochs and no early stopping),unknown,unknown,"complete_valid (nine strict blocks, 200 identities each)",<COMMIT-1>,2026-09-25 (pdeobs-prediction-verification/20260925-v1),"{""actual_examples_processed"": ""derived: completed epochs x 1800 training records; code: src/pdeobs/runner.py::_loader batches the 1800 training records without drop_last in one process; src/pdeobs/training.py takes one optimizer update per batch (no gradient accumulation)"", ""actual_optimizer_updates"": ""unknown: no optimizer step counter in the credited receipts"", ""batch_size/optimizer/schedule"": ""resolved.yaml of the released model (digest bound to the verification index)"", ""completed_epochs"": ""prediction_verification index actual_epochs (history entries of the credited checkpoint)"", ""planned_epochs"": ""index.cohort_evidence.planned_epochs"", ""segment_note"": null, ""stop_reason"": ""no stop reason recorded"", ""training_status"": ""archived health.status""}"
train-1828ae7a1fe50823,original500,,poisson,fno,recovery,random_65pct,20260804,b2c755cab822354e9c2c5778ff0fdc96006765377b213e4da1d891f7b3518534,4c9623cd29b6276249a47cf1fde10a98b15ad337ada122be1b7ec6af391a7b09,83f34b5d882c4bc575c1d9d6473afb0d46fec3674743620892bb25c740339ab9,adam,0.001,0.0001,step,"{""scheduler_gamma"": 0.5, ""scheduler_step_size"": 100}",1.0,8,1,1,False,500,500,112500,112500,equal,900000,fixed_500_epochs_last_checkpoint (original protocol; derived from planned epochs and no early stopping),max_epochs_500,completed,"complete_valid (nine strict blocks, 200 identities each)",<COMMIT-1>,2026-09-25 (pdeobs-prediction-verification/20260925-v1),"{""actual_examples_processed"": ""derived: completed epochs x 1800 training records; code: src/pdeobs/runner.py::_loader batches the 1800 training records without drop_last in one process; src/pdeobs/training.py takes one optimizer update per batch (no gradient accumulation)"", ""actual_optimizer_updates"": ""archived_campaign index health.optimizer_steps (health.json of the credited attempt)"", ""batch_size/optimizer/schedule"": ""resolved.yaml of the released model (digest bound to the verification index)"", ""completed_epochs"": ""prediction_verification index actual_epochs (history entries of the credited checkpoint)"", ""planned_epochs"": ""index.cohort_evidence.planned_epochs"", ""segment_note"": null, ""stop_reason"": ""derived: completed == planned == 500 and no early stopping configured"", ""training_status"": ""index.cohort_evidence.training_status""}"
train-6968eee8e62d8904,interrupted_or_recovered,,poisson,fno,recovery,random_80pct,20260804,b2c755cab822354e9c2c5778ff0fdc96006765377b213e4da1d891f7b3518534,bce8b9424e829a75c438628449bb39d1c49a0d994a42b2e327ac7a9dc43937e5,9cf75cad5e65fa19cc2359711f9a81055f2085d45ce533c229a4ba4f38ab39da,adam,0.001,0.0001,step,"{""scheduler_gamma"": 0.5, ""scheduler_step_size"": 100}",1.0,8,1,1,False,500,461,unknown,103725,unknown,829800,fixed_500_epochs_last_checkpoint (original protocol; derived from planned epochs and no early stopping),unknown,unknown,"complete_valid (nine strict blocks, 200 identities each)",<COMMIT-1>,2026-09-25 (pdeobs-prediction-verification/20260925-v1),"{""actual_examples_processed"": ""derived: completed epochs x 1800 training records; code: src/pdeobs/runner.py::_loader batches the 1800 training records without drop_last in one process; src/pdeobs/training.py takes one optimizer update per batch (no gradient accumulation)"", ""actual_optimizer_updates"": ""unknown: no optimizer step counter in the credited receipts"", ""batch_size/optimizer/schedule"": ""resolved.yaml of the released model (digest bound to the verification index)"", ""completed_epochs"": ""prediction_verification index actual_epochs (history entries of the credited checkpoint)"", ""planned_epochs"": ""index.cohort_evidence.planned_epochs"", ""segment_note"": null, ""stop_reason"": ""no stop reason recorded"", ""training_status"": ""archived health.status""}"
train-1660404765632461,original500,,poisson,fno,recovery,vertical_lines_50pct,20260804,b2c755cab822354e9c2c5778ff0fdc96006765377b213e4da1d891f7b3518534,b7c8655aaca4233b0e1cbec98cbcda982902baf35dd82f5d7d985ab0a7144e1e,ea7a30818fc20b05fd923f2d054712cc388af79fb3bc0713bdff4d7c71322ad8,adam,0.001,0.0001,step,"{""scheduler_gamma"": 0.5, ""scheduler_step_size"": 100}",1.0,8,1,1,False,500,500,112500,112500,equal,900000,fixed_500_epochs_last_checkpoint (original protocol; derived from planned epochs and no early stopping),max_epochs_500,completed,"complete_valid (nine strict blocks, 200 identities each)",<COMMIT-1>,2026-09-25 (pdeobs-prediction-verification/20260925-v1),"{""actual_examples_processed"": ""derived: completed epochs x 1800 training records; code: src/pdeobs/runner.py::_loader batches the 1800 training records without drop_last in one process; src/pdeobs/training.py takes one optimizer update per batch (no gradient accumulation)"", ""actual_optimizer_updates"": ""archived_campaign index health.optimizer_steps (health.json of the credited attempt)"", ""batch_size/optimizer/schedule"": ""resolved.yaml of the released model (digest bound to the verification index)"", ""completed_epochs"": ""prediction_verification index actual_epochs (history entries of the credited checkpoint)"", ""planned_epochs"": ""index.cohort_evidence.planned_epochs"", ""segment_note"": null, ""stop_reason"": ""derived: completed == planned == 500 and no early stopping configured"", ""training_status"": ""index.cohort_evidence.training_status""}"
train-42b9dd4a36a7c212,budget200_min120,,poisson,gnot,recovery,block_observed_50pct,20260804,b2c755cab822354e9c2c5778ff0fdc96006765377b213e4da1d891f7b3518534,171acc3186535a9883669a916b4d0fc2ca537f75ff9afb9800839f519869294f,32f2be22e60442b4c0b88c791404e87e4d5a9e39eacd9f2edd71edc3d24246c8,adamw,0.00025,5e-05,one_cycle,"{""epochs"": 200, ""scheduler_anneal_strategy"": ""cos"", ""scheduler_div_factor"": 10000.0, ""scheduler_final_div_factor"": 10000.0, ""scheduler_pct_start"": 0.2}",1.0,4,1,1,False,200,200,90000,90000,equal,360000,pdeobs.max200-min120-then-train-data-patience10/20260920,max_epochs_200,completed,"complete_valid (nine strict blocks, 200 identities each)",<COMMIT-1>,2026-09-25 (pdeobs-prediction-verification/20260925-v1),"{""actual_examples_processed"": ""derived: completed epochs x 1800 training records; code: src/pdeobs/runner.py::_loader batches the 1800 training records without drop_last in one process; src/pdeobs/training.py takes one optimizer update per batch (no gradient accumulation)"", ""actual_optimizer_updates"": ""archived_campaign index health.optimizer_steps (health.json of the credited attempt)"", ""batch_size/optimizer/schedule"": ""resolved.yaml of the released model (digest bound to the verification index)"", ""completed_epochs"": ""prediction_verification index actual_epochs (history entries of the credited checkpoint)"", ""planned_epochs"": ""index.cohort_evidence.planned_epochs"", ""segment_note"": null, ""stop_reason"": ""index.stop_reason"", ""training_status"": ""index.cohort_evidence.training_status""}"
train-02cd2e154d2cd5a2,budget200_min120,,poisson,gnot,recovery,boundary_band_50pct,20260804,b2c755cab822354e9c2c5778ff0fdc96006765377b213e4da1d891f7b3518534,2aca817c3c0672f79fcdaf8ed6b59ad10b97b3575b9e555a92e0fc8711987165,55258be40d5d42d824f6c4e9e57b403a369a8c1f3477c9962dcbaeabf0091932,adamw,0.0005,5e-05,one_cycle,"{""epochs"": 200, ""scheduler_anneal_strategy"": ""cos"", ""scheduler_div_factor"": 10000.0, ""scheduler_final_div_factor"": 10000.0, ""scheduler_pct_start"": 0.2}",1.0,4,1,1,False,200,200,90000,90000,equal,360000,pdeobs.max200-min120-then-train-data-patience10/20260920,max_epochs_200,completed,"complete_valid (nine strict blocks, 200 identities each)",<COMMIT-1>,2026-09-25 (pdeobs-prediction-verification/20260925-v1),"{""actual_examples_processed"": ""derived: completed epochs x 1800 training records; code: src/pdeobs/runner.py::_loader batches the 1800 training records without drop_last in one process; src/pdeobs/training.py takes one optimizer update per batch (no gradient accumulation)"", ""actual_optimizer_updates"": ""archived_campaign index health.optimizer_steps (health.json of the credited attempt)"", ""batch_size/optimizer/schedule"": ""resolved.yaml of the released model (digest bound to the verification index)"", ""completed_epochs"": ""prediction_verification index actual_epochs (history entries of the credited checkpoint)"", ""planned_epochs"": ""index.cohort_evidence.planned_epochs"", ""segment_note"": null, ""stop_reason"": ""index.stop_reason"", ""training_status"": ""index.cohort_evidence.training_status""}"
train-e584c2b8ec7a80fd,original500,,poisson,gnot,recovery,clustered_50pct,20260804,b2c755cab822354e9c2c5778ff0fdc96006765377b213e4da1d891f7b3518534,c27de28b84842591e7b3ccbb967bbe2462b5455b969277ec178e17ce281faaab,5c546ea46d5afb90c196fe95694ed376ab79821b7cf8b265aaae21ff6a92bfc0,adamw,0.001,5e-05,one_cycle,"{""epochs"": 500, ""scheduler_anneal_strategy"": ""cos"", ""scheduler_div_factor"": 10000.0, ""scheduler_final_div_factor"": 10000.0, ""scheduler_pct_start"": 0.2}",1000.0,4,1,1,False,500,500,225000,225000,equal,900000,fixed_500_epochs_last_checkpoint (original protocol; derived from planned epochs and no early stopping),max_epochs_500,completed,"complete_valid (nine strict blocks, 200 identities each)",<COMMIT-1>,2026-09-25 (pdeobs-prediction-verification/20260925-v1),"{""actual_examples_processed"": ""derived: completed epochs x 1800 training records; code: src/pdeobs/runner.py::_loader batches the 1800 training records without drop_last in one process; src/pdeobs/training.py takes one optimizer update per batch (no gradient accumulation)"", ""actual_optimizer_updates"": ""archived_campaign index health.optimizer_steps (health.json of the credited attempt)"", ""batch_size/optimizer/schedule"": ""resolved.yaml of the released model (digest bound to the verification index)"", ""completed_epochs"": ""prediction_verification index actual_epochs (history entries of the credited checkpoint)"", ""planned_epochs"": ""index.cohort_evidence.planned_epochs"", ""segment_note"": null, ""stop_reason"": ""derived: completed == planned == 500 and no early stopping configured"", ""training_status"": ""index.cohort_evidence.training_status""}"
train-f1563e746256a55f,original500,,poisson,gnot,recovery,horizontal_lines_50pct,20260804,b2c755cab822354e9c2c5778ff0fdc96006765377b213e4da1d891f7b3518534,0c92325c5a064ea18128d04318c0a61a6adc48dadb3dbc733bd25f7b16c7443e,73b5bb26591040bd20782ad16ccf24096d32d1022247c5022a258a5ebb28d38f,adamw,0.001,5e-05,one_cycle,"{""epochs"": 500, ""scheduler_anneal_strategy"": ""cos"", ""scheduler_div_factor"": 10000.0, ""scheduler_final_div_factor"": 10000.0, ""scheduler_pct_start"": 0.2}",1000.0,4,1,1,False,500,500,225000,225000,equal,900000,fixed_500_epochs_last_checkpoint (original protocol; derived from planned epochs and no early stopping),max_epochs_500,completed,"complete_valid (nine strict blocks, 200 identities each)",<COMMIT-1>,2026-09-25 (pdeobs-prediction-verification/20260925-v1),"{""actual_examples_processed"": ""derived: completed epochs x 1800 training records; code: src/pdeobs/runner.py::_loader batches the 1800 training records without drop_last in one process; src/pdeobs/training.py takes one optimizer update per batch (no gradient accumulation)"", ""actual_optimizer_updates"": ""archived_campaign index health.optimizer_steps (health.json of the credited attempt)"", ""batch_size/optimizer/schedule"": ""resolved.yaml of the released model (digest bound to the verification index)"", ""completed_epochs"": ""prediction_verification index actual_epochs (history entries of the credited checkpoint)"", ""planned_epochs"": ""index.cohort_evidence.planned_epochs"", ""segment_note"": null, ""stop_reason"": ""derived: completed == planned == 500 and no early stopping configured"", ""training_status"": ""index.cohort_evidence.training_status""}"
train-c2d7e2dc8fe37472,original500,,poisson,gnot,recovery,line_sensors_50pct,20260804,b2c755cab822354e9c2c5778ff0fdc96006765377b213e4da1d891f7b3518534,f06149446f9a2e41ec59c04ea417e71878b05f34ea2b570d5772cc7816deb7f6,e2055692d7650c5fbd0a700f73b81b09edc7f0daabc6dae0368c9f11fdf5b072,adamw,0.001,5e-05,one_cycle,"{""epochs"": 500, ""scheduler_anneal_strategy"": ""cos"", ""scheduler_div_factor"": 10000.0, ""scheduler_final_div_factor"": 10000.0, ""scheduler_pct_start"": 0.2}",1000.0,4,1,1,False,500,500,225000,225000,equal,900000,fixed_500_epochs_last_checkpoint (original protocol; derived from planned epochs and no early stopping),max_epochs_500,completed,"complete_valid (nine strict blocks, 200 identities each)",<COMMIT-1>,2026-09-25 (pdeobs-prediction-verification/20260925-v1),"{""actual_examples_processed"": ""derived: completed epochs x 1800 training records; code: src/pdeobs/runner.py::_loader batches the 1800 training records without drop_last in one process; src/pdeobs/training.py takes one optimizer update per batch (no gradient accumulation)"", ""actual_optimizer_updates"": ""archived_campaign index health.optimizer_steps (health.json of the credited attempt)"", ""batch_size/optimizer/schedule"": ""resolved.yaml of the released model (digest bound to the verification index)"", ""completed_epochs"": ""prediction_verification index actual_epochs (history entries of the credited checkpoint)"", ""planned_epochs"": ""index.cohort_evidence.planned_epochs"", ""segment_note"": null, ""stop_reason"": ""derived: completed == planned == 500 and no early stopping configured"", ""training_status"": ""index.cohort_evidence.training_status""}"
train-1cca6c281c3faf74,original500,,poisson,gnot,recovery,random_50pct,20260804,b2c755cab822354e9c2c5778ff0fdc96006765377b213e4da1d891f7b3518534,3993740946cb60dc3d729cd38232f0cd5c624a567a1a4e95360abb3a7cd9402f,42f3292ad55fdf4d300ca96ca3279b55ec85f047561d845d037448ff88ef3909,adamw,0.001,5e-05,one_cycle,"{""epochs"": 500, ""scheduler_anneal_strategy"": ""cos"", ""scheduler_div_factor"": 10000.0, ""scheduler_final_div_factor"": 10000.0, ""scheduler_pct_start"": 0.2}",1000.0,4,1,1,False,500,500,225000,225000,equal,900000,fixed_500_epochs_last_checkpoint (original protocol; derived from planned epochs and no early stopping),max_epochs_500,completed,"complete_valid (nine strict blocks, 200 identities each)",<COMMIT-1>,2026-09-25 (pdeobs-prediction-verification/20260925-v1),"{""actual_examples_processed"": ""derived: completed epochs x 1800 training records; code: src/pdeobs/runner.py::_loader batches the 1800 training records without drop_last in one process; src/pdeobs/training.py takes one optimizer update per batch (no gradient accumulation)"", ""actual_optimizer_updates"": ""archived_campaign index health.optimizer_steps (health.json of the credited attempt)"", ""batch_size/optimizer/schedule"": ""resolved.yaml of the released model (digest bound to the verification index)"", ""completed_epochs"": ""prediction_verification index actual_epochs (history entries of the credited checkpoint)"", ""planned_epochs"": ""index.cohort_evidence.planned_epochs"", ""segment_note"": null, ""stop_reason"": ""derived: completed == planned == 500 and no early stopping configured"", ""training_status"": ""index.cohort_evidence.training_status""}"
train-e42d443b39c0edc7,budget200_min120,,poisson,gnot,recovery,random_65pct,20260804,b2c755cab822354e9c2c5778ff0fdc96006765377b213e4da1d891f7b3518534,8ef516d513cafaf98b714e83f4e5de8d14e8fdf4193cd1533f0d027f327ad0a7,32c7ed9f406a77da9b7b6f2f7e54e584176d6a5d62d66ec836e4f41d33bf088c,adamw,0.001,5e-05,one_cycle,"{""epochs"": 200, ""scheduler_anneal_strategy"": ""cos"", ""scheduler_div_factor"": 10000.0, ""scheduler_final_div_factor"": 10000.0, ""scheduler_pct_start"": 0.2}",1000.0,4,1,1,False,200,200,90000,90000,equal,360000,pdeobs.max200-min120-then-train-data-patience10/20260920,max_epochs_200,completed,"complete_valid (nine strict blocks, 200 identities each)",<COMMIT-1>,2026-09-25 (pdeobs-prediction-verification/20260925-v1),"{""actual_examples_processed"": ""derived: completed epochs x 1800 training records; code: src/pdeobs/runner.py::_loader batches the 1800 training records without drop_last in one process; src/pdeobs/training.py takes one optimizer update per batch (no gradient accumulation)"", ""actual_optimizer_updates"": ""archived_campaign index health.optimizer_steps (health.json of the credited attempt)"", ""batch_size/optimizer/schedule"": ""resolved.yaml of the released model (digest bound to the verification index)"", ""completed_epochs"": ""prediction_verification index actual_epochs (history entries of the credited checkpoint)"", ""planned_epochs"": ""index.cohort_evidence.planned_epochs"", ""segment_note"": null, ""stop_reason"": ""index.stop_reason"", ""training_status"": ""index.cohort_evidence.training_status""}"
train-866245c51e1a7e49,interrupted_or_recovered,,poisson,gnot,recovery,random_80pct,20260804,b2c755cab822354e9c2c5778ff0fdc96006765377b213e4da1d891f7b3518534,935e4a82c88e439f958362d925ae2c07e1e245887998a1de86b68af8826b1176,e3966ec0111be110b114e1e47412a2af2dc5f8f302a351a604c70df835435385,adamw,0.001,5e-05,one_cycle,"{""epochs"": 500, ""scheduler_anneal_strategy"": ""cos"", ""scheduler_div_factor"": 10000.0, ""scheduler_final_div_factor"": 10000.0, ""scheduler_pct_start"": 0.2}",1000.0,4,1,1,False,500,135,unknown,60750,unknown,243000,fixed_500_epochs_last_checkpoint (original protocol; derived from planned epochs and no early stopping),unknown,unknown,"complete_valid (nine strict blocks, 200 identities each)",<COMMIT-1>,2026-09-25 (pdeobs-prediction-verification/20260925-v1),"{""actual_examples_processed"": ""derived: completed epochs x 1800 training records; code: src/pdeobs/runner.py::_loader batches the 1800 training records without drop_last in one process; src/pdeobs/training.py takes one optimizer update per batch (no gradient accumulation)"", ""actual_optimizer_updates"": ""unknown: no optimizer step counter in the credited receipts"", ""batch_size/optimizer/schedule"": ""resolved.yaml of the released model (digest bound to the verification index)"", ""completed_epochs"": ""prediction_verification index actual_epochs (history entries of the credited checkpoint)"", ""planned_epochs"": ""index.cohort_evidence.planned_epochs"", ""segment_note"": null, ""stop_reason"": ""no stop reason recorded"", ""training_status"": ""archived health.status""}"
train-4fbf1cac87b1789a,budget200_patience10_no_floor,,poisson,gnot,recovery,vertical_lines_50pct,20260804,b2c755cab822354e9c2c5778ff0fdc96006765377b213e4da1d891f7b3518534,a20c4be8e3c42026a673ac13efaa638d1a53c849baeca2c1b69bed0c9985c7a5,970771b560e837e0e402109dedeb6d4a83a1e32126f973c66583259d166243bb,adamw,0.001,5e-05,one_cycle,"{""epochs"": 200, ""scheduler_anneal_strategy"": ""cos"", ""scheduler_div_factor"": 10000.0, ""scheduler_final_div_factor"": 10000.0, ""scheduler_pct_start"": 0.2}",1000.0,4,1,1,False,200,200,90000,90000,equal,360000,pdeobs.max200-train-data-patience10/20260920,max_epochs_200,completed,"complete_valid (nine strict blocks, 200 identities each)",<COMMIT-1>,2026-09-25 (pdeobs-prediction-verification/20260925-v1),"{""actual_examples_processed"": ""derived: completed epochs x 1800 training records; code: src/pdeobs/runner.py::_loader batches the 1800 training records without drop_last in one process; src/pdeobs/training.py takes one optimizer update per batch (no gradient accumulation)"", ""actual_optimizer_updates"": ""archived_campaign index health.optimizer_steps (health.json of the credited attempt)"", ""batch_size/optimizer/schedule"": ""resolved.yaml of the released model (digest bound to the verification index)"", ""completed_epochs"": ""prediction_verification index actual_epochs (history entries of the credited checkpoint)"", ""planned_epochs"": ""index.cohort_evidence.planned_epochs"", ""segment_note"": null, ""stop_reason"": ""index.stop_reason"", ""training_status"": ""index.cohort_evidence.training_status""}"
train-f263d6a2558b561c,original500,,poisson,pino,recovery,block_observed_50pct,20260804,b2c755cab822354e9c2c5778ff0fdc96006765377b213e4da1d891f7b3518534,1fad564ef299e52bdfe8e5afeb52bd33ec3d46c3c9bbe8842fffcda500f75c22,6ad7d25d16b1c5e72f9b69b4dd00e0ecb46230be68f0ec4fc95b1a2a54f53170,adam,0.001,0.0,step,"{""scheduler_gamma"": 0.5, ""scheduler_step_size"": 100}",1.0,4,1,1,False,500,500,225000,225000,equal,900000,fixed_500_epochs_last_checkpoint (original protocol; derived from planned epochs and no early stopping),max_epochs_500,completed,"complete_valid (nine strict blocks, 200 identities each)",<COMMIT-1>,2026-09-25 (pdeobs-prediction-verification/20260925-v1),"{""actual_examples_processed"": ""derived: completed epochs x 1800 training records; code: src/pdeobs/runner.py::_loader batches the 1800 training records without drop_last in one process; src/pdeobs/training.py takes one optimizer update per batch (no gradient accumulation)"", ""actual_optimizer_updates"": ""archived_campaign index health.optimizer_steps (health.json of the credited attempt)"", ""batch_size/optimizer/schedule"": ""resolved.yaml of the released model (digest bound to the verification index)"", ""completed_epochs"": ""prediction_verification index actual_epochs (history entries of the credited checkpoint)"", ""planned_epochs"": ""index.cohort_evidence.planned_epochs"", ""segment_note"": null, ""stop_reason"": ""derived: completed == planned == 500 and no early stopping configured"", ""training_status"": ""index.cohort_evidence.training_status""}"
train-773adadc3233602e,original500,,poisson,pino,recovery,boundary_band_50pct,20260804,b2c755cab822354e9c2c5778ff0fdc96006765377b213e4da1d891f7b3518534,003e8b54d9312a444efccbbf2c5fef30f09e32073a53492ee3584e125555e7f5,1d681f9702de246af44c047b20d7222416dd43d56a74e4e2f2158782c81af6d6,adam,0.001,0.0,step,"{""scheduler_gamma"": 0.5, ""scheduler_step_size"": 100}",1.0,4,1,1,False,500,500,225000,225000,equal,900000,fixed_500_epochs_last_checkpoint (original protocol; derived from planned epochs and no early stopping),max_epochs_500,completed,"complete_valid (nine strict blocks, 200 identities each)",<COMMIT-1>,2026-09-25 (pdeobs-prediction-verification/20260925-v1),"{""actual_examples_processed"": ""derived: completed epochs x 1800 training records; code: src/pdeobs/runner.py::_loader batches the 1800 training records without drop_last in one process; src/pdeobs/training.py takes one optimizer update per batch (no gradient accumulation)"", ""actual_optimizer_updates"": ""archived_campaign index health.optimizer_steps (health.json of the credited attempt)"", ""batch_size/optimizer/schedule"": ""resolved.yaml of the released model (digest bound to the verification index)"", ""completed_epochs"": ""prediction_verification index actual_epochs (history entries of the credited checkpoint)"", ""planned_epochs"": ""index.cohort_evidence.planned_epochs"", ""segment_note"": null, ""stop_reason"": ""derived: completed == planned == 500 and no early stopping configured"", ""training_status"": ""index.cohort_evidence.training_status""}"
train-556fe4028e6e2dfb,budget200_min120,,poisson,pino,recovery,clustered_50pct,20260804,b2c755cab822354e9c2c5778ff0fdc96006765377b213e4da1d891f7b3518534,d7e4d38681af7e7ecee61114c6a263a0a17d8a06385eab92bb415e20cd162897,d9fead0b9cc6ab4c2f25750ba5633cde8e07438a9e0d491aab93a867ff9231ca,adam,0.0005,0.0,step,"{""scheduler_gamma"": 0.5, ""scheduler_step_size"": 100}",1.0,4,1,1,False,200,130,58500,58500,equal,234000,pdeobs.max200-min120-then-train-data-patience10/20260920,train_data_patience_10,completed,"complete_valid (nine strict blocks, 200 identities each)",<COMMIT-1>,2026-09-25 (pdeobs-prediction-verification/20260925-v1),"{""actual_examples_processed"": ""derived: completed epochs x 1800 training records; code: src/pdeobs/runner.py::_loader batches the 1800 training records without drop_last in one process; src/pdeobs/training.py takes one optimizer update per batch (no gradient accumulation)"", ""actual_optimizer_updates"": ""archived_campaign index health.optimizer_steps (health.json of the credited attempt)"", ""batch_size/optimizer/schedule"": ""resolved.yaml of the released model (digest bound to the verification index)"", ""completed_epochs"": ""prediction_verification index actual_epochs (history entries of the credited checkpoint)"", ""planned_epochs"": ""index.cohort_evidence.planned_epochs"", ""segment_note"": null, ""stop_reason"": ""index.stop_reason"", ""training_status"": ""index.cohort_evidence.training_status""}"
train-6d390be1767f7b30,original500,,poisson,pino,recovery,horizontal_lines_50pct,20260804,b2c755cab822354e9c2c5778ff0fdc96006765377b213e4da1d891f7b3518534,5c55b15da887323b2d809ef8e1eb06d18bb208f1ca6d4f5f13a994899c7f7cdb,8121eb390212e282444fe021aae21ebd6f6c87f92b1baf176fc822106ee88d4c,adam,0.001,0.0,step,"{""scheduler_gamma"": 0.5, ""scheduler_step_size"": 100}",1.0,4,1,1,False,500,500,225000,225000,equal,900000,fixed_500_epochs_last_checkpoint (original protocol; derived from planned epochs and no early stopping),max_epochs_500,completed,"complete_valid (nine strict blocks, 200 identities each)",<COMMIT-1>,2026-09-25 (pdeobs-prediction-verification/20260925-v1),"{""actual_examples_processed"": ""derived: completed epochs x 1800 training records; code: src/pdeobs/runner.py::_loader batches the 1800 training records without drop_last in one process; src/pdeobs/training.py takes one optimizer update per batch (no gradient accumulation)"", ""actual_optimizer_updates"": ""archived_campaign index health.optimizer_steps (health.json of the credited attempt)"", ""batch_size/optimizer/schedule"": ""resolved.yaml of the released model (digest bound to the verification index)"", ""completed_epochs"": ""prediction_verification index actual_epochs (history entries of the credited checkpoint)"", ""planned_epochs"": ""index.cohort_evidence.planned_epochs"", ""segment_note"": null, ""stop_reason"": ""derived: completed == planned == 500 and no early stopping configured"", ""training_status"": ""index.cohort_evidence.training_status""}"
train-99a3dff381e51e7a,original500,,poisson,pino,recovery,line_sensors_50pct,20260804,b2c755cab822354e9c2c5778ff0fdc96006765377b213e4da1d891f7b3518534,a065f33fbccc014ab2b9ef39cd886fdcae6737a9bc515f81179ec11061a52837,5a27d375f9b8cbca92bb4c967a57523c57082b8c7108b201603eea708ba20988,adam,0.001,0.0,step,"{""scheduler_gamma"": 0.5, ""scheduler_step_size"": 100}",1.0,4,1,1,False,500,500,225000,225000,equal,900000,fixed_500_epochs_last_checkpoint (original protocol; derived from planned epochs and no early stopping),max_epochs_500,completed,"complete_valid (nine strict blocks, 200 identities each)",<COMMIT-1>,2026-09-25 (pdeobs-prediction-verification/20260925-v1),"{""actual_examples_processed"": ""derived: completed epochs x 1800 training records; code: src/pdeobs/runner.py::_loader batches the 1800 training records without drop_last in one process; src/pdeobs/training.py takes one optimizer update per batch (no gradient accumulation)"", ""actual_optimizer_updates"": ""archived_campaign index health.optimizer_steps (health.json of the credited attempt)"", ""batch_size/optimizer/schedule"": ""resolved.yaml of the released model (digest bound to the verification index)"", ""completed_epochs"": ""prediction_verification index actual_epochs (history entries of the credited checkpoint)"", ""planned_epochs"": ""index.cohort_evidence.planned_epochs"", ""segment_note"": null, ""stop_reason"": ""derived: completed == planned == 500 and no early stopping configured"", ""training_status"": ""index.cohort_evidence.training_status""}"
train-2cf56dbf81a4b161,original500,,poisson,pino,recovery,random_50pct,20260804,b2c755cab822354e9c2c5778ff0fdc96006765377b213e4da1d891f7b3518534,95bc3f57918240e8402c69c84ac27ed81f5f970870d5ddde17515f200e4940ff,f04e79ced4122fcbe2924089a9cb74f7a70f423b5a7cbd985f9e51ea06e68895,adam,0.001,0.0,step,"{""scheduler_gamma"": 0.5, ""scheduler_step_size"": 100}",1.0,4,1,1,False,500,500,225000,225000,equal,900000,fixed_500_epochs_last_checkpoint (original protocol; derived from planned epochs and no early stopping),max_epochs_500,completed,"complete_valid (nine strict blocks, 200 identities each)",<COMMIT-1>,2026-09-25 (pdeobs-prediction-verification/20260925-v1),"{""actual_examples_processed"": ""derived: completed epochs x 1800 training records; code: src/pdeobs/runner.py::_loader batches the 1800 training records without drop_last in one process; src/pdeobs/training.py takes one optimizer update per batch (no gradient accumulation)"", ""actual_optimizer_updates"": ""archived_campaign index health.optimizer_steps (health.json of the credited attempt)"", ""batch_size/optimizer/schedule"": ""resolved.yaml of the released model (digest bound to the verification index)"", ""completed_epochs"": ""prediction_verification index actual_epochs (history entries of the credited checkpoint)"", ""planned_epochs"": ""index.cohort_evidence.planned_epochs"", ""segment_note"": null, ""stop_reason"": ""derived: completed == planned == 500 and no early stopping configured"", ""training_status"": ""index.cohort_evidence.training_status""}"
train-19666ebface37fcd,original500,,poisson,pino,recovery,random_65pct,20260804,b2c755cab822354e9c2c5778ff0fdc96006765377b213e4da1d891f7b3518534,07bb79faaf19770aec8d017b9560cb0229369edf66e13482b5a8455bca7cacd3,3c14f15b6d167bd88a65c6ce5a20485e4b8fe2f5fc0c473b22ea4a4bfd48b310,adam,0.001,0.0,step,"{""scheduler_gamma"": 0.5, ""scheduler_step_size"": 100}",1.0,4,1,1,False,500,500,225000,225000,equal,900000,fixed_500_epochs_last_checkpoint (original protocol; derived from planned epochs and no early stopping),max_epochs_500,completed,"complete_valid (nine strict blocks, 200 identities each)",<COMMIT-1>,2026-09-25 (pdeobs-prediction-verification/20260925-v1),"{""actual_examples_processed"": ""derived: completed epochs x 1800 training records; code: src/pdeobs/runner.py::_loader batches the 1800 training records without drop_last in one process; src/pdeobs/training.py takes one optimizer update per batch (no gradient accumulation)"", ""actual_optimizer_updates"": ""archived_campaign index health.optimizer_steps (health.json of the credited attempt)"", ""batch_size/optimizer/schedule"": ""resolved.yaml of the released model (digest bound to the verification index)"", ""completed_epochs"": ""prediction_verification index actual_epochs (history entries of the credited checkpoint)"", ""planned_epochs"": ""index.cohort_evidence.planned_epochs"", ""segment_note"": null, ""stop_reason"": ""derived: completed == planned == 500 and no early stopping configured"", ""training_status"": ""index.cohort_evidence.training_status""}"
train-4d8a642782a28e70,original500,,poisson,pino,recovery,random_80pct,20260804,b2c755cab822354e9c2c5778ff0fdc96006765377b213e4da1d891f7b3518534,6fe570d16b8c88ea13540af66a1e7be8a40e0a0357af48166c8affcf8e3d00c5,f0d0d03394f06a6dd9902508c3f093bc161671318608b43a2a18316f33926c7f,adam,0.001,0.0,step,"{""scheduler_gamma"": 0.5, ""scheduler_step_size"": 100}",1.0,4,1,1,False,500,500,225000,225000,equal,900000,fixed_500_epochs_last_checkpoint (original protocol; derived from planned epochs and no early stopping),max_epochs_500,completed,"complete_valid (nine strict blocks, 200 identities each)",<COMMIT-1>,2026-09-25 (pdeobs-prediction-verification/20260925-v1),"{""actual_examples_processed"": ""derived: completed epochs x 1800 training records; code: src/pdeobs/runner.py::_loader batches the 1800 training records without drop_last in one process; src/pdeobs/training.py takes one optimizer update per batch (no gradient accumulation)"", ""actual_optimizer_updates"": ""archived_campaign index health.optimizer_steps (health.json of the credited attempt)"", ""batch_size/optimizer/schedule"": ""resolved.yaml of the released model (digest bound to the verification index)"", ""completed_epochs"": ""prediction_verification index actual_epochs (history entries of the credited checkpoint)"", ""planned_epochs"": ""index.cohort_evidence.planned_epochs"", ""segment_note"": null, ""stop_reason"": ""derived: completed == planned == 500 and no early stopping configured"", ""training_status"": ""index.cohort_evidence.training_status""}"
train-6bacadbe96fe2caa,original500,,poisson,pino,recovery,vertical_lines_50pct,20260804,b2c755cab822354e9c2c5778ff0fdc96006765377b213e4da1d891f7b3518534,0e9d5e1b597035b9fc46133d20225ca93ddcecf2153b2257e77e5d1e07e24b90,76802587b6ed9ace6709a648d844aef459538b46a7e4e2bb2f734425cd9bf507,adam,0.001,0.0,step,"{""scheduler_gamma"": 0.5, ""scheduler_step_size"": 100}",1.0,4,1,1,False,500,500,225000,225000,equal,900000,fixed_500_epochs_last_checkpoint (original protocol; derived from planned epochs and no early stopping),max_epochs_500,completed,"complete_valid (nine strict blocks, 200 identities each)",<COMMIT-1>,2026-09-25 (pdeobs-prediction-verification/20260925-v1),"{""actual_examples_processed"": ""derived: completed epochs x 1800 training records; code: src/pdeobs/runner.py::_loader batches the 1800 training records without drop_last in one process; src/pdeobs/training.py takes one optimizer update per batch (no gradient accumulation)"", ""actual_optimizer_updates"": ""archived_campaign index health.optimizer_steps (health.json of the credited attempt)"", ""batch_size/optimizer/schedule"": ""resolved.yaml of the released model (digest bound to the verification index)"", ""completed_epochs"": ""prediction_verification index actual_epochs (history entries of the credited checkpoint)"", ""planned_epochs"": ""index.cohort_evidence.planned_epochs"", ""segment_note"": null, ""stop_reason"": ""derived: completed == planned == 500 and no early stopping configured"", ""training_status"": ""index.cohort_evidence.training_status""}"
train-afb2feffe610a7b5,original500,,poisson,transolver,recovery,block_observed_50pct,20260804,b2c755cab822354e9c2c5778ff0fdc96006765377b213e4da1d891f7b3518534,1543a09024b550476b17c9d05d4cf617c4134209347c0af0946f16e74d32e499,1ebcd267f6efe3fab5235ae199a7e13bfada83923e6f2db3c42f7f1cc8b775f4,adamw,0.001,1e-05,one_cycle,"{""epochs"": 500, ""scheduler_anneal_strategy"": ""cos"", ""scheduler_div_factor"": 25.0, ""scheduler_final_div_factor"": 10000.0, ""scheduler_pct_start"": 0.3}",0.1,4,1,1,False,500,500,225000,225000,equal,900000,fixed_500_epochs_last_checkpoint (original protocol; derived from planned epochs and no early stopping),max_epochs_500,completed,"complete_valid (nine strict blocks, 200 identities each)",<COMMIT-1>,2026-09-25 (pdeobs-prediction-verification/20260925-v1),"{""actual_examples_processed"": ""derived: completed epochs x 1800 training records; code: src/pdeobs/runner.py::_loader batches the 1800 training records without drop_last in one process; src/pdeobs/training.py takes one optimizer update per batch (no gradient accumulation)"", ""actual_optimizer_updates"": ""archived_campaign index health.optimizer_steps (health.json of the credited attempt)"", ""batch_size/optimizer/schedule"": ""resolved.yaml of the released model (digest bound to the verification index)"", ""completed_epochs"": ""prediction_verification index actual_epochs (history entries of the credited checkpoint)"", ""planned_epochs"": ""index.cohort_evidence.planned_epochs"", ""segment_note"": null, ""stop_reason"": ""derived: completed == planned == 500 and no early stopping configured"", ""training_status"": ""index.cohort_evidence.training_status""}"
train-92a96c248fccf16c,original500,,poisson,transolver,recovery,boundary_band_50pct,20260804,b2c755cab822354e9c2c5778ff0fdc96006765377b213e4da1d891f7b3518534,82b88de6cfb5c084c38121d40532d8e74def626753c97b4fc777c40dab990349,e4ad2347da0d3e3a9b552ba869a9ef7b623696f31845b815bd7ec3c1c2cc08eb,adamw,0.001,1e-05,one_cycle,"{""epochs"": 500, ""scheduler_anneal_strategy"": ""cos"", ""scheduler_div_factor"": 25.0, ""scheduler_final_div_factor"": 10000.0, ""scheduler_pct_start"": 0.3}",0.1,4,1,1,False,500,500,225000,225000,equal,900000,fixed_500_epochs_last_checkpoint (original protocol; derived from planned epochs and no early stopping),max_epochs_500,completed,"complete_valid (nine strict blocks, 200 identities each)",<COMMIT-1>,2026-09-25 (pdeobs-prediction-verification/20260925-v1),"{""actual_examples_processed"": ""derived: completed epochs x 1800 training records; code: src/pdeobs/runner.py::_loader batches the 1800 training records without drop_last in one process; src/pdeobs/training.py takes one optimizer update per batch (no gradient accumulation)"", ""actual_optimizer_updates"": ""archived_campaign index health.optimizer_steps (health.json of the credited attempt)"", ""batch_size/optimizer/schedule"": ""resolved.yaml of the released model (digest bound to the verification index)"", ""completed_epochs"": ""prediction_verification index actual_epochs (history entries of the credited checkpoint)"", ""planned_epochs"": ""index.cohort_evidence.planned_epochs"", ""segment_note"": null, ""stop_reason"": ""derived: completed == planned == 500 and no early stopping configured"", ""training_status"": ""index.cohort_evidence.training_status""}"
train-b06fd332ea48481c,original500,,poisson,transolver,recovery,clustered_50pct,20260804,b2c755cab822354e9c2c5778ff0fdc96006765377b213e4da1d891f7b3518534,c6d0d05afee7f82428792100a94e2614e1956a6f7fe8f175ad0ffdb541e16c19,f41afa478af01cf6622ffcc71905d8c6ef0d1cea22ad115b30887cbeb81abcc2,adamw,0.001,1e-05,one_cycle,"{""epochs"": 500, ""scheduler_anneal_strategy"": ""cos"", ""scheduler_div_factor"": 25.0, ""scheduler_final_div_factor"": 10000.0, ""scheduler_pct_start"": 0.3}",0.1,4,1,1,False,500,500,225000,225000,equal,900000,fixed_500_epochs_last_checkpoint (original protocol; derived from planned epochs and no early stopping),max_epochs_500,completed,"complete_valid (nine strict blocks, 200 identities each)",<COMMIT-1>,2026-09-25 (pdeobs-prediction-verification/20260925-v1),"{""actual_examples_processed"": ""derived: completed epochs x 1800 training records; code: src/pdeobs/runner.py::_loader batches the 1800 training records without drop_last in one process; src/pdeobs/training.py takes one optimizer update per batch (no gradient accumulation)"", ""actual_optimizer_updates"": ""archived_campaign index health.optimizer_steps (health.json of the credited attempt)"", ""batch_size/optimizer/schedule"": ""resolved.yaml of the released model (digest bound to the verification index)"", ""completed_epochs"": ""prediction_verification index actual_epochs (history entries of the credited checkpoint)"", ""planned_epochs"": ""index.cohort_evidence.planned_epochs"", ""segment_note"": null, ""stop_reason"": ""derived: completed == planned == 500 and no early stopping configured"", ""training_status"": ""index.cohort_evidence.training_status""}"
train-11c5e0432db9b8c9,original500,,poisson,transolver,recovery,horizontal_lines_50pct,20260804,b2c755cab822354e9c2c5778ff0fdc96006765377b213e4da1d891f7b3518534,264fb5eebdbe2364e15189538f813458a60c9c6f23c3ae59747ded6f0c8e78a8,b7e46e094f7220d25a66190245e76c6e9bf8836ee1443e89e566487534b8bd4a,adamw,0.001,1e-05,one_cycle,"{""epochs"": 500, ""scheduler_anneal_strategy"": ""cos"", ""scheduler_div_factor"": 25.0, ""scheduler_final_div_factor"": 10000.0, ""scheduler_pct_start"": 0.3}",0.1,4,1,1,False,500,500,225000,225000,equal,900000,fixed_500_epochs_last_checkpoint (original protocol; derived from planned epochs and no early stopping),max_epochs_500,completed,"complete_valid (nine strict blocks, 200 identities each)",<COMMIT-1>,2026-09-25 (pdeobs-prediction-verification/20260925-v1),"{""actual_examples_processed"": ""derived: completed epochs x 1800 training records; code: src/pdeobs/runner.py::_loader batches the 1800 training records without drop_last in one process; src/pdeobs/training.py takes one optimizer update per batch (no gradient accumulation)"", ""actual_optimizer_updates"": ""archived_campaign index health.optimizer_steps (health.json of the credited attempt)"", ""batch_size/optimizer/schedule"": ""resolved.yaml of the released model (digest bound to the verification index)"", ""completed_epochs"": ""prediction_verification index actual_epochs (history entries of the credited checkpoint)"", ""planned_epochs"": ""index.cohort_evidence.planned_epochs"", ""segment_note"": null, ""stop_reason"": ""derived: completed == planned == 500 and no early stopping configured"", ""training_status"": ""index.cohort_evidence.training_status""}"
train-7e471a8b04151962,interrupted_or_recovered,,poisson,transolver,recovery,line_sensors_50pct,20260804,b2c755cab822354e9c2c5778ff0fdc96006765377b213e4da1d891f7b3518534,2364b26fb214963cde6eefe97d7ae0a0367da6e210277ceecfa2afba42a3685a,8d1e63583379cba90870b2b196338342e7f699dd6e2aaf920aac28d1d139a685,adamw,0.001,1e-05,one_cycle,"{""epochs"": 500, ""scheduler_anneal_strategy"": ""cos"", ""scheduler_div_factor"": 25.0, ""scheduler_final_div_factor"": 10000.0, ""scheduler_pct_start"": 0.3}",0.1,4,1,1,False,500,191,unknown,85950,unknown,343800,fixed_500_epochs_last_checkpoint (original protocol; derived from planned epochs and no early stopping),unknown,unknown,"complete_valid (nine strict blocks, 200 identities each)",<COMMIT-1>,2026-09-25 (pdeobs-prediction-verification/20260925-v1),"{""actual_examples_processed"": ""derived: completed epochs x 1800 training records; code: src/pdeobs/runner.py::_loader batches the 1800 training records without drop_last in one process; src/pdeobs/training.py takes one optimizer update per batch (no gradient accumulation)"", ""actual_optimizer_updates"": ""unknown: no optimizer step counter in the credited receipts"", ""batch_size/optimizer/schedule"": ""resolved.yaml of the released model (digest bound to the verification index)"", ""completed_epochs"": ""prediction_verification index actual_epochs (history entries of the credited checkpoint)"", ""planned_epochs"": ""index.cohort_evidence.planned_epochs"", ""segment_note"": null, ""stop_reason"": ""no stop reason recorded"", ""training_status"": ""archived health.status""}"
train-9c3b104e43586073,original500,,poisson,transolver,recovery,random_50pct,20260804,b2c755cab822354e9c2c5778ff0fdc96006765377b213e4da1d891f7b3518534,b5a6708fffab63f3331b89ec99868974577d10fe752faebf8405a67f5ae9998d,b430a7efc000a9f31848bfa466bb6e980e3fad74c84b5de49902b5fb81bf1bf1,adamw,0.001,1e-05,one_cycle,"{""epochs"": 500, ""scheduler_anneal_strategy"": ""cos"", ""scheduler_div_factor"": 25.0, ""scheduler_final_div_factor"": 10000.0, ""scheduler_pct_start"": 0.3}",0.1,4,1,1,False,500,500,225000,225000,equal,900000,fixed_500_epochs_last_checkpoint (original protocol; derived from planned epochs and no early stopping),max_epochs_500,completed,"complete_valid (nine strict blocks, 200 identities each)",<COMMIT-1>,2026-09-25 (pdeobs-prediction-verification/20260925-v1),"{""actual_examples_processed"": ""derived: completed epochs x 1800 training records; code: src/pdeobs/runner.py::_loader batches the 1800 training records without drop_last in one process; src/pdeobs/training.py takes one optimizer update per batch (no gradient accumulation)"", ""actual_optimizer_updates"": ""archived_campaign index health.optimizer_steps (health.json of the credited attempt)"", ""batch_size/optimizer/schedule"": ""resolved.yaml of the released model (digest bound to the verification index)"", ""completed_epochs"": ""prediction_verification index actual_epochs (history entries of the credited checkpoint)"", ""planned_epochs"": ""index.cohort_evidence.planned_epochs"", ""segment_note"": null, ""stop_reason"": ""derived: completed == planned == 500 and no early stopping configured"", ""training_status"": ""index.cohort_evidence.training_status""}"
train-419ef43092e025e2,original500,,poisson,transolver,recovery,random_65pct,20260804,b2c755cab822354e9c2c5778ff0fdc96006765377b213e4da1d891f7b3518534,bf6dfaa753c7aa5d9fe433c01c133a7b0923267a77852e88084980432d492349,d30c38d1a9eb63e152e2e3009bbd7e0a3c0e93ba525ce1c337c16ccd1a822c48,adamw,0.001,1e-05,one_cycle,"{""epochs"": 500, ""scheduler_anneal_strategy"": ""cos"", ""scheduler_div_factor"": 25.0, ""scheduler_final_div_factor"": 10000.0, ""scheduler_pct_start"": 0.3}",0.1,4,1,1,False,500,500,225000,225000,equal,900000,fixed_500_epochs_last_checkpoint (original protocol; derived from planned epochs and no early stopping),max_epochs_500,completed,"complete_valid (nine strict blocks, 200 identities each)",<COMMIT-1>,2026-09-25 (pdeobs-prediction-verification/20260925-v1),"{""actual_examples_processed"": ""derived: completed epochs x 1800 training records; code: src/pdeobs/runner.py::_loader batches the 1800 training records without drop_last in one process; src/pdeobs/training.py takes one optimizer update per batch (no gradient accumulation)"", ""actual_optimizer_updates"": ""archived_campaign index health.optimizer_steps (health.json of the credited attempt)"", ""batch_size/optimizer/schedule"": ""resolved.yaml of the released model (digest bound to the verification index)"", ""completed_epochs"": ""prediction_verification index actual_epochs (history entries of the credited checkpoint)"", ""planned_epochs"": ""index.cohort_evidence.planned_epochs"", ""segment_note"": null, ""stop_reason"": ""derived: completed == planned == 500 and no early stopping configured"", ""training_status"": ""index.cohort_evidence.training_status""}"
train-cb225e15bb2dadd3,original500,,poisson,transolver,recovery,random_80pct,20260804,b2c755cab822354e9c2c5778ff0fdc96006765377b213e4da1d891f7b3518534,50457bacb34c0339823f42b725365f6684e747fd868219aff3a574c283e2cdcd,b99e3c44c392438ddf619b55b236053f172a5e20373a089211dbd25f82311878,adamw,0.001,1e-05,one_cycle,"{""epochs"": 500, ""scheduler_anneal_strategy"": ""cos"", ""scheduler_div_factor"": 25.0, ""scheduler_final_div_factor"": 10000.0, ""scheduler_pct_start"": 0.3}",0.1,4,1,1,False,500,500,225000,225000,equal,900000,fixed_500_epochs_last_checkpoint (original protocol; derived from planned epochs and no early stopping),max_epochs_500,completed,"complete_valid (nine strict blocks, 200 identities each)",<COMMIT-1>,2026-09-25 (pdeobs-prediction-verification/20260925-v1),"{""actual_examples_processed"": ""derived: completed epochs x 1800 training records; code: src/pdeobs/runner.py::_loader batches the 1800 training records without drop_last in one process; src/pdeobs/training.py takes one optimizer update per batch (no gradient accumulation)"", ""actual_optimizer_updates"": ""archived_campaign index health.optimizer_steps (health.json of the credited attempt)"", ""batch_size/optimizer/schedule"": ""resolved.yaml of the released model (digest bound to the verification index)"", ""completed_epochs"": ""prediction_verification index actual_epochs (history entries of the credited checkpoint)"", ""planned_epochs"": ""index.cohort_evidence.planned_epochs"", ""segment_note"": null, ""stop_reason"": ""derived: completed == planned == 500 and no early stopping configured"", ""training_status"": ""index.cohort_evidence.training_status""}"
train-7b9179186b055796,interrupted_or_recovered,,poisson,transolver,recovery,vertical_lines_50pct,20260804,b2c755cab822354e9c2c5778ff0fdc96006765377b213e4da1d891f7b3518534,48d7f99e43b6a0ec0a6ecbf88198e1cd7f87bb321ad6fbfbbca4e3eec8976b29,7bb99c9fa691bee8ab8c3cf4a4a42a7b009e17b7c56384ca12580ed317b763b3,adamw,0.001,1e-05,one_cycle,"{""epochs"": 500, ""scheduler_anneal_strategy"": ""cos"", ""scheduler_div_factor"": 25.0, ""scheduler_final_div_factor"": 10000.0, ""scheduler_pct_start"": 0.3}",0.1,4,1,1,False,500,189,unknown,85050,unknown,340200,fixed_500_epochs_last_checkpoint (original protocol; derived from planned epochs and no early stopping),unknown,unknown,"complete_valid (nine strict blocks, 200 identities each)",<COMMIT-1>,2026-09-25 (pdeobs-prediction-verification/20260925-v1),"{""actual_examples_processed"": ""derived: completed epochs x 1800 training records; code: src/pdeobs/runner.py::_loader batches the 1800 training records without drop_last in one process; src/pdeobs/training.py takes one optimizer update per batch (no gradient accumulation)"", ""actual_optimizer_updates"": ""unknown: no optimizer step counter in the credited receipts"", ""batch_size/optimizer/schedule"": ""resolved.yaml of the released model (digest bound to the verification index)"", ""completed_epochs"": ""prediction_verification index actual_epochs (history entries of the credited checkpoint)"", ""planned_epochs"": ""index.cohort_evidence.planned_epochs"", ""segment_note"": null, ""stop_reason"": ""no stop reason recorded"", ""training_status"": ""archived health.status""}"
train-ce7827a394f63450,budget200_min120,,poisson,ufno_2d,recovery,block_observed_50pct,20260804,b2c755cab822354e9c2c5778ff0fdc96006765377b213e4da1d891f7b3518534,f4ba96b59275f9ae0004aa27940f22e0144e100ffb0141fd118296bedd9cdf57,defcae09ec1fd67d4904edad3dfb5ba3a8fde1252f782ebe1cc9bbca3e8eeedd,adam,0.0005,0.0001,one_cycle,"{""epochs"": 200, ""scheduler_anneal_strategy"": ""cos"", ""scheduler_div_factor"": 25.0, ""scheduler_final_div_factor"": 10000.0, ""scheduler_pct_start"": 0.3}",1.0,4,1,1,False,200,200,90000,90000,equal,360000,pdeobs.max200-min120-then-train-data-patience10/20260920,max_epochs_200,completed,"complete_valid (nine strict blocks, 200 identities each)",<COMMIT-1>,2026-09-25 (pdeobs-prediction-verification/20260925-v1),"{""actual_examples_processed"": ""derived: completed epochs x 1800 training records; code: src/pdeobs/runner.py::_loader batches the 1800 training records without drop_last in one process; src/pdeobs/training.py takes one optimizer update per batch (no gradient accumulation)"", ""actual_optimizer_updates"": ""archived_campaign index health.optimizer_steps (health.json of the credited attempt)"", ""batch_size/optimizer/schedule"": ""resolved.yaml of the released model (digest bound to the verification index)"", ""completed_epochs"": ""prediction_verification index actual_epochs (history entries of the credited checkpoint)"", ""planned_epochs"": ""index.cohort_evidence.planned_epochs"", ""segment_note"": null, ""stop_reason"": ""index.stop_reason"", ""training_status"": ""index.cohort_evidence.training_status""}"
train-eb087c954826f2cc,budget200_min120,,poisson,ufno_2d,recovery,boundary_band_50pct,20260804,b2c755cab822354e9c2c5778ff0fdc96006765377b213e4da1d891f7b3518534,967600d47f802ad4bfc10a264ec2afb71fc211de7d4ce937b53126947ec87847,8ad6db475901ffb7de1b0f06012b27220d8b6bf16d37b6ebc1b8ef9dc089ebe7,adam,0.0005,0.0001,one_cycle,"{""epochs"": 200, ""scheduler_anneal_strategy"": ""cos"", ""scheduler_div_factor"": 25.0, ""scheduler_final_div_factor"": 10000.0, ""scheduler_pct_start"": 0.3}",1.0,4,1,1,False,200,200,90000,90000,equal,360000,pdeobs.max200-min120-then-train-data-patience10/20260920,max_epochs_200,completed,"complete_valid (nine strict blocks, 200 identities each)",<COMMIT-1>,2026-09-25 (pdeobs-prediction-verification/20260925-v1),"{""actual_examples_processed"": ""derived: completed epochs x 1800 training records; code: src/pdeobs/runner.py::_loader batches the 1800 training records without drop_last in one process; src/pdeobs/training.py takes one optimizer update per batch (no gradient accumulation)"", ""actual_optimizer_updates"": ""archived_campaign index health.optimizer_steps (health.json of the credited attempt)"", ""batch_size/optimizer/schedule"": ""resolved.yaml of the released model (digest bound to the verification index)"", ""completed_epochs"": ""prediction_verification index actual_epochs (history entries of the credited checkpoint)"", ""planned_epochs"": ""index.cohort_evidence.planned_epochs"", ""segment_note"": null, ""stop_reason"": ""index.stop_reason"", ""training_status"": ""index.cohort_evidence.training_status""}"
train-46bacbc3b370a2d7,budget200_min120,,poisson,ufno_2d,recovery,clustered_50pct,20260804,b2c755cab822354e9c2c5778ff0fdc96006765377b213e4da1d891f7b3518534,7f4ba83ebf378320f5357f74590427ead61d205b53a2b4f1b1dd4f1c114abcab,cb11e42e65a39f50a69aabecfa3530c13158ee245370197d6cc3853bb160078e,adam,0.0005,0.0001,one_cycle,"{""epochs"": 200, ""scheduler_anneal_strategy"": ""cos"", ""scheduler_div_factor"": 25.0, ""scheduler_final_div_factor"": 10000.0, ""scheduler_pct_start"": 0.3}",1.0,4,1,1,False,200,200,90000,90000,equal,360000,pdeobs.max200-min120-then-train-data-patience10/20260920,max_epochs_200,completed,"complete_valid (nine strict blocks, 200 identities each)",<COMMIT-1>,2026-09-25 (pdeobs-prediction-verification/20260925-v1),"{""actual_examples_processed"": ""derived: completed epochs x 1800 training records; code: src/pdeobs/runner.py::_loader batches the 1800 training records without drop_last in one process; src/pdeobs/training.py takes one optimizer update per batch (no gradient accumulation)"", ""actual_optimizer_updates"": ""archived_campaign index health.optimizer_steps (health.json of the credited attempt)"", ""batch_size/optimizer/schedule"": ""resolved.yaml of the released model (digest bound to the verification index)"", ""completed_epochs"": ""prediction_verification index actual_epochs (history entries of the credited checkpoint)"", ""planned_epochs"": ""index.cohort_evidence.planned_epochs"", ""segment_note"": null, ""stop_reason"": ""index.stop_reason"", ""training_status"": ""index.cohort_evidence.training_status""}"
train-8adcada6dece1eaf,budget200_min120,,poisson,ufno_2d,recovery,horizontal_lines_50pct,20260804,b2c755cab822354e9c2c5778ff0fdc96006765377b213e4da1d891f7b3518534,e1b66abf5e534a4083f432ed7c63a0c0c72baebe5792f74f64fff625feac6cfb,44cdd5db93293a6f8742ce9a7ff8c262916f9abdc2380a0109b0d678c0da233a,adam,0.00025,0.0001,step,"{""scheduler_gamma"": 0.5, ""scheduler_step_size"": 100}",1.0,4,1,1,False,200,130,58500,58500,equal,234000,pdeobs.max200-min120-then-train-data-patience10/20260920,train_data_patience_10,completed,"complete_valid (nine strict blocks, 200 identities each)",<COMMIT-1>,2026-09-25 (pdeobs-prediction-verification/20260925-v1),"{""actual_examples_processed"": ""derived: completed epochs x 1800 training records; code: src/pdeobs/runner.py::_loader batches the 1800 training records without drop_last in one process; src/pdeobs/training.py takes one optimizer update per batch (no gradient accumulation)"", ""actual_optimizer_updates"": ""archived_campaign index health.optimizer_steps (health.json of the credited attempt)"", ""batch_size/optimizer/schedule"": ""resolved.yaml of the released model (digest bound to the verification index)"", ""completed_epochs"": ""prediction_verification index actual_epochs (history entries of the credited checkpoint)"", ""planned_epochs"": ""index.cohort_evidence.planned_epochs"", ""segment_note"": null, ""stop_reason"": ""index.stop_reason"", ""training_status"": ""index.cohort_evidence.training_status""}"
train-a327c2eb061c15ee,budget200_min120,,poisson,ufno_2d,recovery,line_sensors_50pct,20260804,b2c755cab822354e9c2c5778ff0fdc96006765377b213e4da1d891f7b3518534,ba4281ae9c7eae769557d39b1e68717bedd756090fc5143e05da265331e3a782,d4c62213a8b3510958bb307c59f243f1a1301fa218f7470ca2bf55e4f43c4e1e,adam,0.00025,0.0001,step,"{""scheduler_gamma"": 0.5, ""scheduler_step_size"": 100}",1.0,4,1,1,False,200,134,60300,60300,equal,241200,pdeobs.max200-min120-then-train-data-patience10/20260920,train_data_patience_10,completed,"complete_valid (nine strict blocks, 200 identities each)",<COMMIT-1>,2026-09-25 (pdeobs-prediction-verification/20260925-v1),"{""actual_examples_processed"": ""derived: completed epochs x 1800 training records; code: src/pdeobs/runner.py::_loader batches the 1800 training records without drop_last in one process; src/pdeobs/training.py takes one optimizer update per batch (no gradient accumulation)"", ""actual_optimizer_updates"": ""archived_campaign index health.optimizer_steps (health.json of the credited attempt)"", ""batch_size/optimizer/schedule"": ""resolved.yaml of the released model (digest bound to the verification index)"", ""completed_epochs"": ""prediction_verification index actual_epochs (history entries of the credited checkpoint)"", ""planned_epochs"": ""index.cohort_evidence.planned_epochs"", ""segment_note"": null, ""stop_reason"": ""index.stop_reason"", ""training_status"": ""index.cohort_evidence.training_status""}"
train-5a359220d7276b87,budget200_min120,,poisson,ufno_2d,recovery,random_50pct,20260804,b2c755cab822354e9c2c5778ff0fdc96006765377b213e4da1d891f7b3518534,2c2b67ccf0eefee52af1ffe129a59b66efea544c7513a9b12471274c802f215c,0b8169da64ffda09c1a1d51c281d6c8a89c1384aee24355b8ae33d4c7d3359b2,adam,0.00025,0.0001,step,"{""scheduler_gamma"": 0.5, ""scheduler_step_size"": 100}",1.0,4,1,1,False,200,130,58500,58500,equal,234000,pdeobs.max200-min120-then-train-data-patience10/20260920,train_data_patience_10,completed,"complete_valid (nine strict blocks, 200 identities each)",<COMMIT-1>,2026-09-25 (pdeobs-prediction-verification/20260925-v1),"{""actual_examples_processed"": ""derived: completed epochs x 1800 training records; code: src/pdeobs/runner.py::_loader batches the 1800 training records without drop_last in one process; src/pdeobs/training.py takes one optimizer update per batch (no gradient accumulation)"", ""actual_optimizer_updates"": ""archived_campaign index health.optimizer_steps (health.json of the credited attempt)"", ""batch_size/optimizer/schedule"": ""resolved.yaml of the released model (digest bound to the verification index)"", ""completed_epochs"": ""prediction_verification index actual_epochs (history entries of the credited checkpoint)"", ""planned_epochs"": ""index.cohort_evidence.planned_epochs"", ""segment_note"": null, ""stop_reason"": ""index.stop_reason"", ""training_status"": ""index.cohort_evidence.training_status""}"
train-19253cc4e4bfe946,budget200_min120,,poisson,ufno_2d,recovery,random_65pct,20260804,b2c755cab822354e9c2c5778ff0fdc96006765377b213e4da1d891f7b3518534,d7b1d45c25e4e556c9c0a387969f0c34198022f3f9bcdbde5cea15f9891c3064,f255eb0ba589cc47ce256ad7c23bde0d84f85560712380a47ba43a338ec589cc,adam,0.0005,0.0001,step,"{""scheduler_gamma"": 0.5, ""scheduler_step_size"": 100}",1.0,4,1,1,False,200,151,67950,67950,equal,271800,pdeobs.max200-min120-then-train-data-patience10/20260920,train_data_patience_10,completed,"complete_valid (nine strict blocks, 200 identities each)",<COMMIT-1>,2026-09-25 (pdeobs-prediction-verification/20260925-v1),"{""actual_examples_processed"": ""derived: completed epochs x 1800 training records; code: src/pdeobs/runner.py::_loader batches the 1800 training records without drop_last in one process; src/pdeobs/training.py takes one optimizer update per batch (no gradient accumulation)"", ""actual_optimizer_updates"": ""archived_campaign index health.optimizer_steps (health.json of the credited attempt)"", ""batch_size/optimizer/schedule"": ""resolved.yaml of the released model (digest bound to the verification index)"", ""completed_epochs"": ""prediction_verification index actual_epochs (history entries of the credited checkpoint)"", ""planned_epochs"": ""index.cohort_evidence.planned_epochs"", ""segment_note"": null, ""stop_reason"": ""index.stop_reason"", ""training_status"": ""index.cohort_evidence.training_status""}"
train-441da221af8eedc9,budget200_min120,,poisson,ufno_2d,recovery,random_80pct,20260804,b2c755cab822354e9c2c5778ff0fdc96006765377b213e4da1d891f7b3518534,59525120b1d00377b818ec8a4bfc96760923989a0b26e64a16092ab33272beb8,2157fc79ea2cb0c8c77b88d9f8b616a24654da5ac7b34b5589b1b26407271442,adam,0.0005,0.0001,step,"{""scheduler_gamma"": 0.5, ""scheduler_step_size"": 100}",1.0,4,1,1,False,200,163,73350,73350,equal,293400,pdeobs.max200-min120-then-train-data-patience10/20260920,train_data_patience_10,completed,"complete_valid (nine strict blocks, 200 identities each)",<COMMIT-1>,2026-09-25 (pdeobs-prediction-verification/20260925-v1),"{""actual_examples_processed"": ""derived: completed epochs x 1800 training records; code: src/pdeobs/runner.py::_loader batches the 1800 training records without drop_last in one process; src/pdeobs/training.py takes one optimizer update per batch (no gradient accumulation)"", ""actual_optimizer_updates"": ""archived_campaign index health.optimizer_steps (health.json of the credited attempt)"", ""batch_size/optimizer/schedule"": ""resolved.yaml of the released model (digest bound to the verification index)"", ""completed_epochs"": ""prediction_verification index actual_epochs (history entries of the credited checkpoint)"", ""planned_epochs"": ""index.cohort_evidence.planned_epochs"", ""segment_note"": null, ""stop_reason"": ""index.stop_reason"", ""training_status"": ""index.cohort_evidence.training_status""}"
train-7ef5792b061cef4a,budget200_min120,,poisson,ufno_2d,recovery,vertical_lines_50pct,20260804,b2c755cab822354e9c2c5778ff0fdc96006765377b213e4da1d891f7b3518534,7897dd006f2a03cf0926f8c5cc7f74048c77ff71a0fe56a1ae91aa2b4cc3ed3a,5f2af516e956351f20b7e1c9ebfccaa4c4bb43be1b63f76664e2e6f9a3fff636,adam,0.0005,0.0001,step,"{""scheduler_gamma"": 0.5, ""scheduler_step_size"": 100}",1.0,4,1,1,False,200,137,61650,61650,equal,246600,pdeobs.max200-min120-then-train-data-patience10/20260920,train_data_patience_10,completed,"complete_valid (nine strict blocks, 200 identities each)",<COMMIT-1>,2026-09-25 (pdeobs-prediction-verification/20260925-v1),"{""actual_examples_processed"": ""derived: completed epochs x 1800 training records; code: src/pdeobs/runner.py::_loader batches the 1800 training records without drop_last in one process; src/pdeobs/training.py takes one optimizer update per batch (no gradient accumulation)"", ""actual_optimizer_updates"": ""archived_campaign index health.optimizer_steps (health.json of the credited attempt)"", ""batch_size/optimizer/schedule"": ""resolved.yaml of the released model (digest bound to the verification index)"", ""completed_epochs"": ""prediction_verification index actual_epochs (history entries of the credited checkpoint)"", ""planned_epochs"": ""index.cohort_evidence.planned_epochs"", ""segment_note"": null, ""stop_reason"": ""index.stop_reason"", ""training_status"": ""index.cohort_evidence.training_status""}"
train-059723482b0eadd7,original500,,reaction_diffusion,cno,rollout,block_observed_50pct,20260804,2ab872337dd2ef9cc8ddfe085d0a3f87a37021f86057715467219757e5b73d87,fc2d691d774a7d24851988c21f66c6fe33f7575875e3ea5515229e2044afa0f9,3d9a3899caef099787281285bbbb4d825a30e43b5aa683faa79e38ec9e215ae1,adamw,0.001,1e-06,step,"{""scheduler_gamma"": 0.5, ""scheduler_step_size"": 100}",1.0,8,1,1,False,500,500,112500,112500,equal,900000,fixed_500_epochs_last_checkpoint (original protocol; derived from planned epochs and no early stopping),max_epochs_500,completed,"complete_valid (nine strict blocks, 200 identities each)",<COMMIT-1>,2026-09-25 (pdeobs-prediction-verification/20260925-v1),"{""actual_examples_processed"": ""derived: completed epochs x 1800 training records; code: src/pdeobs/runner.py::_loader batches the 1800 training records without drop_last in one process; src/pdeobs/training.py takes one optimizer update per batch (no gradient accumulation)"", ""actual_optimizer_updates"": ""archived_campaign index health.optimizer_steps (health.json of the credited attempt)"", ""batch_size/optimizer/schedule"": ""resolved.yaml of the released model (digest bound to the verification index)"", ""completed_epochs"": ""prediction_verification index actual_epochs (history entries of the credited checkpoint)"", ""planned_epochs"": ""index.cohort_evidence.planned_epochs"", ""segment_note"": null, ""stop_reason"": ""derived: completed == planned == 500 and no early stopping configured"", ""training_status"": ""index.cohort_evidence.training_status""}"
train-b05ad5024ab0441a,original500,,reaction_diffusion,cno,rollout,boundary_band_50pct,20260804,2ab872337dd2ef9cc8ddfe085d0a3f87a37021f86057715467219757e5b73d87,e2fb07f08047f6d275e61b553e29dafcdb40bbd75f24772248755b07dcf668fa,3a7cd4ea17c73a4ab99f5693c560fd55b1f8dac8facdb683aa51983159fd6479,adamw,0.001,1e-06,step,"{""scheduler_gamma"": 0.5, ""scheduler_step_size"": 100}",1.0,8,1,1,False,500,500,112500,112500,equal,900000,fixed_500_epochs_last_checkpoint (original protocol; derived from planned epochs and no early stopping),max_epochs_500,completed,"complete_valid (nine strict blocks, 200 identities each)",<COMMIT-1>,2026-09-25 (pdeobs-prediction-verification/20260925-v1),"{""actual_examples_processed"": ""derived: completed epochs x 1800 training records; code: src/pdeobs/runner.py::_loader batches the 1800 training records without drop_last in one process; src/pdeobs/training.py takes one optimizer update per batch (no gradient accumulation)"", ""actual_optimizer_updates"": ""archived_campaign index health.optimizer_steps (health.json of the credited attempt)"", ""batch_size/optimizer/schedule"": ""resolved.yaml of the released model (digest bound to the verification index)"", ""completed_epochs"": ""prediction_verification index actual_epochs (history entries of the credited checkpoint)"", ""planned_epochs"": ""index.cohort_evidence.planned_epochs"", ""segment_note"": null, ""stop_reason"": ""derived: completed == planned == 500 and no early stopping configured"", ""training_status"": ""index.cohort_evidence.training_status""}"
train-06c8da202777f46c,original500,,reaction_diffusion,cno,rollout,clustered_50pct,20260804,2ab872337dd2ef9cc8ddfe085d0a3f87a37021f86057715467219757e5b73d87,9fe35cc4a2e3facb0b3c043713b8ef7da37d6e609462b512b3ac4d7a1627efa6,f605ace781464abdad520d1effc0625647d2baa23b9dcf59e4f2b755123bafeb,adamw,0.001,1e-06,step,"{""scheduler_gamma"": 0.5, ""scheduler_step_size"": 100}",1.0,8,1,1,False,500,500,112500,112500,equal,900000,fixed_500_epochs_last_checkpoint (original protocol; derived from planned epochs and no early stopping),max_epochs_500,completed,"complete_valid (nine strict blocks, 200 identities each)",<COMMIT-1>,2026-09-25 (pdeobs-prediction-verification/20260925-v1),"{""actual_examples_processed"": ""derived: completed epochs x 1800 training records; code: src/pdeobs/runner.py::_loader batches the 1800 training records without drop_last in one process; src/pdeobs/training.py takes one optimizer update per batch (no gradient accumulation)"", ""actual_optimizer_updates"": ""archived_campaign index health.optimizer_steps (health.json of the credited attempt)"", ""batch_size/optimizer/schedule"": ""resolved.yaml of the released model (digest bound to the verification index)"", ""completed_epochs"": ""prediction_verification index actual_epochs (history entries of the credited checkpoint)"", ""planned_epochs"": ""index.cohort_evidence.planned_epochs"", ""segment_note"": null, ""stop_reason"": ""derived: completed == planned == 500 and no early stopping configured"", ""training_status"": ""index.cohort_evidence.training_status""}"
train-bbe25194a80a5e64,original500,,reaction_diffusion,cno,rollout,horizontal_lines_50pct,20260804,2ab872337dd2ef9cc8ddfe085d0a3f87a37021f86057715467219757e5b73d87,3e1ba0cc6be2322c86cbc6bd520b001bf0d51647f6ae82e77d0d0573fad2e4c6,5b114cc8c5313c2c7b55d92b601311cc1ea2133c9c6d0953606c331654110411,adamw,0.001,1e-06,step,"{""scheduler_gamma"": 0.5, ""scheduler_step_size"": 100}",1.0,8,1,1,False,500,500,112500,112500,equal,900000,fixed_500_epochs_last_checkpoint (original protocol; derived from planned epochs and no early stopping),max_epochs_500,completed,"complete_valid (nine strict blocks, 200 identities each)",<COMMIT-1>,2026-09-25 (pdeobs-prediction-verification/20260925-v1),"{""actual_examples_processed"": ""derived: completed epochs x 1800 training records; code: src/pdeobs/runner.py::_loader batches the 1800 training records without drop_last in one process; src/pdeobs/training.py takes one optimizer update per batch (no gradient accumulation)"", ""actual_optimizer_updates"": ""archived_campaign index health.optimizer_steps (health.json of the credited attempt)"", ""batch_size/optimizer/schedule"": ""resolved.yaml of the released model (digest bound to the verification index)"", ""completed_epochs"": ""prediction_verification index actual_epochs (history entries of the credited checkpoint)"", ""planned_epochs"": ""index.cohort_evidence.planned_epochs"", ""segment_note"": null, ""stop_reason"": ""derived: completed == planned == 500 and no early stopping configured"", ""training_status"": ""index.cohort_evidence.training_status""}"
train-192b0d6ade66c319,original500,,reaction_diffusion,cno,rollout,line_sensors_50pct,20260804,2ab872337dd2ef9cc8ddfe085d0a3f87a37021f86057715467219757e5b73d87,1401ed51d9a7c70980e7cf23cf516d1a865d5dd61c675ad85e915ef836ff3a76,2e1035ae473758b3d15246c6f93c8b2d9aba1cbb185aa64b8bb61b5c62ecaf95,adamw,0.001,1e-06,step,"{""scheduler_gamma"": 0.5, ""scheduler_step_size"": 100}",1.0,8,1,1,False,500,500,112500,112500,equal,900000,fixed_500_epochs_last_checkpoint (original protocol; derived from planned epochs and no early stopping),max_epochs_500,completed,"complete_valid (nine strict blocks, 200 identities each)",<COMMIT-1>,2026-09-25 (pdeobs-prediction-verification/20260925-v1),"{""actual_examples_processed"": ""derived: completed epochs x 1800 training records; code: src/pdeobs/runner.py::_loader batches the 1800 training records without drop_last in one process; src/pdeobs/training.py takes one optimizer update per batch (no gradient accumulation)"", ""actual_optimizer_updates"": ""archived_campaign index health.optimizer_steps (health.json of the credited attempt)"", ""batch_size/optimizer/schedule"": ""resolved.yaml of the released model (digest bound to the verification index)"", ""completed_epochs"": ""prediction_verification index actual_epochs (history entries of the credited checkpoint)"", ""planned_epochs"": ""index.cohort_evidence.planned_epochs"", ""segment_note"": null, ""stop_reason"": ""derived: completed == planned == 500 and no early stopping configured"", ""training_status"": ""index.cohort_evidence.training_status""}"
train-d61cd431134125a5,original500,,reaction_diffusion,cno,rollout,random_50pct,20260804,2ab872337dd2ef9cc8ddfe085d0a3f87a37021f86057715467219757e5b73d87,f696723caa36fefb09b079443e0a596a84044657a40b11704d993b439e14b553,a58ad54165fca6dd7853b8803fafe21712fc1c471b6208887e3edd937537ca1f,adamw,0.001,1e-06,step,"{""scheduler_gamma"": 0.5, ""scheduler_step_size"": 100}",1.0,8,1,1,False,500,500,112500,112500,equal,900000,fixed_500_epochs_last_checkpoint (original protocol; derived from planned epochs and no early stopping),max_epochs_500,completed,"complete_valid (nine strict blocks, 200 identities each)",<COMMIT-1>,2026-09-25 (pdeobs-prediction-verification/20260925-v1),"{""actual_examples_processed"": ""derived: completed epochs x 1800 training records; code: src/pdeobs/runner.py::_loader batches the 1800 training records without drop_last in one process; src/pdeobs/training.py takes one optimizer update per batch (no gradient accumulation)"", ""actual_optimizer_updates"": ""archived_campaign index health.optimizer_steps (health.json of the credited attempt)"", ""batch_size/optimizer/schedule"": ""resolved.yaml of the released model (digest bound to the verification index)"", ""completed_epochs"": ""prediction_verification index actual_epochs (history entries of the credited checkpoint)"", ""planned_epochs"": ""index.cohort_evidence.planned_epochs"", ""segment_note"": null, ""stop_reason"": ""derived: completed == planned == 500 and no early stopping configured"", ""training_status"": ""index.cohort_evidence.training_status""}"
train-08b08f386297935f,original500,,reaction_diffusion,cno,rollout,random_65pct,20260804,2ab872337dd2ef9cc8ddfe085d0a3f87a37021f86057715467219757e5b73d87,5a0ebb6ca5391f86e9fd69b251f4e70f6b94b3953e962306993a411a1b570e5b,858333a58491e74407c0d7312f0dc3346271c98e93eb5c179a61a6fe314f1f7f,adamw,0.001,1e-06,step,"{""scheduler_gamma"": 0.5, ""scheduler_step_size"": 100}",1.0,8,1,1,False,500,500,112500,112500,equal,900000,fixed_500_epochs_last_checkpoint (original protocol; derived from planned epochs and no early stopping),max_epochs_500,completed,"complete_valid (nine strict blocks, 200 identities each)",<COMMIT-1>,2026-09-25 (pdeobs-prediction-verification/20260925-v1),"{""actual_examples_processed"": ""derived: completed epochs x 1800 training records; code: src/pdeobs/runner.py::_loader batches the 1800 training records without drop_last in one process; src/pdeobs/training.py takes one optimizer update per batch (no gradient accumulation)"", ""actual_optimizer_updates"": ""archived_campaign index health.optimizer_steps (health.json of the credited attempt)"", ""batch_size/optimizer/schedule"": ""resolved.yaml of the released model (digest bound to the verification index)"", ""completed_epochs"": ""prediction_verification index actual_epochs (history entries of the credited checkpoint)"", ""planned_epochs"": ""index.cohort_evidence.planned_epochs"", ""segment_note"": null, ""stop_reason"": ""derived: completed == planned == 500 and no early stopping configured"", ""training_status"": ""index.cohort_evidence.training_status""}"
train-5f4bcb7e4ccdf2ba,original500,,reaction_diffusion,cno,rollout,random_80pct,20260804,2ab872337dd2ef9cc8ddfe085d0a3f87a37021f86057715467219757e5b73d87,9619a2a4f7a7e71021fd4aad9e9e2a90a46079a5717c629530b44dc48c9d01bc,2398caee7ebf7044c0cc36aa55bc8cce415a6c6a71875612bab0a70936ab6306,adamw,0.001,1e-06,step,"{""scheduler_gamma"": 0.5, ""scheduler_step_size"": 100}",1.0,8,1,1,False,500,500,112500,112500,equal,900000,fixed_500_epochs_last_checkpoint (original protocol; derived from planned epochs and no early stopping),max_epochs_500,completed,"complete_valid (nine strict blocks, 200 identities each)",<COMMIT-1>,2026-09-25 (pdeobs-prediction-verification/20260925-v1),"{""actual_examples_processed"": ""derived: completed epochs x 1800 training records; code: src/pdeobs/runner.py::_loader batches the 1800 training records without drop_last in one process; src/pdeobs/training.py takes one optimizer update per batch (no gradient accumulation)"", ""actual_optimizer_updates"": ""archived_campaign index health.optimizer_steps (health.json of the credited attempt)"", ""batch_size/optimizer/schedule"": ""resolved.yaml of the released model (digest bound to the verification index)"", ""completed_epochs"": ""prediction_verification index actual_epochs (history entries of the credited checkpoint)"", ""planned_epochs"": ""index.cohort_evidence.planned_epochs"", ""segment_note"": null, ""stop_reason"": ""derived: completed == planned == 500 and no early stopping configured"", ""training_status"": ""index.cohort_evidence.training_status""}"
train-c63101fa7160caa5,original500,,reaction_diffusion,cno,rollout,vertical_lines_50pct,20260804,2ab872337dd2ef9cc8ddfe085d0a3f87a37021f86057715467219757e5b73d87,d7183b98326a14af5b7247b13d81e13f61da93c61c4001a423ebbabc8aabb9d0,af67e1b72d0a63ac62ce7a5e581cd422f9aa99e4bc3cfe4bdff1fb8d6bb490d5,adamw,0.001,1e-06,step,"{""scheduler_gamma"": 0.5, ""scheduler_step_size"": 100}",1.0,8,1,1,False,500,500,112500,112500,equal,900000,fixed_500_epochs_last_checkpoint (original protocol; derived from planned epochs and no early stopping),max_epochs_500,completed,"complete_valid (nine strict blocks, 200 identities each)",<COMMIT-1>,2026-09-25 (pdeobs-prediction-verification/20260925-v1),"{""actual_examples_processed"": ""derived: completed epochs x 1800 training records; code: src/pdeobs/runner.py::_loader batches the 1800 training records without drop_last in one process; src/pdeobs/training.py takes one optimizer update per batch (no gradient accumulation)"", ""actual_optimizer_updates"": ""archived_campaign index health.optimizer_steps (health.json of the credited attempt)"", ""batch_size/optimizer/schedule"": ""resolved.yaml of the released model (digest bound to the verification index)"", ""completed_epochs"": ""prediction_verification index actual_epochs (history entries of the credited checkpoint)"", ""planned_epochs"": ""index.cohort_evidence.planned_epochs"", ""segment_note"": null, ""stop_reason"": ""derived: completed == planned == 500 and no early stopping configured"", ""training_status"": ""index.cohort_evidence.training_status""}"
train-2eb055b786a79bb7,original500,,reaction_diffusion,deeponet,rollout,block_observed_50pct,20260804,2ab872337dd2ef9cc8ddfe085d0a3f87a37021f86057715467219757e5b73d87,477b1613300f86083a9ab5ddccada8616b74245eb960eec01a77fe5af77f23eb,616c62ea161630731239ff77e55b812bdfc653a4da894d42ca7b37e6940d38cb,adam,0.001,0.0,step,"{""scheduler_gamma"": 0.5, ""scheduler_step_size"": 100}",1.0,4,1,1,False,500,500,225000,225000,equal,900000,fixed_500_epochs_last_checkpoint (original protocol; derived from planned epochs and no early stopping),max_epochs_500,completed,"complete_valid (nine strict blocks, 200 identities each)",<COMMIT-1>,2026-09-25 (pdeobs-prediction-verification/20260925-v1),"{""actual_examples_processed"": ""derived: completed epochs x 1800 training records; code: src/pdeobs/runner.py::_loader batches the 1800 training records without drop_last in one process; src/pdeobs/training.py takes one optimizer update per batch (no gradient accumulation)"", ""actual_optimizer_updates"": ""archived_campaign index health.optimizer_steps (health.json of the credited attempt)"", ""batch_size/optimizer/schedule"": ""resolved.yaml of the released model (digest bound to the verification index)"", ""completed_epochs"": ""prediction_verification index actual_epochs (history entries of the credited checkpoint)"", ""planned_epochs"": ""index.cohort_evidence.planned_epochs"", ""segment_note"": null, ""stop_reason"": ""derived: completed == planned == 500 and no early stopping configured"", ""training_status"": ""index.cohort_evidence.training_status""}"
train-2e1efdaee9243c0d,original500,,reaction_diffusion,deeponet,rollout,boundary_band_50pct,20260804,2ab872337dd2ef9cc8ddfe085d0a3f87a37021f86057715467219757e5b73d87,b25820731b19c89c925b40a6eb486d9733415f6054b7858f98068447d20fdf2b,101b982bd41f474430ddf417069d511c3fab7041c801ba4ebdfed8dd7e791dcd,adam,0.001,0.0,step,"{""scheduler_gamma"": 0.5, ""scheduler_step_size"": 100}",1.0,4,1,1,False,500,500,225000,225000,equal,900000,fixed_500_epochs_last_checkpoint (original protocol; derived from planned epochs and no early stopping),max_epochs_500,completed,"complete_valid (nine strict blocks, 200 identities each)",<COMMIT-1>,2026-09-25 (pdeobs-prediction-verification/20260925-v1),"{""actual_examples_processed"": ""derived: completed epochs x 1800 training records; code: src/pdeobs/runner.py::_loader batches the 1800 training records without drop_last in one process; src/pdeobs/training.py takes one optimizer update per batch (no gradient accumulation)"", ""actual_optimizer_updates"": ""archived_campaign index health.optimizer_steps (health.json of the credited attempt)"", ""batch_size/optimizer/schedule"": ""resolved.yaml of the released model (digest bound to the verification index)"", ""completed_epochs"": ""prediction_verification index actual_epochs (history entries of the credited checkpoint)"", ""planned_epochs"": ""index.cohort_evidence.planned_epochs"", ""segment_note"": null, ""stop_reason"": ""derived: completed == planned == 500 and no early stopping configured"", ""training_status"": ""index.cohort_evidence.training_status""}"
train-c5988fdac7e1f918,original500,,reaction_diffusion,deeponet,rollout,clustered_50pct,20260804,2ab872337dd2ef9cc8ddfe085d0a3f87a37021f86057715467219757e5b73d87,317c3931e0f17d78eb01f281d1740e11a0f0146144782b67a64b41f82a5acd91,0bfd3bd1b5fbfb4dd2fd32f809b676e9422f84885bbffe14dbbe093f9d5ac327,adam,0.001,0.0,step,"{""scheduler_gamma"": 0.5, ""scheduler_step_size"": 100}",1.0,8,1,1,False,500,500,112500,112500,equal,900000,fixed_500_epochs_last_checkpoint (original protocol; derived from planned epochs and no early stopping),max_epochs_500,completed,"complete_valid (nine strict blocks, 200 identities each)",<COMMIT-1>,2026-09-25 (pdeobs-prediction-verification/20260925-v1),"{""actual_examples_processed"": ""derived: completed epochs x 1800 training records; code: src/pdeobs/runner.py::_loader batches the 1800 training records without drop_last in one process; src/pdeobs/training.py takes one optimizer update per batch (no gradient accumulation)"", ""actual_optimizer_updates"": ""archived_campaign index health.optimizer_steps (health.json of the credited attempt)"", ""batch_size/optimizer/schedule"": ""resolved.yaml of the released model (digest bound to the verification index)"", ""completed_epochs"": ""prediction_verification index actual_epochs (history entries of the credited checkpoint)"", ""planned_epochs"": ""index.cohort_evidence.planned_epochs"", ""segment_note"": null, ""stop_reason"": ""derived: completed == planned == 500 and no early stopping configured"", ""training_status"": ""index.cohort_evidence.training_status""}"
train-b5da6d6214ba9d77,original500,,reaction_diffusion,deeponet,rollout,horizontal_lines_50pct,20260804,2ab872337dd2ef9cc8ddfe085d0a3f87a37021f86057715467219757e5b73d87,0fa055819256f63a1f02a81ff18e058b00bc6d7c76ee1af8bef0bef4f3ea78da,887c69a04dd927b4338d78a64f56ddd9502b4efc989d10c8837408edbe6457f6,adam,0.001,0.0,step,"{""scheduler_gamma"": 0.5, ""scheduler_step_size"": 100}",1.0,8,1,1,False,500,500,112500,112500,equal,900000,fixed_500_epochs_last_checkpoint (original protocol; derived from planned epochs and no early stopping),max_epochs_500,completed,"complete_valid (nine strict blocks, 200 identities each)",<COMMIT-1>,2026-09-25 (pdeobs-prediction-verification/20260925-v1),"{""actual_examples_processed"": ""derived: completed epochs x 1800 training records; code: src/pdeobs/runner.py::_loader batches the 1800 training records without drop_last in one process; src/pdeobs/training.py takes one optimizer update per batch (no gradient accumulation)"", ""actual_optimizer_updates"": ""archived_campaign index health.optimizer_steps (health.json of the credited attempt)"", ""batch_size/optimizer/schedule"": ""resolved.yaml of the released model (digest bound to the verification index)"", ""completed_epochs"": ""prediction_verification index actual_epochs (history entries of the credited checkpoint)"", ""planned_epochs"": ""index.cohort_evidence.planned_epochs"", ""segment_note"": null, ""stop_reason"": ""derived: completed == planned == 500 and no early stopping configured"", ""training_status"": ""index.cohort_evidence.training_status""}"
train-c2a38ad8a86e7e27,original500,,reaction_diffusion,deeponet,rollout,line_sensors_50pct,20260804,2ab872337dd2ef9cc8ddfe085d0a3f87a37021f86057715467219757e5b73d87,a5199e9c2e6d4d5da378ea568471f03052d4be311a6f65a3700d96489ca6b3e6,528b91cc39f6741137bab73c76d6aeba932aeff4cc856fcc6fc03ba42a9e349d,adam,0.001,0.0,step,"{""scheduler_gamma"": 0.5, ""scheduler_step_size"": 100}",1.0,4,1,1,False,500,500,225000,225000,equal,900000,fixed_500_epochs_last_checkpoint (original protocol; derived from planned epochs and no early stopping),max_epochs_500,completed,"complete_valid (nine strict blocks, 200 identities each)",<COMMIT-1>,2026-09-25 (pdeobs-prediction-verification/20260925-v1),"{""actual_examples_processed"": ""derived: completed epochs x 1800 training records; code: src/pdeobs/runner.py::_loader batches the 1800 training records without drop_last in one process; src/pdeobs/training.py takes one optimizer update per batch (no gradient accumulation)"", ""actual_optimizer_updates"": ""archived_campaign index health.optimizer_steps (health.json of the credited attempt)"", ""batch_size/optimizer/schedule"": ""resolved.yaml of the released model (digest bound to the verification index)"", ""completed_epochs"": ""prediction_verification index actual_epochs (history entries of the credited checkpoint)"", ""planned_epochs"": ""index.cohort_evidence.planned_epochs"", ""segment_note"": null, ""stop_reason"": ""derived: completed == planned == 500 and no early stopping configured"", ""training_status"": ""index.cohort_evidence.training_status""}"
train-00d153c20e15aaf5,original500,,reaction_diffusion,deeponet,rollout,random_50pct,20260804,2ab872337dd2ef9cc8ddfe085d0a3f87a37021f86057715467219757e5b73d87,cadde75f490a791ac966a97abad111eb99efa43694c33e304740ab1c609cf1cf,8f6e8ac365f7f1447f1b5790ba9ab021b1dc7df6da32acb12622c397f16d7e89,adam,0.001,0.0,step,"{""scheduler_gamma"": 0.5, ""scheduler_step_size"": 100}",1.0,4,1,1,False,500,500,225000,225000,equal,900000,fixed_500_epochs_last_checkpoint (original protocol; derived from planned epochs and no early stopping),max_epochs_500,completed,"complete_valid (nine strict blocks, 200 identities each)",<COMMIT-1>,2026-09-25 (pdeobs-prediction-verification/20260925-v1),"{""actual_examples_processed"": ""derived: completed epochs x 1800 training records; code: src/pdeobs/runner.py::_loader batches the 1800 training records without drop_last in one process; src/pdeobs/training.py takes one optimizer update per batch (no gradient accumulation)"", ""actual_optimizer_updates"": ""archived_campaign index health.optimizer_steps (health.json of the credited attempt)"", ""batch_size/optimizer/schedule"": ""resolved.yaml of the released model (digest bound to the verification index)"", ""completed_epochs"": ""prediction_verification index actual_epochs (history entries of the credited checkpoint)"", ""planned_epochs"": ""index.cohort_evidence.planned_epochs"", ""segment_note"": null, ""stop_reason"": ""derived: completed == planned == 500 and no early stopping configured"", ""training_status"": ""index.cohort_evidence.training_status""}"
train-ba43d28ac706294e,interrupted_or_recovered,,reaction_diffusion,deeponet,rollout,random_65pct,20260804,2ab872337dd2ef9cc8ddfe085d0a3f87a37021f86057715467219757e5b73d87,43ffc96d9ac624f9f900d05316b0b2af08bcd7a556d7dde50b0d444d2650e2b1,792de6b8001fac50d7a3cde99fccb019c1c74edbb85628ed83f2125633359283,adam,0.001,0.0,step,"{""scheduler_gamma"": 0.5, ""scheduler_step_size"": 100}",1.0,4,1,1,False,500,251,unknown,112950,unknown,451800,fixed_500_epochs_last_checkpoint (original protocol; derived from planned epochs and no early stopping),unknown,unknown,"complete_valid (nine strict blocks, 200 identities each)",<COMMIT-1>,2026-09-25 (pdeobs-prediction-verification/20260925-v1),"{""actual_examples_processed"": ""derived: completed epochs x 1800 training records; code: src/pdeobs/runner.py::_loader batches the 1800 training records without drop_last in one process; src/pdeobs/training.py takes one optimizer update per batch (no gradient accumulation)"", ""actual_optimizer_updates"": ""unknown: no optimizer step counter in the credited receipts"", ""batch_size/optimizer/schedule"": ""resolved.yaml of the released model (digest bound to the verification index)"", ""completed_epochs"": ""prediction_verification index actual_epochs (history entries of the credited checkpoint)"", ""planned_epochs"": ""index.cohort_evidence.planned_epochs"", ""segment_note"": null, ""stop_reason"": ""no stop reason recorded"", ""training_status"": ""archived health.status""}"
train-004e5179d15e0934,original500,,reaction_diffusion,deeponet,rollout,random_80pct,20260804,2ab872337dd2ef9cc8ddfe085d0a3f87a37021f86057715467219757e5b73d87,6016af4e3d24385b1820389bea3f621e3a624b42f30193c339aed93a37774cb2,876826901ba2e49d8734d6a82df354babebe6f6f34c6b0aedbe6e1374d1c3092,adam,0.001,0.0,step,"{""scheduler_gamma"": 0.5, ""scheduler_step_size"": 100}",1.0,4,1,1,False,500,500,225000,225000,equal,900000,fixed_500_epochs_last_checkpoint (original protocol; derived from planned epochs and no early stopping),max_epochs_500,completed,"complete_valid (nine strict blocks, 200 identities each)",<COMMIT-1>,2026-09-25 (pdeobs-prediction-verification/20260925-v1),"{""actual_examples_processed"": ""derived: completed epochs x 1800 training records; code: src/pdeobs/runner.py::_loader batches the 1800 training records without drop_last in one process; src/pdeobs/training.py takes one optimizer update per batch (no gradient accumulation)"", ""actual_optimizer_updates"": ""archived_campaign index health.optimizer_steps (health.json of the credited attempt)"", ""batch_size/optimizer/schedule"": ""resolved.yaml of the released model (digest bound to the verification index)"", ""completed_epochs"": ""prediction_verification index actual_epochs (history entries of the credited checkpoint)"", ""planned_epochs"": ""index.cohort_evidence.planned_epochs"", ""segment_note"": null, ""stop_reason"": ""derived: completed == planned == 500 and no early stopping configured"", ""training_status"": ""index.cohort_evidence.training_status""}"
train-d613a5f35210feab,original500,,reaction_diffusion,deeponet,rollout,vertical_lines_50pct,20260804,2ab872337dd2ef9cc8ddfe085d0a3f87a37021f86057715467219757e5b73d87,746d801fc9e03f48d74f148dc7ab803674d4ebc4bcdda7a90d0ec5a432f2ab27,8fb573c4b3095b236fb6a5f025a5a7ec47930d7881ce5b1c0cb6691b4c95cb9f,adam,0.001,0.0,step,"{""scheduler_gamma"": 0.5, ""scheduler_step_size"": 100}",1.0,4,1,1,False,500,500,225000,225000,equal,900000,fixed_500_epochs_last_checkpoint (original protocol; derived from planned epochs and no early stopping),max_epochs_500,completed,"complete_valid (nine strict blocks, 200 identities each)",<COMMIT-1>,2026-09-25 (pdeobs-prediction-verification/20260925-v1),"{""actual_examples_processed"": ""derived: completed epochs x 1800 training records; code: src/pdeobs/runner.py::_loader batches the 1800 training records without drop_last in one process; src/pdeobs/training.py takes one optimizer update per batch (no gradient accumulation)"", ""actual_optimizer_updates"": ""archived_campaign index health.optimizer_steps (health.json of the credited attempt)"", ""batch_size/optimizer/schedule"": ""resolved.yaml of the released model (digest bound to the verification index)"", ""completed_epochs"": ""prediction_verification index actual_epochs (history entries of the credited checkpoint)"", ""planned_epochs"": ""index.cohort_evidence.planned_epochs"", ""segment_note"": null, ""stop_reason"": ""derived: completed == planned == 500 and no early stopping configured"", ""training_status"": ""index.cohort_evidence.training_status""}"
train-5d5ec9c6aaa7cd82,original500,,reaction_diffusion,fno,rollout,block_observed_50pct,20260804,2ab872337dd2ef9cc8ddfe085d0a3f87a37021f86057715467219757e5b73d87,7b8f575c9a5645d172e8069082d122d376826c61a304d3e286598acdead0db42,8bdb30cf626ecb9331e22b5b91253c8b87a28b6b0784cbda03cd7199a222aac5,adam,0.001,0.0001,step,"{""scheduler_gamma"": 0.5, ""scheduler_step_size"": 100}",1.0,8,1,1,False,500,500,112500,112500,equal,900000,fixed_500_epochs_last_checkpoint (original protocol; derived from planned epochs and no early stopping),max_epochs_500,completed,"complete_valid (nine strict blocks, 200 identities each)",<COMMIT-1>,2026-09-25 (pdeobs-prediction-verification/20260925-v1),"{""actual_examples_processed"": ""derived: completed epochs x 1800 training records; code: src/pdeobs/runner.py::_loader batches the 1800 training records without drop_last in one process; src/pdeobs/training.py takes one optimizer update per batch (no gradient accumulation)"", ""actual_optimizer_updates"": ""archived_campaign index health.optimizer_steps (health.json of the credited attempt)"", ""batch_size/optimizer/schedule"": ""resolved.yaml of the released model (digest bound to the verification index)"", ""completed_epochs"": ""prediction_verification index actual_epochs (history entries of the credited checkpoint)"", ""planned_epochs"": ""index.cohort_evidence.planned_epochs"", ""segment_note"": null, ""stop_reason"": ""derived: completed == planned == 500 and no early stopping configured"", ""training_status"": ""index.cohort_evidence.training_status""}"
train-5302f00079d3b26c,original500,,reaction_diffusion,fno,rollout,boundary_band_50pct,20260804,2ab872337dd2ef9cc8ddfe085d0a3f87a37021f86057715467219757e5b73d87,07cb31fec5146f7d33c016f383b120ade700dec974e93f14e3826170be27da02,47bd6b36d5530354404bbe4bd3467e73e796cdefd44cab04092c7a81896b166c,adam,0.001,0.0001,step,"{""scheduler_gamma"": 0.5, ""scheduler_step_size"": 100}",1.0,8,1,1,False,500,500,112500,112500,equal,900000,fixed_500_epochs_last_checkpoint (original protocol; derived from planned epochs and no early stopping),max_epochs_500,completed,"complete_valid (nine strict blocks, 200 identities each)",<COMMIT-1>,2026-09-25 (pdeobs-prediction-verification/20260925-v1),"{""actual_examples_processed"": ""derived: completed epochs x 1800 training records; code: src/pdeobs/runner.py::_loader batches the 1800 training records without drop_last in one process; src/pdeobs/training.py takes one optimizer update per batch (no gradient accumulation)"", ""actual_optimizer_updates"": ""archived_campaign index health.optimizer_steps (health.json of the credited attempt)"", ""batch_size/optimizer/schedule"": ""resolved.yaml of the released model (digest bound to the verification index)"", ""completed_epochs"": ""prediction_verification index actual_epochs (history entries of the credited checkpoint)"", ""planned_epochs"": ""index.cohort_evidence.planned_epochs"", ""segment_note"": null, ""stop_reason"": ""derived: completed == planned == 500 and no early stopping configured"", ""training_status"": ""index.cohort_evidence.training_status""}"
train-692150b62cbee873,interrupted_or_recovered,,reaction_diffusion,fno,rollout,clustered_50pct,20260804,2ab872337dd2ef9cc8ddfe085d0a3f87a37021f86057715467219757e5b73d87,9ef65b499c71c9b69d7638121358fe67827a62160f18687af51fe12bd85d172f,e2865a4e3d7b1e2c4a22eb5f5cc35d8b7278ddea543860eaca9ce6e589b13130,adam,0.001,0.0001,step,"{""scheduler_gamma"": 0.5, ""scheduler_step_size"": 100}",1.0,8,1,1,False,500,469,unknown,105525,unknown,844200,fixed_500_epochs_last_checkpoint (original protocol; derived from planned epochs and no early stopping),unknown,unknown,"complete_valid (nine strict blocks, 200 identities each)",<COMMIT-1>,2026-09-25 (pdeobs-prediction-verification/20260925-v1),"{""actual_examples_processed"": ""derived: completed epochs x 1800 training records; code: src/pdeobs/runner.py::_loader batches the 1800 training records without drop_last in one process; src/pdeobs/training.py takes one optimizer update per batch (no gradient accumulation)"", ""actual_optimizer_updates"": ""unknown: no optimizer step counter in the credited receipts"", ""batch_size/optimizer/schedule"": ""resolved.yaml of the released model (digest bound to the verification index)"", ""completed_epochs"": ""prediction_verification index actual_epochs (history entries of the credited checkpoint)"", ""planned_epochs"": ""index.cohort_evidence.planned_epochs"", ""segment_note"": null, ""stop_reason"": ""no stop reason recorded"", ""training_status"": ""archived health.status""}"
train-ac3c941550ad8879,original500,,reaction_diffusion,fno,rollout,horizontal_lines_50pct,20260804,2ab872337dd2ef9cc8ddfe085d0a3f87a37021f86057715467219757e5b73d87,965a8ca4c181c5c72696dfdc4055866a3a667da098f5efa73a2ad3ebc5e86672,ffeb391d1e40f8354e23a9184da73b31141fa8076ebaf92d6459e9d8e9191ed8,adam,0.001,0.0001,step,"{""scheduler_gamma"": 0.5, ""scheduler_step_size"": 100}",1.0,8,1,1,False,500,500,112500,112500,equal,900000,fixed_500_epochs_last_checkpoint (original protocol; derived from planned epochs and no early stopping),max_epochs_500,completed,"complete_valid (nine strict blocks, 200 identities each)",<COMMIT-1>,2026-09-25 (pdeobs-prediction-verification/20260925-v1),"{""actual_examples_processed"": ""derived: completed epochs x 1800 training records; code: src/pdeobs/runner.py::_loader batches the 1800 training records without drop_last in one process; src/pdeobs/training.py takes one optimizer update per batch (no gradient accumulation)"", ""actual_optimizer_updates"": ""archived_campaign index health.optimizer_steps (health.json of the credited attempt)"", ""batch_size/optimizer/schedule"": ""resolved.yaml of the released model (digest bound to the verification index)"", ""completed_epochs"": ""prediction_verification index actual_epochs (history entries of the credited checkpoint)"", ""planned_epochs"": ""index.cohort_evidence.planned_epochs"", ""segment_note"": null, ""stop_reason"": ""derived: completed == planned == 500 and no early stopping configured"", ""training_status"": ""index.cohort_evidence.training_status""}"
train-b13cfb0787acdedf,original500,,reaction_diffusion,fno,rollout,line_sensors_50pct,20260804,2ab872337dd2ef9cc8ddfe085d0a3f87a37021f86057715467219757e5b73d87,2f4cc76f8b10f1e00ef9ff3bc75eae5281af05c4b48d25db55a88057560d2441,a899a5228f21e256f585dce00f70bb0b745c5cc319c31f59d46709e839c94680,adam,0.001,0.0001,step,"{""scheduler_gamma"": 0.5, ""scheduler_step_size"": 100}",1.0,8,1,1,False,500,500,112500,112500,equal,900000,fixed_500_epochs_last_checkpoint (original protocol; derived from planned epochs and no early stopping),max_epochs_500,completed,"complete_valid (nine strict blocks, 200 identities each)",<COMMIT-1>,2026-09-25 (pdeobs-prediction-verification/20260925-v1),"{""actual_examples_processed"": ""derived: completed epochs x 1800 training records; code: src/pdeobs/runner.py::_loader batches the 1800 training records without drop_last in one process; src/pdeobs/training.py takes one optimizer update per batch (no gradient accumulation)"", ""actual_optimizer_updates"": ""archived_campaign index health.optimizer_steps (health.json of the credited attempt)"", ""batch_size/optimizer/schedule"": ""resolved.yaml of the released model (digest bound to the verification index)"", ""completed_epochs"": ""prediction_verification index actual_epochs (history entries of the credited checkpoint)"", ""planned_epochs"": ""index.cohort_evidence.planned_epochs"", ""segment_note"": null, ""stop_reason"": ""derived: completed == planned == 500 and no early stopping configured"", ""training_status"": ""index.cohort_evidence.training_status""}"
train-be8c493deccd8654,original500,,reaction_diffusion,fno,rollout,random_50pct,20260804,2ab872337dd2ef9cc8ddfe085d0a3f87a37021f86057715467219757e5b73d87,5c7d9b314e5eb90799e1cea6fb437a2aebef3b64c38160fec43e9a3f0d6273f6,46e8bc3dde6bc9e2378b50346ee71cc52c338ec2a828893346507c4087616798,adam,0.001,0.0001,step,"{""scheduler_gamma"": 0.5, ""scheduler_step_size"": 100}",1.0,8,1,1,False,500,500,112500,112500,equal,900000,fixed_500_epochs_last_checkpoint (original protocol; derived from planned epochs and no early stopping),max_epochs_500,completed,"complete_valid (nine strict blocks, 200 identities each)",<COMMIT-1>,2026-09-25 (pdeobs-prediction-verification/20260925-v1),"{""actual_examples_processed"": ""derived: completed epochs x 1800 training records; code: src/pdeobs/runner.py::_loader batches the 1800 training records without drop_last in one process; src/pdeobs/training.py takes one optimizer update per batch (no gradient accumulation)"", ""actual_optimizer_updates"": ""archived_campaign index health.optimizer_steps (health.json of the credited attempt)"", ""batch_size/optimizer/schedule"": ""resolved.yaml of the released model (digest bound to the verification index)"", ""completed_epochs"": ""prediction_verification index actual_epochs (history entries of the credited checkpoint)"", ""planned_epochs"": ""index.cohort_evidence.planned_epochs"", ""segment_note"": null, ""stop_reason"": ""derived: completed == planned == 500 and no early stopping configured"", ""training_status"": ""index.cohort_evidence.training_status""}"
train-b47f975eae31b4e3,original500,,reaction_diffusion,fno,rollout,random_65pct,20260804,2ab872337dd2ef9cc8ddfe085d0a3f87a37021f86057715467219757e5b73d87,a6869bb083e69f692d74f01fa75ec69d59c044f6fa2fa34782fb88bb16b3eb55,e1ba85b9239e2171a11fa543b3fa67fc13aef1e135142e4f266247b9c04104ec,adam,0.001,0.0001,step,"{""scheduler_gamma"": 0.5, ""scheduler_step_size"": 100}",1.0,8,1,1,False,500,500,112500,112500,equal,900000,fixed_500_epochs_last_checkpoint (original protocol; derived from planned epochs and no early stopping),max_epochs_500,completed,"complete_valid (nine strict blocks, 200 identities each)",<COMMIT-1>,2026-09-25 (pdeobs-prediction-verification/20260925-v1),"{""actual_examples_processed"": ""derived: completed epochs x 1800 training records; code: src/pdeobs/runner.py::_loader batches the 1800 training records without drop_last in one process; src/pdeobs/training.py takes one optimizer update per batch (no gradient accumulation)"", ""actual_optimizer_updates"": ""archived_campaign index health.optimizer_steps (health.json of the credited attempt)"", ""batch_size/optimizer/schedule"": ""resolved.yaml of the released model (digest bound to the verification index)"", ""completed_epochs"": ""prediction_verification index actual_epochs (history entries of the credited checkpoint)"", ""planned_epochs"": ""index.cohort_evidence.planned_epochs"", ""segment_note"": null, ""stop_reason"": ""derived: completed == planned == 500 and no early stopping configured"", ""training_status"": ""index.cohort_evidence.training_status""}"
train-5f1282f370f76769,original500,,reaction_diffusion,fno,rollout,random_80pct,20260804,2ab872337dd2ef9cc8ddfe085d0a3f87a37021f86057715467219757e5b73d87,aad04c3a2c8d34ece41d213b090575dae0f75efd9c8d02b6293db78dc656b5ca,da6a00ee563f33988f9f65d879150cb837242ff547495e24d8a2a38a60a9e603,adam,0.001,0.0001,step,"{""scheduler_gamma"": 0.5, ""scheduler_step_size"": 100}",1.0,8,1,1,False,500,500,112500,112500,equal,900000,fixed_500_epochs_last_checkpoint (original protocol; derived from planned epochs and no early stopping),max_epochs_500,completed,"complete_valid (nine strict blocks, 200 identities each)",<COMMIT-1>,2026-09-25 (pdeobs-prediction-verification/20260925-v1),"{""actual_examples_processed"": ""derived: completed epochs x 1800 training records; code: src/pdeobs/runner.py::_loader batches the 1800 training records without drop_last in one process; src/pdeobs/training.py takes one optimizer update per batch (no gradient accumulation)"", ""actual_optimizer_updates"": ""archived_campaign index health.optimizer_steps (health.json of the credited attempt)"", ""batch_size/optimizer/schedule"": ""resolved.yaml of the released model (digest bound to the verification index)"", ""completed_epochs"": ""prediction_verification index actual_epochs (history entries of the credited checkpoint)"", ""planned_epochs"": ""index.cohort_evidence.planned_epochs"", ""segment_note"": null, ""stop_reason"": ""derived: completed == planned == 500 and no early stopping configured"", ""training_status"": ""index.cohort_evidence.training_status""}"
train-a3073f5c8aab41b2,original500,,reaction_diffusion,fno,rollout,vertical_lines_50pct,20260804,2ab872337dd2ef9cc8ddfe085d0a3f87a37021f86057715467219757e5b73d87,3d6447d6c94cd508f3a15a6731bb8047285a9e8971f409226aa5c1e2b71e9716,6ba39ece7373b2d2cdf15f097598a6b4db7dc432163700c01175722d349fccea,adam,0.001,0.0001,step,"{""scheduler_gamma"": 0.5, ""scheduler_step_size"": 100}",1.0,8,1,1,False,500,500,112500,112500,equal,900000,fixed_500_epochs_last_checkpoint (original protocol; derived from planned epochs and no early stopping),max_epochs_500,completed,"complete_valid (nine strict blocks, 200 identities each)",<COMMIT-1>,2026-09-25 (pdeobs-prediction-verification/20260925-v1),"{""actual_examples_processed"": ""derived: completed epochs x 1800 training records; code: src/pdeobs/runner.py::_loader batches the 1800 training records without drop_last in one process; src/pdeobs/training.py takes one optimizer update per batch (no gradient accumulation)"", ""actual_optimizer_updates"": ""archived_campaign index health.optimizer_steps (health.json of the credited attempt)"", ""batch_size/optimizer/schedule"": ""resolved.yaml of the released model (digest bound to the verification index)"", ""completed_epochs"": ""prediction_verification index actual_epochs (history entries of the credited checkpoint)"", ""planned_epochs"": ""index.cohort_evidence.planned_epochs"", ""segment_note"": null, ""stop_reason"": ""derived: completed == planned == 500 and no early stopping configured"", ""training_status"": ""index.cohort_evidence.training_status""}"
train-cd894f5e9654ec18,fixed200_recovered,,reaction_diffusion,gnot,rollout,block_observed_50pct,20260804,2ab872337dd2ef9cc8ddfe085d0a3f87a37021f86057715467219757e5b73d87,ced64277915f7b9175ab056f662fd221ca637260bcf1be18a8b9d6e11cd7d896,69bebc10c19c48444865b08e7ab31ac58dd6d54bae0943e5082f438137cb39da,adamw,0.001,5e-05,one_cycle,"{""epochs"": 200, ""scheduler_anneal_strategy"": ""cos"", ""scheduler_div_factor"": 10000.0, ""scheduler_final_div_factor"": 10000.0, ""scheduler_pct_start"": 0.2}",1000.0,4,1,1,False,200,200,90000,90000,equal,360000,pdeobs.dynamic-method-budget/2026-09-14-r3,unknown,completed,"complete_valid (nine strict blocks, 200 identities each)",<COMMIT-1>,2026-09-25 (pdeobs-prediction-verification/20260925-v1),"{""actual_examples_processed"": ""derived: completed epochs x 1800 training records; code: src/pdeobs/runner.py::_loader batches the 1800 training records without drop_last in one process; src/pdeobs/training.py takes one optimizer update per batch (no gradient accumulation)"", ""actual_optimizer_updates"": ""archived_campaign index health.optimizer_steps (health.json of the credited attempt)"", ""batch_size/optimizer/schedule"": ""resolved.yaml of the released model (digest bound to the verification index)"", ""completed_epochs"": ""prediction_verification index actual_epochs (history entries of the credited checkpoint)"", ""planned_epochs"": ""index.cohort_evidence.planned_epochs"", ""segment_note"": null, ""stop_reason"": ""no stop reason recorded"", ""training_status"": ""index.cohort_evidence.training_status""}"
train-5c0137b32847cd77,fixed200_recovered,,reaction_diffusion,gnot,rollout,boundary_band_50pct,20260804,2ab872337dd2ef9cc8ddfe085d0a3f87a37021f86057715467219757e5b73d87,1760d1e4a20bf440b1293f20f3ed9c2ee0f311672fb198fda0e876a8ba47ce44,bc05ab40ea56c8e75e52142193e61b34269b40dec46fd861e8a67e803e489534,adamw,0.001,5e-05,one_cycle,"{""epochs"": 200, ""scheduler_anneal_strategy"": ""cos"", ""scheduler_div_factor"": 10000.0, ""scheduler_final_div_factor"": 10000.0, ""scheduler_pct_start"": 0.2}",1000.0,4,1,1,False,200,200,90000,90000,equal,360000,pdeobs.dynamic-method-budget/2026-09-14-r3,unknown,completed,"complete_valid (nine strict blocks, 200 identities each)",<COMMIT-1>,2026-09-25 (pdeobs-prediction-verification/20260925-v1),"{""actual_examples_processed"": ""derived: completed epochs x 1800 training records; code: src/pdeobs/runner.py::_loader batches the 1800 training records without drop_last in one process; src/pdeobs/training.py takes one optimizer update per batch (no gradient accumulation)"", ""actual_optimizer_updates"": ""archived_campaign index health.optimizer_steps (health.json of the credited attempt)"", ""batch_size/optimizer/schedule"": ""resolved.yaml of the released model (digest bound to the verification index)"", ""completed_epochs"": ""prediction_verification index actual_epochs (history entries of the credited checkpoint)"", ""planned_epochs"": ""index.cohort_evidence.planned_epochs"", ""segment_note"": null, ""stop_reason"": ""no stop reason recorded"", ""training_status"": ""index.cohort_evidence.training_status""}"
train-058e789e676b1129,fixed200_recovered,,reaction_diffusion,gnot,rollout,clustered_50pct,20260804,2ab872337dd2ef9cc8ddfe085d0a3f87a37021f86057715467219757e5b73d87,ea44b62dfeb5f78f86692c051b27f80786dc76348334dd5f72490a9d4cd6dc40,b7d8c45a90fa581a9b4bf7a95bf41282a0d14485516699f1ea9097cc142d2ff5,adamw,0.001,5e-05,one_cycle,"{""epochs"": 200, ""scheduler_anneal_strategy"": ""cos"", ""scheduler_div_factor"": 10000.0, ""scheduler_final_div_factor"": 10000.0, ""scheduler_pct_start"": 0.2}",1000.0,4,1,1,False,200,200,90000,90000,equal,360000,pdeobs.dynamic-method-budget/2026-09-14-r3,unknown,completed,"complete_valid (nine strict blocks, 200 identities each)",<COMMIT-1>,2026-09-25 (pdeobs-prediction-verification/20260925-v1),"{""actual_examples_processed"": ""derived: completed epochs x 1800 training records; code: src/pdeobs/runner.py::_loader batches the 1800 training records without drop_last in one process; src/pdeobs/training.py takes one optimizer update per batch (no gradient accumulation)"", ""actual_optimizer_updates"": ""archived_campaign index health.optimizer_steps (health.json of the credited attempt)"", ""batch_size/optimizer/schedule"": ""resolved.yaml of the released model (digest bound to the verification index)"", ""completed_epochs"": ""prediction_verification index actual_epochs (history entries of the credited checkpoint)"", ""planned_epochs"": ""index.cohort_evidence.planned_epochs"", ""segment_note"": null, ""stop_reason"": ""no stop reason recorded"", ""training_status"": ""index.cohort_evidence.training_status""}"
train-fd33ab16722e5b45,fixed200_recovered,,reaction_diffusion,gnot,rollout,horizontal_lines_50pct,20260804,2ab872337dd2ef9cc8ddfe085d0a3f87a37021f86057715467219757e5b73d87,0b01f3d3b0057daa9ed6157f8b927fbc47e0fc0d1c10b27df246d01c581bf902,b837b90018f7c4ff2b52021f05dc757d29d26f46d84ba4e15b9e93b7a3ea4882,adamw,0.001,5e-05,one_cycle,"{""epochs"": 200, ""scheduler_anneal_strategy"": ""cos"", ""scheduler_div_factor"": 10000.0, ""scheduler_final_div_factor"": 10000.0, ""scheduler_pct_start"": 0.2}",1000.0,4,1,1,False,200,200,90000,90000,equal,360000,pdeobs.dynamic-method-budget/2026-09-14-r3,unknown,completed,"complete_valid (nine strict blocks, 200 identities each)",<COMMIT-1>,2026-09-25 (pdeobs-prediction-verification/20260925-v1),"{""actual_examples_processed"": ""derived: completed epochs x 1800 training records; code: src/pdeobs/runner.py::_loader batches the 1800 training records without drop_last in one process; src/pdeobs/training.py takes one optimizer update per batch (no gradient accumulation)"", ""actual_optimizer_updates"": ""archived_campaign index health.optimizer_steps (health.json of the credited attempt)"", ""batch_size/optimizer/schedule"": ""resolved.yaml of the released model (digest bound to the verification index)"", ""completed_epochs"": ""prediction_verification index actual_epochs (history entries of the credited checkpoint)"", ""planned_epochs"": ""index.cohort_evidence.planned_epochs"", ""segment_note"": null, ""stop_reason"": ""no stop reason recorded"", ""training_status"": ""index.cohort_evidence.training_status""}"
train-93c047bd5919617d,fixed200_recovered,,reaction_diffusion,gnot,rollout,line_sensors_50pct,20260804,2ab872337dd2ef9cc8ddfe085d0a3f87a37021f86057715467219757e5b73d87,25fd52a03d1313e43069405bdc810562dfb96fdc2de5182239787bd0439f6d7c,9bf30d9bfa11b768d965c38dd171ced2cb5426a71d63b6bf73d8aa1e93fc9d4c,adamw,0.001,5e-05,one_cycle,"{""epochs"": 200, ""scheduler_anneal_strategy"": ""cos"", ""scheduler_div_factor"": 10000.0, ""scheduler_final_div_factor"": 10000.0, ""scheduler_pct_start"": 0.2}",1000.0,4,1,1,False,200,200,90000,90000,equal,360000,pdeobs.dynamic-method-budget/2026-09-14-r3,unknown,completed,"complete_valid (nine strict blocks, 200 identities each)",<COMMIT-1>,2026-09-25 (pdeobs-prediction-verification/20260925-v1),"{""actual_examples_processed"": ""derived: completed epochs x 1800 training records; code: src/pdeobs/runner.py::_loader batches the 1800 training records without drop_last in one process; src/pdeobs/training.py takes one optimizer update per batch (no gradient accumulation)"", ""actual_optimizer_updates"": ""archived_campaign index health.optimizer_steps (health.json of the credited attempt)"", ""batch_size/optimizer/schedule"": ""resolved.yaml of the released model (digest bound to the verification index)"", ""completed_epochs"": ""prediction_verification index actual_epochs (history entries of the credited checkpoint)"", ""planned_epochs"": ""index.cohort_evidence.planned_epochs"", ""segment_note"": null, ""stop_reason"": ""no stop reason recorded"", ""training_status"": ""index.cohort_evidence.training_status""}"
train-43f53e1a591e1ce6,budget200_patience10_no_floor,,reaction_diffusion,gnot,rollout,random_50pct,20260804,2ab872337dd2ef9cc8ddfe085d0a3f87a37021f86057715467219757e5b73d87,a03e7c9635cbf4650236a9304895a7243806f3bde3d09129e614b1184302bd1f,8bec36ef77d73c72ba67a47dad5590fe78f6b5ca5ea420a257bc606bd0840faf,adamw,0.001,5e-05,one_cycle,"{""epochs"": 200, ""scheduler_anneal_strategy"": ""cos"", ""scheduler_div_factor"": 10000.0, ""scheduler_final_div_factor"": 10000.0, ""scheduler_pct_start"": 0.2}",1000.0,4,1,1,False,200,200,90000,90000,equal,360000,pdeobs.max200-train-data-patience10/20260920,max_epochs_200,completed,"complete_valid (nine strict blocks, 200 identities each)",<COMMIT-1>,2026-09-25 (pdeobs-prediction-verification/20260925-v1),"{""actual_examples_processed"": ""derived: completed epochs x 1800 training records; code: src/pdeobs/runner.py::_loader batches the 1800 training records without drop_last in one process; src/pdeobs/training.py takes one optimizer update per batch (no gradient accumulation)"", ""actual_optimizer_updates"": ""archived_campaign index health.optimizer_steps (health.json of the credited attempt)"", ""batch_size/optimizer/schedule"": ""resolved.yaml of the released model (digest bound to the verification index)"", ""completed_epochs"": ""prediction_verification index actual_epochs (history entries of the credited checkpoint)"", ""planned_epochs"": ""index.cohort_evidence.planned_epochs"", ""segment_note"": null, ""stop_reason"": ""index.stop_reason"", ""training_status"": ""index.cohort_evidence.training_status""}"
train-f9b02361486c1e4e,fixed200_recovered,,reaction_diffusion,gnot,rollout,random_65pct,20260804,2ab872337dd2ef9cc8ddfe085d0a3f87a37021f86057715467219757e5b73d87,5d6594c19c5d52202e5329ecd170aeb80506964b1a7324a9fdfe326c6457eeeb,652374b0ab97197948fd6beec84c9b515624052a364d72e63f001bccf941d675,adamw,0.001,5e-05,one_cycle,"{""epochs"": 200, ""scheduler_anneal_strategy"": ""cos"", ""scheduler_div_factor"": 10000.0, ""scheduler_final_div_factor"": 10000.0, ""scheduler_pct_start"": 0.2}",1000.0,4,1,1,False,200,200,90000,90000,equal,360000,pdeobs.dynamic-method-budget/2026-09-14-r3,unknown,completed,"complete_valid (nine strict blocks, 200 identities each)",<COMMIT-1>,2026-09-25 (pdeobs-prediction-verification/20260925-v1),"{""actual_examples_processed"": ""derived: completed epochs x 1800 training records; code: src/pdeobs/runner.py::_loader batches the 1800 training records without drop_last in one process; src/pdeobs/training.py takes one optimizer update per batch (no gradient accumulation)"", ""actual_optimizer_updates"": ""archived_campaign index health.optimizer_steps (health.json of the credited attempt)"", ""batch_size/optimizer/schedule"": ""resolved.yaml of the released model (digest bound to the verification index)"", ""completed_epochs"": ""prediction_verification index actual_epochs (history entries of the credited checkpoint)"", ""planned_epochs"": ""index.cohort_evidence.planned_epochs"", ""segment_note"": null, ""stop_reason"": ""no stop reason recorded"", ""training_status"": ""index.cohort_evidence.training_status""}"
train-b7c221665f4a4a9c,fixed200_recovered,,reaction_diffusion,gnot,rollout,random_80pct,20260804,2ab872337dd2ef9cc8ddfe085d0a3f87a37021f86057715467219757e5b73d87,af0bcae8f931e1dca497659864889f40f6d146e658c5f3660022bfeb6b176c16,9467f3caca8a6c049eee6d0178da09ec8ab43ec7dea4a96de3c28cccb18824e0,adamw,0.001,5e-05,one_cycle,"{""epochs"": 200, ""scheduler_anneal_strategy"": ""cos"", ""scheduler_div_factor"": 10000.0, ""scheduler_final_div_factor"": 10000.0, ""scheduler_pct_start"": 0.2}",1000.0,4,1,1,False,200,200,90000,90000,equal,360000,pdeobs.dynamic-method-budget/2026-09-14-r3,unknown,completed,"complete_valid (nine strict blocks, 200 identities each)",<COMMIT-1>,2026-09-25 (pdeobs-prediction-verification/20260925-v1),"{""actual_examples_processed"": ""derived: completed epochs x 1800 training records; code: src/pdeobs/runner.py::_loader batches the 1800 training records without drop_last in one process; src/pdeobs/training.py takes one optimizer update per batch (no gradient accumulation)"", ""actual_optimizer_updates"": ""archived_campaign index health.optimizer_steps (health.json of the credited attempt)"", ""batch_size/optimizer/schedule"": ""resolved.yaml of the released model (digest bound to the verification index)"", ""completed_epochs"": ""prediction_verification index actual_epochs (history entries of the credited checkpoint)"", ""planned_epochs"": ""index.cohort_evidence.planned_epochs"", ""segment_note"": null, ""stop_reason"": ""no stop reason recorded"", ""training_status"": ""index.cohort_evidence.training_status""}"
train-15413ce9e74362f3,fixed200_recovered,,reaction_diffusion,gnot,rollout,vertical_lines_50pct,20260804,2ab872337dd2ef9cc8ddfe085d0a3f87a37021f86057715467219757e5b73d87,32215b3a6f96edb19d433e3ecbaf950a5656d463e110d7d80ce443051549f214,153c34577f59cc638f311cf3129a7139d31d1ddbe75090e0b29a0fbad342e726,adamw,0.001,5e-05,one_cycle,"{""epochs"": 200, ""scheduler_anneal_strategy"": ""cos"", ""scheduler_div_factor"": 10000.0, ""scheduler_final_div_factor"": 10000.0, ""scheduler_pct_start"": 0.2}",1000.0,4,1,1,False,200,200,90000,90000,equal,360000,pdeobs.dynamic-method-budget/2026-09-14-r3,unknown,completed,"complete_valid (nine strict blocks, 200 identities each)",<COMMIT-1>,2026-09-25 (pdeobs-prediction-verification/20260925-v1),"{""actual_examples_processed"": ""derived: completed epochs x 1800 training records; code: src/pdeobs/runner.py::_loader batches the 1800 training records without drop_last in one process; src/pdeobs/training.py takes one optimizer update per batch (no gradient accumulation)"", ""actual_optimizer_updates"": ""archived_campaign index health.optimizer_steps (health.json of the credited attempt)"", ""batch_size/optimizer/schedule"": ""resolved.yaml of the released model (digest bound to the verification index)"", ""completed_epochs"": ""prediction_verification index actual_epochs (history entries of the credited checkpoint)"", ""planned_epochs"": ""index.cohort_evidence.planned_epochs"", ""segment_note"": null, ""stop_reason"": ""no stop reason recorded"", ""training_status"": ""index.cohort_evidence.training_status""}"
train-b993659d748a9cdd,original500_recovered,,reaction_diffusion,pino,rollout,block_observed_50pct,20260804,2ab872337dd2ef9cc8ddfe085d0a3f87a37021f86057715467219757e5b73d87,b66ad97bf8e67f2ffb68b0c5b9fd907526587b7032a47b87143982af99820573,f03abb68c87ac0535f75075f551c0d75fd2acf19c9b9d6e052f63bbcd7d0115e,adam,0.001,0.0,step,"{""scheduler_gamma"": 0.5, ""scheduler_step_size"": 100}",1.0,4,1,1,False,500,500,225000,225000,equal,900000,pdeobs.dynamic-method-budget/2026-09-14-r3,max_epochs_500,completed,"complete_valid (nine strict blocks, 200 identities each)",<COMMIT-1>,2026-09-25 (pdeobs-prediction-verification/20260925-v1),"{""actual_examples_processed"": ""derived: completed epochs x 1800 training records; code: src/pdeobs/runner.py::_loader batches the 1800 training records without drop_last in one process; src/pdeobs/training.py takes one optimizer update per batch (no gradient accumulation)"", ""actual_optimizer_updates"": ""archived_campaign index health.optimizer_steps (health.json of the credited attempt)"", ""batch_size/optimizer/schedule"": ""resolved.yaml of the released model (digest bound to the verification index)"", ""completed_epochs"": ""prediction_verification index actual_epochs (history entries of the credited checkpoint)"", ""planned_epochs"": ""index.cohort_evidence.planned_epochs"", ""segment_note"": null, ""stop_reason"": ""derived: completed == planned == 500 and no early stopping configured"", ""training_status"": ""index.cohort_evidence.training_status""}"
train-23b20f02fd125937,original500,,reaction_diffusion,pino,rollout,boundary_band_50pct,20260804,2ab872337dd2ef9cc8ddfe085d0a3f87a37021f86057715467219757e5b73d87,32bfe6658b8e94cd2d36e7b198786d0d472091780c1fb333a7ad9e3e494f6333,e11ce692f4f5d47c21481a2d4ec5eb47120eac7d3b58e2a6ae1d5ade5321a501,adam,0.001,0.0,step,"{""scheduler_gamma"": 0.5, ""scheduler_step_size"": 100}",1.0,4,1,1,False,500,500,225000,225000,equal,900000,fixed_500_epochs_last_checkpoint (original protocol; derived from planned epochs and no early stopping),max_epochs_500,completed,"complete_valid (nine strict blocks, 200 identities each)",<COMMIT-1>,2026-09-25 (pdeobs-prediction-verification/20260925-v1),"{""actual_examples_processed"": ""derived: completed epochs x 1800 training records; code: src/pdeobs/runner.py::_loader batches the 1800 training records without drop_last in one process; src/pdeobs/training.py takes one optimizer update per batch (no gradient accumulation)"", ""actual_optimizer_updates"": ""archived_campaign index health.optimizer_steps (health.json of the credited attempt)"", ""batch_size/optimizer/schedule"": ""resolved.yaml of the released model (digest bound to the verification index)"", ""completed_epochs"": ""prediction_verification index actual_epochs (history entries of the credited checkpoint)"", ""planned_epochs"": ""index.cohort_evidence.planned_epochs"", ""segment_note"": null, ""stop_reason"": ""derived: completed == planned == 500 and no early stopping configured"", ""training_status"": ""index.cohort_evidence.training_status""}"
train-cb80eda9ad8f8c9f,original500_recovered,,reaction_diffusion,pino,rollout,clustered_50pct,20260804,2ab872337dd2ef9cc8ddfe085d0a3f87a37021f86057715467219757e5b73d87,f4c793e2cdb315063f07176493c1fd77cb9c8de12a159ad735ce25d65c55cb7e,1f9ae09893a0980dd6183bb7cf5df7b18926c19deb049647c0e50a7655c86bf9,adam,0.001,0.0,step,"{""scheduler_gamma"": 0.5, ""scheduler_step_size"": 100}",1.0,4,1,1,False,500,500,225000,225000,equal,900000,pdeobs.dynamic-method-budget/2026-09-14-r3,max_epochs_500,completed,"complete_valid (nine strict blocks, 200 identities each)",<COMMIT-1>,2026-09-25 (pdeobs-prediction-verification/20260925-v1),"{""actual_examples_processed"": ""derived: completed epochs x 1800 training records; code: src/pdeobs/runner.py::_loader batches the 1800 training records without drop_last in one process; src/pdeobs/training.py takes one optimizer update per batch (no gradient accumulation)"", ""actual_optimizer_updates"": ""archived_campaign index health.optimizer_steps (health.json of the credited attempt)"", ""batch_size/optimizer/schedule"": ""resolved.yaml of the released model (digest bound to the verification index)"", ""completed_epochs"": ""prediction_verification index actual_epochs (history entries of the credited checkpoint)"", ""planned_epochs"": ""index.cohort_evidence.planned_epochs"", ""segment_note"": null, ""stop_reason"": ""derived: completed == planned == 500 and no early stopping configured"", ""training_status"": ""index.cohort_evidence.training_status""}"
train-c2bfacddb7c0fb4b,original500,,reaction_diffusion,pino,rollout,horizontal_lines_50pct,20260804,2ab872337dd2ef9cc8ddfe085d0a3f87a37021f86057715467219757e5b73d87,c00efb49076119c8686d2d40dc4fb3b56f78780d7947d2c53fa66172f2758732,094a43ee5b92a8cfd4a647eab6359a65befc99abcc2c1c32ad784e768d5e91f9,adam,0.001,0.0,step,"{""scheduler_gamma"": 0.5, ""scheduler_step_size"": 100}",1.0,4,1,1,False,500,500,225000,225000,equal,900000,fixed_500_epochs_last_checkpoint (original protocol; derived from planned epochs and no early stopping),max_epochs_500,completed,"complete_valid (nine strict blocks, 200 identities each)",<COMMIT-1>,2026-09-25 (pdeobs-prediction-verification/20260925-v1),"{""actual_examples_processed"": ""derived: completed epochs x 1800 training records; code: src/pdeobs/runner.py::_loader batches the 1800 training records without drop_last in one process; src/pdeobs/training.py takes one optimizer update per batch (no gradient accumulation)"", ""actual_optimizer_updates"": ""archived_campaign index health.optimizer_steps (health.json of the credited attempt)"", ""batch_size/optimizer/schedule"": ""resolved.yaml of the released model (digest bound to the verification index)"", ""completed_epochs"": ""prediction_verification index actual_epochs (history entries of the credited checkpoint)"", ""planned_epochs"": ""index.cohort_evidence.planned_epochs"", ""segment_note"": null, ""stop_reason"": ""derived: completed == planned == 500 and no early stopping configured"", ""training_status"": ""index.cohort_evidence.training_status""}"
train-c72ee54b5ff5888e,original500_recovered,,reaction_diffusion,pino,rollout,line_sensors_50pct,20260804,2ab872337dd2ef9cc8ddfe085d0a3f87a37021f86057715467219757e5b73d87,3e3ba060ddadb721e389d52bc6b326ba962553219148f90a107b32af40359f63,721e9dda658be0da0d4385e086cec39cefa58156678e772852a4319996133944,adam,0.001,0.0,step,"{""scheduler_gamma"": 0.5, ""scheduler_step_size"": 100}",1.0,4,1,1,False,500,500,225000,225000,equal,900000,pdeobs.dynamic-method-budget/2026-09-14-r3,max_epochs_500,completed,"complete_valid (nine strict blocks, 200 identities each)",<COMMIT-1>,2026-09-25 (pdeobs-prediction-verification/20260925-v1),"{""actual_examples_processed"": ""derived: completed epochs x 1800 training records; code: src/pdeobs/runner.py::_loader batches the 1800 training records without drop_last in one process; src/pdeobs/training.py takes one optimizer update per batch (no gradient accumulation)"", ""actual_optimizer_updates"": ""archived_campaign index health.optimizer_steps (health.json of the credited attempt)"", ""batch_size/optimizer/schedule"": ""resolved.yaml of the released model (digest bound to the verification index)"", ""completed_epochs"": ""prediction_verification index actual_epochs (history entries of the credited checkpoint)"", ""planned_epochs"": ""index.cohort_evidence.planned_epochs"", ""segment_note"": null, ""stop_reason"": ""derived: completed == planned == 500 and no early stopping configured"", ""training_status"": ""index.cohort_evidence.training_status""}"
train-7a30b1b73041b0ea,original500,,reaction_diffusion,pino,rollout,random_50pct,20260804,2ab872337dd2ef9cc8ddfe085d0a3f87a37021f86057715467219757e5b73d87,d1868fd5b7eaebfb57f4974a1b6aaaa32f2221294562c94bba9d049bc9f82085,d502ac3de7f0133497d1b24ae880d1443695cdc7b0be0ace6cae19186b39e032,adam,0.001,0.0,step,"{""scheduler_gamma"": 0.5, ""scheduler_step_size"": 100}",1.0,4,1,1,False,500,500,225000,225000,equal,900000,fixed_500_epochs_last_checkpoint (original protocol; derived from planned epochs and no early stopping),max_epochs_500,completed,"complete_valid (nine strict blocks, 200 identities each)",<COMMIT-1>,2026-09-25 (pdeobs-prediction-verification/20260925-v1),"{""actual_examples_processed"": ""derived: completed epochs x 1800 training records; code: src/pdeobs/runner.py::_loader batches the 1800 training records without drop_last in one process; src/pdeobs/training.py takes one optimizer update per batch (no gradient accumulation)"", ""actual_optimizer_updates"": ""archived_campaign index health.optimizer_steps (health.json of the credited attempt)"", ""batch_size/optimizer/schedule"": ""resolved.yaml of the released model (digest bound to the verification index)"", ""completed_epochs"": ""prediction_verification index actual_epochs (history entries of the credited checkpoint)"", ""planned_epochs"": ""index.cohort_evidence.planned_epochs"", ""segment_note"": null, ""stop_reason"": ""derived: completed == planned == 500 and no early stopping configured"", ""training_status"": ""index.cohort_evidence.training_status""}"
train-2a422698499e0a34,interrupted_or_recovered,,reaction_diffusion,pino,rollout,random_65pct,20260804,2ab872337dd2ef9cc8ddfe085d0a3f87a37021f86057715467219757e5b73d87,935d253abf9605a7d2111d5632f13f74c81692a83f9305b6876b3e71985eb591,3abad78fac81e6549829b291552156a6c55a2f2f9bdd456d8fb3d33d9bbf1483,adam,0.001,0.0,step,"{""scheduler_gamma"": 0.5, ""scheduler_step_size"": 100}",1.0,4,1,1,False,500,392,unknown,176400,unknown,705600,fixed_500_epochs_last_checkpoint (original protocol; derived from planned epochs and no early stopping),unknown,unknown,"complete_valid (nine strict blocks, 200 identities each)",<COMMIT-1>,2026-09-25 (pdeobs-prediction-verification/20260925-v1),"{""actual_examples_processed"": ""derived: completed epochs x 1800 training records; code: src/pdeobs/runner.py::_loader batches the 1800 training records without drop_last in one process; src/pdeobs/training.py takes one optimizer update per batch (no gradient accumulation)"", ""actual_optimizer_updates"": ""unknown: no optimizer step counter in the credited receipts"", ""batch_size/optimizer/schedule"": ""resolved.yaml of the released model (digest bound to the verification index)"", ""completed_epochs"": ""prediction_verification index actual_epochs (history entries of the credited checkpoint)"", ""planned_epochs"": ""index.cohort_evidence.planned_epochs"", ""segment_note"": null, ""stop_reason"": ""no stop reason recorded"", ""training_status"": ""archived health.status""}"
train-26af1bb7291b7001,interrupted_or_recovered,,reaction_diffusion,pino,rollout,random_80pct,20260804,2ab872337dd2ef9cc8ddfe085d0a3f87a37021f86057715467219757e5b73d87,2461f3788bce5c8a1c3866976c051299ecc48df39a4f312c640741aa8adf82ed,3d5c98eba6e424fc0de92fa5656e34b7b9d15b5f7bd021c245a4fbdff43c6a38,adam,0.001,0.0,step,"{""scheduler_gamma"": 0.5, ""scheduler_step_size"": 100}",1.0,4,1,1,False,500,391,unknown,175950,unknown,703800,fixed_500_epochs_last_checkpoint (original protocol; derived from planned epochs and no early stopping),unknown,unknown,"complete_valid (nine strict blocks, 200 identities each)",<COMMIT-1>,2026-09-25 (pdeobs-prediction-verification/20260925-v1),"{""actual_examples_processed"": ""derived: completed epochs x 1800 training records; code: src/pdeobs/runner.py::_loader batches the 1800 training records without drop_last in one process; src/pdeobs/training.py takes one optimizer update per batch (no gradient accumulation)"", ""actual_optimizer_updates"": ""unknown: no optimizer step counter in the credited receipts"", ""batch_size/optimizer/schedule"": ""resolved.yaml of the released model (digest bound to the verification index)"", ""completed_epochs"": ""prediction_verification index actual_epochs (history entries of the credited checkpoint)"", ""planned_epochs"": ""index.cohort_evidence.planned_epochs"", ""segment_note"": null, ""stop_reason"": ""no stop reason recorded"", ""training_status"": ""archived health.status""}"
train-9e21214fd51ecd39,original500_recovered,,reaction_diffusion,pino,rollout,vertical_lines_50pct,20260804,2ab872337dd2ef9cc8ddfe085d0a3f87a37021f86057715467219757e5b73d87,da02f67a5cd1855b45b94a39ce5cc152315103a9c082560aebcc44e9e13c36b7,9586ef7696f1a9519660a7ad58cdbb68056fe82f6498cf4c8cfb42ea331140fb,adam,0.001,0.0,step,"{""scheduler_gamma"": 0.5, ""scheduler_step_size"": 100}",1.0,4,1,1,False,500,500,225000,225000,equal,900000,pdeobs.dynamic-method-budget/2026-09-14-r3,max_epochs_500,completed,"complete_valid (nine strict blocks, 200 identities each)",<COMMIT-1>,2026-09-25 (pdeobs-prediction-verification/20260925-v1),"{""actual_examples_processed"": ""derived: completed epochs x 1800 training records; code: src/pdeobs/runner.py::_loader batches the 1800 training records without drop_last in one process; src/pdeobs/training.py takes one optimizer update per batch (no gradient accumulation)"", ""actual_optimizer_updates"": ""archived_campaign index health.optimizer_steps (health.json of the credited attempt)"", ""batch_size/optimizer/schedule"": ""resolved.yaml of the released model (digest bound to the verification index)"", ""completed_epochs"": ""prediction_verification index actual_epochs (history entries of the credited checkpoint)"", ""planned_epochs"": ""index.cohort_evidence.planned_epochs"", ""segment_note"": null, ""stop_reason"": ""derived: completed == planned == 500 and no early stopping configured"", ""training_status"": ""index.cohort_evidence.training_status""}"
train-190b8bc155a9ba3a,interrupted_or_recovered,,reaction_diffusion,transolver,rollout,block_observed_50pct,20260804,2ab872337dd2ef9cc8ddfe085d0a3f87a37021f86057715467219757e5b73d87,90bf2aa840561335a512655a952eef59c77dca94caa1870371451aedfac5fa4c,d5ddd620c31150342815b216fbb8a035a508a5c9ed708cc72d1b70d189234488,adamw,0.001,1e-05,one_cycle,"{""epochs"": 500, ""scheduler_anneal_strategy"": ""cos"", ""scheduler_div_factor"": 25.0, ""scheduler_final_div_factor"": 10000.0, ""scheduler_pct_start"": 0.3}",,2,1,1,False,500,35,unknown,31500,unknown,63000,fixed_500_epochs_last_checkpoint (original protocol; derived from planned epochs and no early stopping),unknown,unknown,"complete_valid (nine strict blocks, 200 identities each)",<COMMIT-1>,2026-09-25 (pdeobs-prediction-verification/20260925-v1),"{""actual_examples_processed"": ""derived: completed epochs x 1800 training records; code: src/pdeobs/runner.py::_loader batches the 1800 training records without drop_last in one process; src/pdeobs/training.py takes one optimizer update per batch (no gradient accumulation)"", ""actual_optimizer_updates"": ""unknown: no optimizer step counter in the credited receipts"", ""batch_size/optimizer/schedule"": ""resolved.yaml of the released model (digest bound to the verification index)"", ""completed_epochs"": ""prediction_verification index actual_epochs (history entries of the credited checkpoint)"", ""planned_epochs"": ""index.cohort_evidence.planned_epochs"", ""segment_note"": null, ""stop_reason"": ""no stop reason recorded"", ""training_status"": ""archived health.status""}"
train-d53155bdc9c902f8,fixed200_recovered,,reaction_diffusion,transolver,rollout,boundary_band_50pct,20260804,2ab872337dd2ef9cc8ddfe085d0a3f87a37021f86057715467219757e5b73d87,69b383f4cf72510acf1238e392bf996f63c9647a730194c22278e6c4cc087650,4373d9d1b8aae5a793d4a86a34c212509f24c0c75937c96b68f00aca0bdf8647,adamw,0.001,1e-05,one_cycle,"{""epochs"": 200, ""scheduler_anneal_strategy"": ""cos"", ""scheduler_div_factor"": 25.0, ""scheduler_final_div_factor"": 10000.0, ""scheduler_pct_start"": 0.3}",,2,1,1,False,200,200,180000,180000,equal,360000,pdeobs.dynamic-method-budget/2026-09-14-r3,unknown,completed,"complete_valid (nine strict blocks, 200 identities each)",<COMMIT-1>,2026-09-25 (pdeobs-prediction-verification/20260925-v1),"{""actual_examples_processed"": ""derived: completed epochs x 1800 training records; code: src/pdeobs/runner.py::_loader batches the 1800 training records without drop_last in one process; src/pdeobs/training.py takes one optimizer update per batch (no gradient accumulation)"", ""actual_optimizer_updates"": ""archived_campaign index health.optimizer_steps (health.json of the credited attempt)"", ""batch_size/optimizer/schedule"": ""resolved.yaml of the released model (digest bound to the verification index)"", ""completed_epochs"": ""prediction_verification index actual_epochs (history entries of the credited checkpoint)"", ""planned_epochs"": ""index.cohort_evidence.planned_epochs"", ""segment_note"": null, ""stop_reason"": ""no stop reason recorded"", ""training_status"": ""index.cohort_evidence.training_status""}"
train-5337043ed87b62bb,budget200_min120,,reaction_diffusion,transolver,rollout,clustered_50pct,20260804,2ab872337dd2ef9cc8ddfe085d0a3f87a37021f86057715467219757e5b73d87,f0f39477c2049b12ef5374b6a98d00e3107fae36a25e8066ac3e8691a740bbde,00a2725a43b6a6e6ba1d83864c26da42d69e9c6f0feba4fb4cfb007440b83c90,adamw,0.0005,1e-05,one_cycle,"{""epochs"": 200, ""scheduler_anneal_strategy"": ""cos"", ""scheduler_div_factor"": 25.0, ""scheduler_final_div_factor"": 10000.0, ""scheduler_pct_start"": 0.3}",1.0,2,1,1,False,200,200,180000,180000,equal,360000,pdeobs.max200-min120-then-train-data-patience10/20260920,max_epochs_200,completed,"complete_valid (nine strict blocks, 200 identities each)",<COMMIT-1>,2026-09-25 (pdeobs-prediction-verification/20260925-v1),"{""actual_examples_processed"": ""derived: completed epochs x 1800 training records; code: src/pdeobs/runner.py::_loader batches the 1800 training records without drop_last in one process; src/pdeobs/training.py takes one optimizer update per batch (no gradient accumulation)"", ""actual_optimizer_updates"": ""archived_campaign index health.optimizer_steps (health.json of the credited attempt)"", ""batch_size/optimizer/schedule"": ""resolved.yaml of the released model (digest bound to the verification index)"", ""completed_epochs"": ""prediction_verification index actual_epochs (history entries of the credited checkpoint)"", ""planned_epochs"": ""index.cohort_evidence.planned_epochs"", ""segment_note"": null, ""stop_reason"": ""index.stop_reason"", ""training_status"": ""index.cohort_evidence.training_status""}"
train-811f54ea64cb8803,budget200_min120,,reaction_diffusion,transolver,rollout,horizontal_lines_50pct,20260804,2ab872337dd2ef9cc8ddfe085d0a3f87a37021f86057715467219757e5b73d87,2aa10516b7edc65eabdfe3e51126512a63200f1c38a9022c596a4823987349a3,119feca79b52735cacd467122f9675930f78ebd5088f652f61264543c77eb0c9,adamw,0.0005,1e-05,one_cycle,"{""epochs"": 200, ""scheduler_anneal_strategy"": ""cos"", ""scheduler_div_factor"": 25.0, ""scheduler_final_div_factor"": 10000.0, ""scheduler_pct_start"": 0.3}",1.0,2,1,1,False,200,200,180000,180000,equal,360000,pdeobs.max200-min120-then-train-data-patience10/20260920,max_epochs_200,completed,"complete_valid (nine strict blocks, 200 identities each)",<COMMIT-1>,2026-09-25 (pdeobs-prediction-verification/20260925-v1),"{""actual_examples_processed"": ""derived: completed epochs x 1800 training records; code: src/pdeobs/runner.py::_loader batches the 1800 training records without drop_last in one process; src/pdeobs/training.py takes one optimizer update per batch (no gradient accumulation)"", ""actual_optimizer_updates"": ""archived_campaign index health.optimizer_steps (health.json of the credited attempt)"", ""batch_size/optimizer/schedule"": ""resolved.yaml of the released model (digest bound to the verification index)"", ""completed_epochs"": ""prediction_verification index actual_epochs (history entries of the credited checkpoint)"", ""planned_epochs"": ""index.cohort_evidence.planned_epochs"", ""segment_note"": null, ""stop_reason"": ""index.stop_reason"", ""training_status"": ""index.cohort_evidence.training_status""}"
train-820e7524ee7333ec,interrupted_or_recovered,,reaction_diffusion,transolver,rollout,line_sensors_50pct,20260804,2ab872337dd2ef9cc8ddfe085d0a3f87a37021f86057715467219757e5b73d87,93c76aa96c4f443dee12fbc56af2af4e2460ee0ca12a81f9493a36a516793e03,3d14898f0650cff1ac737dfe6f75831dfae927b1ea24ccba48271c7f7612ffe1,adamw,0.001,1e-05,one_cycle,"{""epochs"": 200, ""scheduler_anneal_strategy"": ""cos"", ""scheduler_div_factor"": 25.0, ""scheduler_final_div_factor"": 10000.0, ""scheduler_pct_start"": 0.3}",,2,1,1,False,200,47,42347,42300,more_than_completed_epochs,84600,pdeobs.dynamic-method-budget/2026-09-14-r3,unknown,failed,"complete_valid (nine strict blocks, 200 identities each)",<COMMIT-1>,2026-09-25 (pdeobs-prediction-verification/20260925-v1),"{""actual_examples_processed"": ""derived: completed epochs x 1800 training records; code: src/pdeobs/runner.py::_loader batches the 1800 training records without drop_last in one process; src/pdeobs/training.py takes one optimizer update per batch (no gradient accumulation)"", ""actual_optimizer_updates"": ""archived_campaign index health.optimizer_steps (health.json of the credited attempt)"", ""batch_size/optimizer/schedule"": ""resolved.yaml of the released model (digest bound to the verification index)"", ""completed_epochs"": ""prediction_verification index actual_epochs (history entries of the credited checkpoint)"", ""planned_epochs"": ""index.cohort_evidence.planned_epochs"", ""segment_note"": null, ""stop_reason"": ""no stop reason recorded"", ""training_status"": ""index.cohort_evidence.training_status""}"
train-13d44a14f04d318d,budget200_patience10_no_floor,,reaction_diffusion,transolver,rollout,random_50pct,20260804,2ab872337dd2ef9cc8ddfe085d0a3f87a37021f86057715467219757e5b73d87,1924940e1120d7df059eb085d578877745eb23fc2ec2f20f67525289a801d37f,b1b7c7540270231ecff494fd75a98b63b106c253e8fbba9dea570e840fc9f1af,adamw,0.001,1e-05,one_cycle,"{""epochs"": 200, ""scheduler_anneal_strategy"": ""cos"", ""scheduler_div_factor"": 25.0, ""scheduler_final_div_factor"": 10000.0, ""scheduler_pct_start"": 0.3}",,2,1,1,False,200,200,180000,180000,equal,360000,pdeobs.max200-train-data-patience10/20260920,max_epochs_200,completed,"complete_valid (nine strict blocks, 200 identities each)",<COMMIT-1>,2026-09-25 (pdeobs-prediction-verification/20260925-v1),"{""actual_examples_processed"": ""derived: completed epochs x 1800 training records; code: src/pdeobs/runner.py::_loader batches the 1800 training records without drop_last in one process; src/pdeobs/training.py takes one optimizer update per batch (no gradient accumulation)"", ""actual_optimizer_updates"": ""archived_campaign index health.optimizer_steps (health.json of the credited attempt)"", ""batch_size/optimizer/schedule"": ""resolved.yaml of the released model (digest bound to the verification index)"", ""completed_epochs"": ""prediction_verification index actual_epochs (history entries of the credited checkpoint)"", ""planned_epochs"": ""index.cohort_evidence.planned_epochs"", ""segment_note"": null, ""stop_reason"": ""index.stop_reason"", ""training_status"": ""index.cohort_evidence.training_status""}"
train-625b94f6970955a6,fixed200_recovered,,reaction_diffusion,transolver,rollout,random_65pct,20260804,2ab872337dd2ef9cc8ddfe085d0a3f87a37021f86057715467219757e5b73d87,adfa700032d125ade5627e805155eda424f0823657b37b29bb26ffd363873f12,7998b49f18ca4fe362b7f48ab559a7f109721821b7ae165e9e30c84c78c55770,adamw,0.001,1e-05,one_cycle,"{""epochs"": 200, ""scheduler_anneal_strategy"": ""cos"", ""scheduler_div_factor"": 25.0, ""scheduler_final_div_factor"": 10000.0, ""scheduler_pct_start"": 0.3}",,2,1,1,False,200,200,180000,180000,equal,360000,pdeobs.dynamic-method-budget/2026-09-14-r3,unknown,completed,"complete_valid (nine strict blocks, 200 identities each)",<COMMIT-1>,2026-09-25 (pdeobs-prediction-verification/20260925-v1),"{""actual_examples_processed"": ""derived: completed epochs x 1800 training records; code: src/pdeobs/runner.py::_loader batches the 1800 training records without drop_last in one process; src/pdeobs/training.py takes one optimizer update per batch (no gradient accumulation)"", ""actual_optimizer_updates"": ""archived_campaign index health.optimizer_steps (health.json of the credited attempt)"", ""batch_size/optimizer/schedule"": ""resolved.yaml of the released model (digest bound to the verification index)"", ""completed_epochs"": ""prediction_verification index actual_epochs (history entries of the credited checkpoint)"", ""planned_epochs"": ""index.cohort_evidence.planned_epochs"", ""segment_note"": null, ""stop_reason"": ""no stop reason recorded"", ""training_status"": ""index.cohort_evidence.training_status""}"
train-1ebac9c28fbbcee5,fixed200_recovered,,reaction_diffusion,transolver,rollout,random_80pct,20260804,2ab872337dd2ef9cc8ddfe085d0a3f87a37021f86057715467219757e5b73d87,600e2c8eefba2d0a0cd841078b250e4bd938b6fdae92ac2bab986c92cc47f6f0,49b2b104fcef849f5bce80fbad4779b393d37c02b76bce943fc0623a29064d6c,adamw,0.001,1e-05,one_cycle,"{""epochs"": 200, ""scheduler_anneal_strategy"": ""cos"", ""scheduler_div_factor"": 25.0, ""scheduler_final_div_factor"": 10000.0, ""scheduler_pct_start"": 0.3}",,2,1,1,False,200,200,180000,180000,equal,360000,pdeobs.dynamic-method-budget/2026-09-14-r3,unknown,completed,"complete_valid (nine strict blocks, 200 identities each)",<COMMIT-1>,2026-09-25 (pdeobs-prediction-verification/20260925-v1),"{""actual_examples_processed"": ""derived: completed epochs x 1800 training records; code: src/pdeobs/runner.py::_loader batches the 1800 training records without drop_last in one process; src/pdeobs/training.py takes one optimizer update per batch (no gradient accumulation)"", ""actual_optimizer_updates"": ""archived_campaign index health.optimizer_steps (health.json of the credited attempt)"", ""batch_size/optimizer/schedule"": ""resolved.yaml of the released model (digest bound to the verification index)"", ""completed_epochs"": ""prediction_verification index actual_epochs (history entries of the credited checkpoint)"", ""planned_epochs"": ""index.cohort_evidence.planned_epochs"", ""segment_note"": null, ""stop_reason"": ""no stop reason recorded"", ""training_status"": ""index.cohort_evidence.training_status""}"
train-bf9ab8b1471d4be0,fixed200_recovered,,reaction_diffusion,transolver,rollout,vertical_lines_50pct,20260804,2ab872337dd2ef9cc8ddfe085d0a3f87a37021f86057715467219757e5b73d87,b3564bfebbf1bd8e672649afd89fe40460e20e23eadde54c3d36b00c1bc86af8,a8b88f0625991dbf055f0fddda070c98915e8157e7e854a25111779d2417e795,adamw,0.001,1e-05,one_cycle,"{""epochs"": 200, ""scheduler_anneal_strategy"": ""cos"", ""scheduler_div_factor"": 25.0, ""scheduler_final_div_factor"": 10000.0, ""scheduler_pct_start"": 0.3}",,2,1,1,False,200,200,180000,180000,equal,360000,pdeobs.dynamic-method-budget/2026-09-14-r3,unknown,completed,"complete_valid (nine strict blocks, 200 identities each)",<COMMIT-1>,2026-09-25 (pdeobs-prediction-verification/20260925-v1),"{""actual_examples_processed"": ""derived: completed epochs x 1800 training records; code: src/pdeobs/runner.py::_loader batches the 1800 training records without drop_last in one process; src/pdeobs/training.py takes one optimizer update per batch (no gradient accumulation)"", ""actual_optimizer_updates"": ""archived_campaign index health.optimizer_steps (health.json of the credited attempt)"", ""batch_size/optimizer/schedule"": ""resolved.yaml of the released model (digest bound to the verification index)"", ""completed_epochs"": ""prediction_verification index actual_epochs (history entries of the credited checkpoint)"", ""planned_epochs"": ""index.cohort_evidence.planned_epochs"", ""segment_note"": null, ""stop_reason"": ""no stop reason recorded"", ""training_status"": ""index.cohort_evidence.training_status""}"
train-2c56bdb82f2658cd,original500_recovered,,reaction_diffusion,ufno_2d,rollout,block_observed_50pct,20260804,2ab872337dd2ef9cc8ddfe085d0a3f87a37021f86057715467219757e5b73d87,6ed24c1d35c97269269b2a475aa45594da9d3cca8a34c25dff6c36a937274328,53a88a8af186cfbd0a46a089cd23bac58a5a26d7d289ca2f220fd6c3c33b00ca,adam,0.001,0.0001,step,"{""scheduler_gamma"": 0.5, ""scheduler_step_size"": 100}",1.0,4,1,1,False,500,500,225000,225000,equal,900000,pdeobs.dynamic-method-budget/2026-09-14-r3,max_epochs_500,completed,"complete_valid (nine strict blocks, 200 identities each)",<COMMIT-1>,2026-09-25 (pdeobs-prediction-verification/20260925-v1),"{""actual_examples_processed"": ""derived: completed epochs x 1800 training records; code: src/pdeobs/runner.py::_loader batches the 1800 training records without drop_last in one process; src/pdeobs/training.py takes one optimizer update per batch (no gradient accumulation)"", ""actual_optimizer_updates"": ""archived_campaign index health.optimizer_steps (health.json of the credited attempt)"", ""batch_size/optimizer/schedule"": ""resolved.yaml of the released model (digest bound to the verification index)"", ""completed_epochs"": ""prediction_verification index actual_epochs (history entries of the credited checkpoint)"", ""planned_epochs"": ""index.cohort_evidence.planned_epochs"", ""segment_note"": null, ""stop_reason"": ""derived: completed == planned == 500 and no early stopping configured"", ""training_status"": ""index.cohort_evidence.training_status""}"
train-7e69971b4e77905b,original500_recovered,,reaction_diffusion,ufno_2d,rollout,boundary_band_50pct,20260804,2ab872337dd2ef9cc8ddfe085d0a3f87a37021f86057715467219757e5b73d87,721b11560092f5df6591bed271a27bff26cf53c7e375dd411ec8f4727aff82f6,873cdbc39a1fab70434bd55b19455292147f406602b1b45aac70e51c1f6f7b1d,adam,0.001,0.0001,step,"{""scheduler_gamma"": 0.5, ""scheduler_step_size"": 100}",1.0,4,1,1,False,500,500,225000,225000,equal,900000,pdeobs.dynamic-method-budget/2026-09-14-r3,max_epochs_500,completed,"complete_valid (nine strict blocks, 200 identities each)",<COMMIT-1>,2026-09-25 (pdeobs-prediction-verification/20260925-v1),"{""actual_examples_processed"": ""derived: completed epochs x 1800 training records; code: src/pdeobs/runner.py::_loader batches the 1800 training records without drop_last in one process; src/pdeobs/training.py takes one optimizer update per batch (no gradient accumulation)"", ""actual_optimizer_updates"": ""archived_campaign index health.optimizer_steps (health.json of the credited attempt)"", ""batch_size/optimizer/schedule"": ""resolved.yaml of the released model (digest bound to the verification index)"", ""completed_epochs"": ""prediction_verification index actual_epochs (history entries of the credited checkpoint)"", ""planned_epochs"": ""index.cohort_evidence.planned_epochs"", ""segment_note"": null, ""stop_reason"": ""derived: completed == planned == 500 and no early stopping configured"", ""training_status"": ""index.cohort_evidence.training_status""}"
train-75b0bc8d3a4dd3f9,original500_recovered,,reaction_diffusion,ufno_2d,rollout,clustered_50pct,20260804,2ab872337dd2ef9cc8ddfe085d0a3f87a37021f86057715467219757e5b73d87,cc20d7047f6164d0d5f27278ed72ff523aa03ab4937c74335c15068374b5b91e,fd6eebed60a552f2fa591874dd2f76dbd350e7051dff84e3a35505c7f911af9c,adam,0.001,0.0001,step,"{""scheduler_gamma"": 0.5, ""scheduler_step_size"": 100}",1.0,4,1,1,False,500,500,225000,225000,equal,900000,pdeobs.dynamic-method-budget/2026-09-14-r3,max_epochs_500,completed,"complete_valid (nine strict blocks, 200 identities each)",<COMMIT-1>,2026-09-25 (pdeobs-prediction-verification/20260925-v1),"{""actual_examples_processed"": ""derived: completed epochs x 1800 training records; code: src/pdeobs/runner.py::_loader batches the 1800 training records without drop_last in one process; src/pdeobs/training.py takes one optimizer update per batch (no gradient accumulation)"", ""actual_optimizer_updates"": ""archived_campaign index health.optimizer_steps (health.json of the credited attempt)"", ""batch_size/optimizer/schedule"": ""resolved.yaml of the released model (digest bound to the verification index)"", ""completed_epochs"": ""prediction_verification index actual_epochs (history entries of the credited checkpoint)"", ""planned_epochs"": ""index.cohort_evidence.planned_epochs"", ""segment_note"": null, ""stop_reason"": ""derived: completed == planned == 500 and no early stopping configured"", ""training_status"": ""index.cohort_evidence.training_status""}"
train-c984882f517cb365,original500_recovered,,reaction_diffusion,ufno_2d,rollout,horizontal_lines_50pct,20260804,2ab872337dd2ef9cc8ddfe085d0a3f87a37021f86057715467219757e5b73d87,c05ac6c8a4244f725915c6a338592ff849dd2171e231ccec164535ae6aac5788,c799cfcd979aee461a0da4918a6064aceefa60a1867ec5203bd0be22b3b6b57f,adam,0.001,0.0001,step,"{""scheduler_gamma"": 0.5, ""scheduler_step_size"": 100}",1.0,4,1,1,False,500,500,225000,225000,equal,900000,pdeobs.dynamic-method-budget/2026-09-14-r3,max_epochs_500,completed,"complete_valid (nine strict blocks, 200 identities each)",<COMMIT-1>,2026-09-25 (pdeobs-prediction-verification/20260925-v1),"{""actual_examples_processed"": ""derived: completed epochs x 1800 training records; code: src/pdeobs/runner.py::_loader batches the 1800 training records without drop_last in one process; src/pdeobs/training.py takes one optimizer update per batch (no gradient accumulation)"", ""actual_optimizer_updates"": ""archived_campaign index health.optimizer_steps (health.json of the credited attempt)"", ""batch_size/optimizer/schedule"": ""resolved.yaml of the released model (digest bound to the verification index)"", ""completed_epochs"": ""prediction_verification index actual_epochs (history entries of the credited checkpoint)"", ""planned_epochs"": ""index.cohort_evidence.planned_epochs"", ""segment_note"": null, ""stop_reason"": ""derived: completed == planned == 500 and no early stopping configured"", ""training_status"": ""index.cohort_evidence.training_status""}"
train-4d5a684b201efbd5,original500_recovered,,reaction_diffusion,ufno_2d,rollout,line_sensors_50pct,20260804,2ab872337dd2ef9cc8ddfe085d0a3f87a37021f86057715467219757e5b73d87,da6588787012d827711bfd24707ce4535a17abb2900f3f7b9b16484d7511c876,e51233da68dc3275d76364f4806f53dbd0c5e53031b0fa09c3c60bd700d53f70,adam,0.001,0.0001,step,"{""scheduler_gamma"": 0.5, ""scheduler_step_size"": 100}",1.0,4,1,1,False,500,500,225000,225000,equal,900000,pdeobs.dynamic-method-budget/2026-09-14-r3,max_epochs_500,completed,"complete_valid (nine strict blocks, 200 identities each)",<COMMIT-1>,2026-09-25 (pdeobs-prediction-verification/20260925-v1),"{""actual_examples_processed"": ""derived: completed epochs x 1800 training records; code: src/pdeobs/runner.py::_loader batches the 1800 training records without drop_last in one process; src/pdeobs/training.py takes one optimizer update per batch (no gradient accumulation)"", ""actual_optimizer_updates"": ""archived_campaign index health.optimizer_steps (health.json of the credited attempt)"", ""batch_size/optimizer/schedule"": ""resolved.yaml of the released model (digest bound to the verification index)"", ""completed_epochs"": ""prediction_verification index actual_epochs (history entries of the credited checkpoint)"", ""planned_epochs"": ""index.cohort_evidence.planned_epochs"", ""segment_note"": null, ""stop_reason"": ""derived: completed == planned == 500 and no early stopping configured"", ""training_status"": ""index.cohort_evidence.training_status""}"
train-c9232e2ca06fa90d,original500,,reaction_diffusion,ufno_2d,rollout,random_50pct,20260804,2ab872337dd2ef9cc8ddfe085d0a3f87a37021f86057715467219757e5b73d87,7edf981398a5f8bca118cb28521ab3d5d15152296cc7dab4385c28238a98ca66,f03dc04f02e35ea0556cb225f800be5ea7c552d536744e62753f8023d5a1758e,adam,0.001,0.0001,step,"{""scheduler_gamma"": 0.5, ""scheduler_step_size"": 100}",1.0,4,1,1,False,500,500,225000,225000,equal,900000,fixed_500_epochs_last_checkpoint (original protocol; derived from planned epochs and no early stopping),max_epochs_500,completed,"complete_valid (nine strict blocks, 200 identities each)",<COMMIT-1>,2026-09-25 (pdeobs-prediction-verification/20260925-v1),"{""actual_examples_processed"": ""derived: completed epochs x 1800 training records; code: src/pdeobs/runner.py::_loader batches the 1800 training records without drop_last in one process; src/pdeobs/training.py takes one optimizer update per batch (no gradient accumulation)"", ""actual_optimizer_updates"": ""archived_campaign index health.optimizer_steps (health.json of the credited attempt)"", ""batch_size/optimizer/schedule"": ""resolved.yaml of the released model (digest bound to the verification index)"", ""completed_epochs"": ""prediction_verification index actual_epochs (history entries of the credited checkpoint)"", ""planned_epochs"": ""index.cohort_evidence.planned_epochs"", ""segment_note"": null, ""stop_reason"": ""derived: completed == planned == 500 and no early stopping configured"", ""training_status"": ""index.cohort_evidence.training_status""}"
train-81efa2d789b0a7c9,original500,,reaction_diffusion,ufno_2d,rollout,random_65pct,20260804,2ab872337dd2ef9cc8ddfe085d0a3f87a37021f86057715467219757e5b73d87,7e1ea0e875699595dbed8aec0546ca8aefa2d67e379bd07494bdc457300789bf,c43a9e0574247515da8b3d832fec50816a2e70fd887dc262785d8315b5199733,adam,0.001,0.0001,step,"{""scheduler_gamma"": 0.5, ""scheduler_step_size"": 100}",1.0,4,1,1,False,500,500,225000,225000,equal,900000,fixed_500_epochs_last_checkpoint (original protocol; derived from planned epochs and no early stopping),max_epochs_500,completed,"complete_valid (nine strict blocks, 200 identities each)",<COMMIT-1>,2026-09-25 (pdeobs-prediction-verification/20260925-v1),"{""actual_examples_processed"": ""derived: completed epochs x 1800 training records; code: src/pdeobs/runner.py::_loader batches the 1800 training records without drop_last in one process; src/pdeobs/training.py takes one optimizer update per batch (no gradient accumulation)"", ""actual_optimizer_updates"": ""archived_campaign index health.optimizer_steps (health.json of the credited attempt)"", ""batch_size/optimizer/schedule"": ""resolved.yaml of the released model (digest bound to the verification index)"", ""completed_epochs"": ""prediction_verification index actual_epochs (history entries of the credited checkpoint)"", ""planned_epochs"": ""index.cohort_evidence.planned_epochs"", ""segment_note"": null, ""stop_reason"": ""derived: completed == planned == 500 and no early stopping configured"", ""training_status"": ""index.cohort_evidence.training_status""}"
train-44772d585cac45e8,original500,,reaction_diffusion,ufno_2d,rollout,random_80pct,20260804,2ab872337dd2ef9cc8ddfe085d0a3f87a37021f86057715467219757e5b73d87,8f63202736bdcf09c469d95ce8b6f6ea36f547d1783a3bd4dde9971e02041484,185493f588c52f05e4480bedcc213b3bfdb667423ec22c173891b387e0c2fc0e,adam,0.001,0.0001,step,"{""scheduler_gamma"": 0.5, ""scheduler_step_size"": 100}",1.0,4,1,1,False,500,500,225000,225000,equal,900000,fixed_500_epochs_last_checkpoint (original protocol; derived from planned epochs and no early stopping),max_epochs_500,completed,"complete_valid (nine strict blocks, 200 identities each)",<COMMIT-1>,2026-09-25 (pdeobs-prediction-verification/20260925-v1),"{""actual_examples_processed"": ""derived: completed epochs x 1800 training records; code: src/pdeobs/runner.py::_loader batches the 1800 training records without drop_last in one process; src/pdeobs/training.py takes one optimizer update per batch (no gradient accumulation)"", ""actual_optimizer_updates"": ""archived_campaign index health.optimizer_steps (health.json of the credited attempt)"", ""batch_size/optimizer/schedule"": ""resolved.yaml of the released model (digest bound to the verification index)"", ""completed_epochs"": ""prediction_verification index actual_epochs (history entries of the credited checkpoint)"", ""planned_epochs"": ""index.cohort_evidence.planned_epochs"", ""segment_note"": null, ""stop_reason"": ""derived: completed == planned == 500 and no early stopping configured"", ""training_status"": ""index.cohort_evidence.training_status""}"
train-fce95bb36ebb7d7b,original500_recovered,,reaction_diffusion,ufno_2d,rollout,vertical_lines_50pct,20260804,2ab872337dd2ef9cc8ddfe085d0a3f87a37021f86057715467219757e5b73d87,c99b38b095efd6620ca13a0defb4d6b99fe3b9ce76eca61c26f506c65a044fef,7fae492ca027214f97b22edac32fa97c2e53e7642bd6800b989cf1bcb79c2907,adam,0.001,0.0001,step,"{""scheduler_gamma"": 0.5, ""scheduler_step_size"": 100}",1.0,4,1,1,False,500,500,225000,225000,equal,900000,pdeobs.dynamic-method-budget/2026-09-14-r3,max_epochs_500,completed,"complete_valid (nine strict blocks, 200 identities each)",<COMMIT-1>,2026-09-25 (pdeobs-prediction-verification/20260925-v1),"{""actual_examples_processed"": ""derived: completed epochs x 1800 training records; code: src/pdeobs/runner.py::_loader batches the 1800 training records without drop_last in one process; src/pdeobs/training.py takes one optimizer update per batch (no gradient accumulation)"", ""actual_optimizer_updates"": ""archived_campaign index health.optimizer_steps (health.json of the credited attempt)"", ""batch_size/optimizer/schedule"": ""resolved.yaml of the released model (digest bound to the verification index)"", ""completed_epochs"": ""prediction_verification index actual_epochs (history entries of the credited checkpoint)"", ""planned_epochs"": ""index.cohort_evidence.planned_epochs"", ""segment_note"": null, ""stop_reason"": ""derived: completed == planned == 500 and no early stopping configured"", ""training_status"": ""index.cohort_evidence.training_status""}"
